[Fri Aug 21 17:58:55 CST 2026] OK tunel vivo: https://communities-remind-agree-physicians.trycloudflare.com
[Fri Aug 21 18:00:22 CST 2026] OK tunel vivo: https://communities-remind-agree-physicians.trycloudflare.com
[Fri Aug 21 18:02:23 CST 2026] OK tunel vivo: https://communities-remind-agree-physicians.trycloudflare.com
[Fri Aug 21 18:04:25 CST 2026] TUNEL CAIDO (https://communities-remind-agree-physicians.trycloudflare.com). Relanzando monitor...
[Fri Aug 21 18:04:27 CST 2026] Monitor relanzado (pid 72921)
[Fri Aug 21 18:06:29 CST 2026] TUNEL CAIDO (https://compete-uniprotkb-href-advise.trycloudflare.com). Relanzando monitor...
[Fri Aug 21 18:06:31 CST 2026] Monitor relanzado (pid 73683)
[Fri Aug 21 18:08:25 CST 2026] TUNEL CAIDO (https://synthetic-movement-visual-cheque.trycloudflare.com). Relanzando monitor...
[Fri Aug 21 18:08:27 CST 2026] Monitor relanzado (pid 74395)
[Fri Aug 21 18:10:26 CST 2026] TUNEL CAIDO (https://rules-bosnia-url-separately.trycloudflare.com). Relanzando monitor...
[Fri Aug 21 18:10:28 CST 2026] Monitor relanzado (pid 74643)
[Fri Aug 21 18:12:30 CST 2026] OK tunel vivo: https://colleague-webmasters-ensemble-fishing.trycloudflare.com
[Fri Aug 21 18:14:26 CST 2026] OK tunel vivo: https://colleague-webmasters-ensemble-fishing.trycloudflare.com
[Fri Aug 21 18:16:30 CST 2026] TUNEL CAIDO (https://colleague-webmasters-ensemble-fishing.trycloudflare.com). Relanzando monitor...
[Fri Aug 21 18:16:32 CST 2026] Monitor relanzado (pid 75764)
[Fri Aug 21 18:18:30 CST 2026] OK tunel vivo: https://observer-fascinating-silk-financial.trycloudflare.com
[Fri Aug 21 18:20:27 CST 2026] TUNEL CAIDO (https://observer-fascinating-silk-financial.trycloudflare.com). Relanzando monitor...
[Fri Aug 21 18:20:29 CST 2026] Monitor relanzado (pid 76237)
[Fri Aug 21 18:22:28 CST 2026] OK tunel vivo: https://satin-costumes-bluetooth-grand.trycloudflare.com
[Fri Aug 21 18:24:27 CST 2026] OK tunel vivo: https://satin-costumes-bluetooth-grand.trycloudflare.com
[Fri Aug 21 18:26:26 CST 2026] OK tunel vivo: https://satin-costumes-bluetooth-grand.trycloudflare.com
[Fri Aug 21 18:28:26 CST 2026] OK tunel vivo: https://satin-costumes-bluetooth-grand.trycloudflare.com
[Fri Aug 21 18:30:25 CST 2026] OK tunel vivo: https://satin-costumes-bluetooth-grand.trycloudflare.com
[Fri Aug 21 18:32:26 CST 2026] OK tunel vivo: https://satin-costumes-bluetooth-grand.trycloudflare.com
[Fri Aug 21 18:34:18 CST 2026] OK tunel vivo: https://satin-costumes-bluetooth-grand.trycloudflare.com
[Fri Aug 21 18:36:28 CST 2026] OK tunel vivo: https://satin-costumes-bluetooth-grand.trycloudflare.com
[Fri Aug 21 18:38:27 CST 2026] TUNEL CAIDO (https://satin-costumes-bluetooth-grand.trycloudflare.com). Relanzando monitor...
[Fri Aug 21 18:38:29 CST 2026] Monitor relanzado (pid 79085)
[Fri Aug 21 18:40:31 CST 2026] TUNEL CAIDO (https://quad-settlement-fare-crossword.trycloudflare.com). Relanzando monitor...
[Fri Aug 21 18:40:33 CST 2026] Monitor relanzado (pid 80647)
[Fri Aug 21 18:42:30 CST 2026] TUNEL CAIDO (https://allowing-lite-webcams-retail.trycloudflare.com). Relanzando monitor...
[Fri Aug 21 18:42:32 CST 2026] Monitor relanzado (pid 80997)
[Fri Aug 21 18:44:30 CST 2026] TUNEL CAIDO (https://clark-donations-signed-photograph.trycloudflare.com). Relanzando monitor...
[Fri Aug 21 18:44:33 CST 2026] Monitor relanzado (pid 81445)
[Fri Aug 21 18:46:28 CST 2026] TUNEL CAIDO (https://organizational-gamma-dressing-join.trycloudflare.com). Relanzando monitor...
[Fri Aug 21 18:46:30 CST 2026] Monitor relanzado (pid 81686)
[Fri Aug 21 18:48:29 CST 2026] TUNEL CAIDO (https://track-marker-isa-charms.trycloudflare.com). Relanzando monitor...
[Fri Aug 21 18:48:31 CST 2026] Monitor relanzado (pid 81930)
[Fri Aug 21 18:50:32 CST 2026] TUNEL CAIDO (https://filing-log-dose-telecommunications.trycloudflare.com). Relanzando monitor...
[Fri Aug 21 18:50:34 CST 2026] Monitor relanzado (pid 82235)
[Fri Aug 21 18:52:29 CST 2026] TUNEL CAIDO (https://can-trivia-kay-kid.trycloudflare.com). Relanzando monitor...
[Fri Aug 21 18:52:31 CST 2026] Monitor relanzado (pid 82439)
[Fri Aug 21 18:54:34 CST 2026] TUNEL CAIDO (https://welding-structural-stood-tunnel.trycloudflare.com). Relanzando monitor...
[Fri Aug 21 18:54:37 CST 2026] Monitor relanzado (pid 83904)
[Fri Aug 21 18:58:29 CST 2026] TUNEL CAIDO (https://bottle-march-resistant-surge.trycloudflare.com). Relanzando monitor...
[Fri Aug 21 18:58:31 CST 2026] Monitor relanzado (pid 84817)
[Fri Aug 21 19:00:25 CST 2026] OK tunel vivo: https://illinois-lover-dollars-shower.trycloudflare.com
[Fri Aug 21 19:02:29 CST 2026] OK tunel vivo: https://illinois-lover-dollars-shower.trycloudflare.com
[Fri Aug 21 19:04:31 CST 2026] TUNEL CAIDO (https://illinois-lover-dollars-shower.trycloudflare.com). Relanzando monitor...
[Fri Aug 21 19:04:34 CST 2026] Monitor relanzado (pid 85277)
[Fri Aug 21 19:06:28 CST 2026] OK tunel vivo: https://cheapest-visitors-internationally-specialists.trycloudflare.com
[Fri Aug 21 19:08:34 CST 2026] TUNEL CAIDO (https://cheapest-visitors-internationally-specialists.trycloudflare.com). Relanzando monitor...
[Fri Aug 21 19:08:37 CST 2026] Monitor relanzado (pid 85610)
[Fri Aug 21 19:10:27 CST 2026] OK tunel vivo: https://minus-minister-liquid-worth.trycloudflare.com
[Fri Aug 21 19:12:32 CST 2026] TUNEL CAIDO (https://minus-minister-liquid-worth.trycloudflare.com). Relanzando monitor...
[Fri Aug 21 19:12:34 CST 2026] Monitor relanzado (pid 85908)
[Fri Aug 21 19:14:32 CST 2026] OK tunel vivo: https://photographic-host-appliance-brooks.trycloudflare.com
[Fri Aug 21 19:16:26 CST 2026] OK tunel vivo: https://photographic-host-appliance-brooks.trycloudflare.com
[Fri Aug 21 19:18:29 CST 2026] OK tunel vivo: https://photographic-host-appliance-brooks.trycloudflare.com
[Fri Aug 21 19:20:32 CST 2026] TUNEL CAIDO (https://photographic-host-appliance-brooks.trycloudflare.com). Relanzando monitor...
[Fri Aug 21 19:20:34 CST 2026] Monitor relanzado (pid 86894)
[Fri Aug 21 19:22:30 CST 2026] TUNEL CAIDO (https://dryer-toe-learners-possible.trycloudflare.com). Relanzando monitor...
[Fri Aug 21 19:22:33 CST 2026] Monitor relanzado (pid 87309)
[Fri Aug 21 19:24:30 CST 2026] TUNEL CAIDO (https://carpet-retailers-gibson-announcement.trycloudflare.com). Relanzando monitor...
[Fri Aug 21 19:24:32 CST 2026] Monitor relanzado (pid 87624)
[Fri Aug 21 19:26:31 CST 2026] TUNEL CAIDO (https://likes-toolkit-more-hence.trycloudflare.com). Relanzando monitor...
[Fri Aug 21 19:26:33 CST 2026] Monitor relanzado (pid 88419)
[Fri Aug 21 19:28:30 CST 2026] TUNEL CAIDO (https://hottest-scout-skip-witnesses.trycloudflare.com). Relanzando monitor...
[Fri Aug 21 19:28:32 CST 2026] Monitor relanzado (pid 88758)
[Fri Aug 21 19:30:35 CST 2026] TUNEL CAIDO (https://univ-scenes-sort-eligible.trycloudflare.com). Relanzando monitor...
[Fri Aug 21 19:30:37 CST 2026] Monitor relanzado (pid 92298)
[Fri Aug 21 19:32:36 CST 2026] TUNEL CAIDO (https://burlington-operator-january-deutsche.trycloudflare.com). Relanzando monitor...
[Fri Aug 21 19:32:38 CST 2026] Monitor relanzado (pid 92958)
[Fri Aug 21 19:34:31 CST 2026] OK tunel vivo: https://spreading-valuable-reviewer-background.trycloudflare.com
[Fri Aug 21 19:36:34 CST 2026] OK tunel vivo: https://spreading-valuable-reviewer-background.trycloudflare.com
[Fri Aug 21 19:38:27 CST 2026] OK tunel vivo: https://spreading-valuable-reviewer-background.trycloudflare.com
[Fri Aug 21 19:40:29 CST 2026] OK tunel vivo: https://spreading-valuable-reviewer-background.trycloudflare.com
[Fri Aug 21 19:42:36 CST 2026] OK tunel vivo: https://spreading-valuable-reviewer-background.trycloudflare.com
[Fri Aug 21 19:44:27 CST 2026] OK tunel vivo: https://spreading-valuable-reviewer-background.trycloudflare.com
[Fri Aug 21 19:46:32 CST 2026] OK tunel vivo: https://spreading-valuable-reviewer-background.trycloudflare.com
[Fri Aug 21 19:48:28 CST 2026] OK tunel vivo: https://spreading-valuable-reviewer-background.trycloudflare.com
[Fri Aug 21 19:50:23 CST 2026] OK tunel vivo: https://spreading-valuable-reviewer-background.trycloudflare.com
[Fri Aug 21 19:52:26 CST 2026] OK tunel vivo: https://spreading-valuable-reviewer-background.trycloudflare.com
[Fri Aug 21 19:54:27 CST 2026] OK tunel vivo: https://spreading-valuable-reviewer-background.trycloudflare.com
[Fri Aug 21 19:56:28 CST 2026] OK tunel vivo: https://spreading-valuable-reviewer-background.trycloudflare.com
[Fri Aug 21 19:58:25 CST 2026] OK tunel vivo: https://spreading-valuable-reviewer-background.trycloudflare.com
[Fri Aug 21 20:00:26 CST 2026] OK tunel vivo: https://spreading-valuable-reviewer-background.trycloudflare.com
[Fri Aug 21 20:02:26 CST 2026] OK tunel vivo: https://spreading-valuable-reviewer-background.trycloudflare.com
[Fri Aug 21 20:04:26 CST 2026] OK tunel vivo: https://spreading-valuable-reviewer-background.trycloudflare.com
[Fri Aug 21 20:06:33 CST 2026] OK tunel vivo: https://spreading-valuable-reviewer-background.trycloudflare.com
[Fri Aug 21 20:08:29 CST 2026] OK tunel vivo: https://spreading-valuable-reviewer-background.trycloudflare.com
[Fri Aug 21 20:10:33 CST 2026] TUNEL CAIDO (https://spreading-valuable-reviewer-background.trycloudflare.com). Relanzando monitor...
[Fri Aug 21 20:10:35 CST 2026] Monitor relanzado (pid 98254)
[Fri Aug 21 20:12:28 CST 2026] OK tunel vivo: https://perfect-mobiles-nato-namespace.trycloudflare.com
[Fri Aug 21 20:14:26 CST 2026] OK tunel vivo: https://perfect-mobiles-nato-namespace.trycloudflare.com
[Fri Aug 21 20:16:28 CST 2026] OK tunel vivo: https://perfect-mobiles-nato-namespace.trycloudflare.com
[Fri Aug 21 20:18:27 CST 2026] OK tunel vivo: https://perfect-mobiles-nato-namespace.trycloudflare.com
[Fri Aug 21 20:20:32 CST 2026] OK tunel vivo: https://perfect-mobiles-nato-namespace.trycloudflare.com
[Fri Aug 21 20:22:31 CST 2026] OK tunel vivo: https://perfect-mobiles-nato-namespace.trycloudflare.com
[Fri Aug 21 20:24:29 CST 2026] OK tunel vivo: https://perfect-mobiles-nato-namespace.trycloudflare.com
[Fri Aug 21 20:26:35 CST 2026] OK tunel vivo: https://perfect-mobiles-nato-namespace.trycloudflare.com
[Fri Aug 21 20:28:38 CST 2026] TUNEL CAIDO (https://perfect-mobiles-nato-namespace.trycloudflare.com). Relanzando monitor...
[Fri Aug 21 20:28:40 CST 2026] Monitor relanzado (pid 99526)
[Fri Aug 21 20:30:31 CST 2026] OK tunel vivo: https://buf-board-drives-introduces.trycloudflare.com
[Fri Aug 21 20:32:35 CST 2026] OK tunel vivo: https://buf-board-drives-introduces.trycloudflare.com
[Fri Aug 21 20:34:28 CST 2026] OK tunel vivo: https://buf-board-drives-introduces.trycloudflare.com
[Fri Aug 21 20:36:31 CST 2026] OK tunel vivo: https://buf-board-drives-introduces.trycloudflare.com
[Fri Aug 21 20:38:31 CST 2026] OK tunel vivo: https://buf-board-drives-introduces.trycloudflare.com
[Fri Aug 21 20:40:28 CST 2026] OK tunel vivo: https://buf-board-drives-introduces.trycloudflare.com
[Fri Aug 21 20:42:29 CST 2026] OK tunel vivo: https://buf-board-drives-introduces.trycloudflare.com
[Fri Aug 21 20:44:29 CST 2026] OK tunel vivo: https://buf-board-drives-introduces.trycloudflare.com
[Fri Aug 21 20:48:04 CST 2026] OK tunel vivo: https://buf-board-drives-introduces.trycloudflare.com
[Fri Aug 21 20:50:30 CST 2026] OK tunel vivo: https://buf-board-drives-introduces.trycloudflare.com
[Fri Aug 21 20:54:28 CST 2026] OK tunel vivo: https://buf-board-drives-introduces.trycloudflare.com
[Fri Aug 21 20:56:34 CST 2026] TUNEL CAIDO (https://buf-board-drives-introduces.trycloudflare.com). Relanzando monitor...
[Fri Aug 21 20:56:36 CST 2026] Monitor relanzado (pid 1386)
[Fri Aug 21 20:58:33 CST 2026] OK tunel vivo: https://gore-moss-casino-episodes.trycloudflare.com
[Fri Aug 21 21:00:37 CST 2026] TUNEL CAIDO (https://gore-moss-casino-episodes.trycloudflare.com). Relanzando monitor...
[Fri Aug 21 21:00:39 CST 2026] Monitor relanzado (pid 1728)
[Fri Aug 21 21:02:38 CST 2026] TUNEL CAIDO (https://newsletters-geneva-harmony-stayed.trycloudflare.com). Relanzando monitor...
[Fri Aug 21 21:02:40 CST 2026] Monitor relanzado (pid 1918)
[Fri Aug 21 21:04:32 CST 2026] OK tunel vivo: https://going-demonstrated-quantities-cave.trycloudflare.com
[Fri Aug 21 21:06:34 CST 2026] OK tunel vivo: https://going-demonstrated-quantities-cave.trycloudflare.com
[Fri Aug 21 21:08:31 CST 2026] OK tunel vivo: https://going-demonstrated-quantities-cave.trycloudflare.com
[Fri Aug 21 21:10:33 CST 2026] OK tunel vivo: https://going-demonstrated-quantities-cave.trycloudflare.com
[Fri Aug 21 21:12:34 CST 2026] TUNEL CAIDO (https://going-demonstrated-quantities-cave.trycloudflare.com). Relanzando monitor...
[Fri Aug 21 21:12:36 CST 2026] Monitor relanzado (pid 2627)
[Fri Aug 21 21:14:35 CST 2026] OK tunel vivo: https://casinos-desire-kingston-flood.trycloudflare.com
[Fri Aug 21 21:16:37 CST 2026] OK tunel vivo: https://casinos-desire-kingston-flood.trycloudflare.com
[Fri Aug 21 21:18:28 CST 2026] OK tunel vivo: https://casinos-desire-kingston-flood.trycloudflare.com
[Fri Aug 21 21:20:40 CST 2026] TUNEL CAIDO (https://casinos-desire-kingston-flood.trycloudflare.com). Relanzando monitor...
[Fri Aug 21 21:20:42 CST 2026] Monitor relanzado (pid 3689)
[Fri Aug 21 21:22:33 CST 2026] OK tunel vivo: https://legendary-screenshots-pick-dragon.trycloudflare.com
[Fri Aug 21 21:24:30 CST 2026] OK tunel vivo: https://legendary-screenshots-pick-dragon.trycloudflare.com
[Fri Aug 21 21:26:34 CST 2026] OK tunel vivo: https://legendary-screenshots-pick-dragon.trycloudflare.com
[Fri Aug 21 21:28:30 CST 2026] OK tunel vivo: https://legendary-screenshots-pick-dragon.trycloudflare.com
[Fri Aug 21 21:30:35 CST 2026] OK tunel vivo: https://legendary-screenshots-pick-dragon.trycloudflare.com
[Fri Aug 21 21:32:31 CST 2026] OK tunel vivo: https://legendary-screenshots-pick-dragon.trycloudflare.com
[Fri Aug 21 21:34:35 CST 2026] OK tunel vivo: https://legendary-screenshots-pick-dragon.trycloudflare.com
[Fri Aug 21 21:36:35 CST 2026] OK tunel vivo: https://legendary-screenshots-pick-dragon.trycloudflare.com
[Fri Aug 21 21:38:34 CST 2026] OK tunel vivo: https://legendary-screenshots-pick-dragon.trycloudflare.com
[Fri Aug 21 21:40:38 CST 2026] OK tunel vivo: https://legendary-screenshots-pick-dragon.trycloudflare.com
[Fri Aug 21 21:42:32 CST 2026] OK tunel vivo: https://legendary-screenshots-pick-dragon.trycloudflare.com
[Fri Aug 21 21:44:33 CST 2026] OK tunel vivo: https://legendary-screenshots-pick-dragon.trycloudflare.com
[Fri Aug 21 21:46:31 CST 2026] OK tunel vivo: https://legendary-screenshots-pick-dragon.trycloudflare.com
[Fri Aug 21 21:48:37 CST 2026] OK tunel vivo: https://legendary-screenshots-pick-dragon.trycloudflare.com
[Fri Aug 21 21:50:33 CST 2026] OK tunel vivo: https://legendary-screenshots-pick-dragon.trycloudflare.com
[Fri Aug 21 21:52:36 CST 2026] OK tunel vivo: https://legendary-screenshots-pick-dragon.trycloudflare.com
[Fri Aug 21 21:54:37 CST 2026] OK tunel vivo: https://legendary-screenshots-pick-dragon.trycloudflare.com
[Fri Aug 21 21:56:32 CST 2026] OK tunel vivo: https://legendary-screenshots-pick-dragon.trycloudflare.com
[Fri Aug 21 21:58:39 CST 2026] OK tunel vivo: https://legendary-screenshots-pick-dragon.trycloudflare.com
[Fri Aug 21 22:00:37 CST 2026] OK tunel vivo: https://legendary-screenshots-pick-dragon.trycloudflare.com
[Fri Aug 21 22:02:36 CST 2026] OK tunel vivo: https://legendary-screenshots-pick-dragon.trycloudflare.com
[Fri Aug 21 22:04:33 CST 2026] OK tunel vivo: https://legendary-screenshots-pick-dragon.trycloudflare.com
[Fri Aug 21 22:06:38 CST 2026] OK tunel vivo: https://legendary-screenshots-pick-dragon.trycloudflare.com
[Fri Aug 21 22:08:31 CST 2026] OK tunel vivo: https://legendary-screenshots-pick-dragon.trycloudflare.com
[Fri Aug 21 22:10:35 CST 2026] OK tunel vivo: https://legendary-screenshots-pick-dragon.trycloudflare.com
[Fri Aug 21 22:12:33 CST 2026] OK tunel vivo: https://legendary-screenshots-pick-dragon.trycloudflare.com
[Fri Aug 21 22:14:35 CST 2026] OK tunel vivo: https://legendary-screenshots-pick-dragon.trycloudflare.com
[Fri Aug 21 22:16:38 CST 2026] OK tunel vivo: https://legendary-screenshots-pick-dragon.trycloudflare.com
[Fri Aug 21 22:18:37 CST 2026] OK tunel vivo: https://legendary-screenshots-pick-dragon.trycloudflare.com
[Fri Aug 21 22:20:36 CST 2026] OK tunel vivo: https://legendary-screenshots-pick-dragon.trycloudflare.com
[Fri Aug 21 22:22:37 CST 2026] TUNEL CAIDO (https://legendary-screenshots-pick-dragon.trycloudflare.com). Relanzando monitor...
[Fri Aug 21 22:22:39 CST 2026] Monitor relanzado (pid 12812)
[Fri Aug 21 22:24:36 CST 2026] OK tunel vivo: https://recently-manufacturing-writes-dealing.trycloudflare.com
[Fri Aug 21 22:26:39 CST 2026] OK tunel vivo: https://recently-manufacturing-writes-dealing.trycloudflare.com
[Fri Aug 21 22:28:34 CST 2026] OK tunel vivo: https://recently-manufacturing-writes-dealing.trycloudflare.com
[Fri Aug 21 22:30:34 CST 2026] OK tunel vivo: https://recently-manufacturing-writes-dealing.trycloudflare.com
[Fri Aug 21 22:32:37 CST 2026] TUNEL CAIDO (https://recently-manufacturing-writes-dealing.trycloudflare.com). Relanzando monitor...
[Fri Aug 21 22:32:39 CST 2026] Monitor relanzado (pid 13832)
[Fri Aug 21 22:34:39 CST 2026] OK tunel vivo: https://lbs-cnet-pre-pine.trycloudflare.com
[Fri Aug 21 22:36:34 CST 2026] OK tunel vivo: https://lbs-cnet-pre-pine.trycloudflare.com
[Fri Aug 21 22:38:38 CST 2026] OK tunel vivo: https://lbs-cnet-pre-pine.trycloudflare.com
[Fri Aug 21 22:40:35 CST 2026] OK tunel vivo: https://lbs-cnet-pre-pine.trycloudflare.com
[Fri Aug 21 22:42:35 CST 2026] OK tunel vivo: https://lbs-cnet-pre-pine.trycloudflare.com
[Fri Aug 21 22:44:39 CST 2026] TUNEL CAIDO (https://lbs-cnet-pre-pine.trycloudflare.com). Relanzando monitor...
[Fri Aug 21 22:44:41 CST 2026] Monitor relanzado (pid 16297)
[Fri Aug 21 22:46:36 CST 2026] OK tunel vivo: https://cab-shoot-acid-complications.trycloudflare.com
[Fri Aug 21 22:48:36 CST 2026] OK tunel vivo: https://cab-shoot-acid-complications.trycloudflare.com
[Fri Aug 21 22:50:34 CST 2026] OK tunel vivo: https://cab-shoot-acid-complications.trycloudflare.com
[Fri Aug 21 22:52:36 CST 2026] OK tunel vivo: https://cab-shoot-acid-complications.trycloudflare.com
[Fri Aug 21 22:54:34 CST 2026] OK tunel vivo: https://cab-shoot-acid-complications.trycloudflare.com
[Fri Aug 21 22:56:39 CST 2026] OK tunel vivo: https://cab-shoot-acid-complications.trycloudflare.com
[Fri Aug 21 22:58:37 CST 2026] OK tunel vivo: https://cab-shoot-acid-complications.trycloudflare.com
[Fri Aug 21 23:00:38 CST 2026] TUNEL CAIDO (https://cab-shoot-acid-complications.trycloudflare.com). Relanzando monitor...
[Fri Aug 21 23:00:40 CST 2026] Monitor relanzado (pid 17444)
[Fri Aug 21 23:02:37 CST 2026] OK tunel vivo: https://abstracts-lately-poultry-lead.trycloudflare.com
[Fri Aug 21 23:04:35 CST 2026] OK tunel vivo: https://abstracts-lately-poultry-lead.trycloudflare.com
[Fri Aug 21 23:06:35 CST 2026] OK tunel vivo: https://abstracts-lately-poultry-lead.trycloudflare.com
[Fri Aug 21 23:08:40 CST 2026] OK tunel vivo: https://abstracts-lately-poultry-lead.trycloudflare.com
[Fri Aug 21 23:10:40 CST 2026] TUNEL CAIDO (https://abstracts-lately-poultry-lead.trycloudflare.com). Relanzando monitor...
[Fri Aug 21 23:10:42 CST 2026] Monitor relanzado (pid 19209)
[Fri Aug 21 23:12:39 CST 2026] TUNEL CAIDO (https://comparable-sodium-greensboro-skiing.trycloudflare.com). Relanzando monitor...
[Fri Aug 21 23:12:41 CST 2026] Monitor relanzado (pid 19886)
[Fri Aug 21 23:14:41 CST 2026] TUNEL CAIDO (https://quite-quiz-architects-wants.trycloudflare.com). Relanzando monitor...
[Fri Aug 21 23:14:43 CST 2026] Monitor relanzado (pid 20102)
[Fri Aug 21 23:16:36 CST 2026] OK tunel vivo: https://structured-programmes-vast-activated.trycloudflare.com
[Fri Aug 21 23:18:37 CST 2026] OK tunel vivo: https://structured-programmes-vast-activated.trycloudflare.com
[Fri Aug 21 23:20:35 CST 2026] OK tunel vivo: https://structured-programmes-vast-activated.trycloudflare.com
[Fri Aug 21 23:22:36 CST 2026] OK tunel vivo: https://structured-programmes-vast-activated.trycloudflare.com
[Fri Aug 21 23:24:37 CST 2026] OK tunel vivo: https://structured-programmes-vast-activated.trycloudflare.com
[Fri Aug 21 23:26:40 CST 2026] TUNEL CAIDO (https://structured-programmes-vast-activated.trycloudflare.com). Relanzando monitor...
[Fri Aug 21 23:26:42 CST 2026] Monitor relanzado (pid 21050)
[Fri Aug 21 23:28:38 CST 2026] OK tunel vivo: https://july-stolen-prescribed-western.trycloudflare.com
[Fri Aug 21 23:30:39 CST 2026] OK tunel vivo: https://july-stolen-prescribed-western.trycloudflare.com
[Fri Aug 21 23:32:38 CST 2026] OK tunel vivo: https://july-stolen-prescribed-western.trycloudflare.com
[Fri Aug 21 23:34:38 CST 2026] OK tunel vivo: https://july-stolen-prescribed-western.trycloudflare.com
[Fri Aug 21 23:36:38 CST 2026] OK tunel vivo: https://july-stolen-prescribed-western.trycloudflare.com
[Fri Aug 21 23:38:39 CST 2026] OK tunel vivo: https://july-stolen-prescribed-western.trycloudflare.com
[Fri Aug 21 23:40:44 CST 2026] TUNEL CAIDO (https://july-stolen-prescribed-western.trycloudflare.com). Relanzando monitor...
[Fri Aug 21 23:40:46 CST 2026] Monitor relanzado (pid 22092)
[Fri Aug 21 23:42:43 CST 2026] OK tunel vivo: https://contemporary-earlier-constitution-fraser.trycloudflare.com
[Fri Aug 21 23:44:42 CST 2026] TUNEL CAIDO (https://contemporary-earlier-constitution-fraser.trycloudflare.com). Relanzando monitor...
[Fri Aug 21 23:44:44 CST 2026] Monitor relanzado (pid 22932)
[Fri Aug 21 23:46:43 CST 2026] TUNEL CAIDO (https://fancy-costumes-conf-sara.trycloudflare.com). Relanzando monitor...
[Fri Aug 21 23:46:45 CST 2026] Monitor relanzado (pid 23660)
[Fri Aug 21 23:48:42 CST 2026] OK tunel vivo: https://bin-tagged-mounts-supplements.trycloudflare.com
[Fri Aug 21 23:50:40 CST 2026] OK tunel vivo: https://bin-tagged-mounts-supplements.trycloudflare.com
[Fri Aug 21 23:52:41 CST 2026] OK tunel vivo: https://bin-tagged-mounts-supplements.trycloudflare.com
[Fri Aug 21 23:54:42 CST 2026] OK tunel vivo: https://bin-tagged-mounts-supplements.trycloudflare.com
[Fri Aug 21 23:56:41 CST 2026] OK tunel vivo: https://bin-tagged-mounts-supplements.trycloudflare.com
[Fri Aug 21 23:58:43 CST 2026] OK tunel vivo: https://bin-tagged-mounts-supplements.trycloudflare.com
[Sat Aug 22 00:00:38 CST 2026] OK tunel vivo: https://bin-tagged-mounts-supplements.trycloudflare.com
[Sat Aug 22 00:02:44 CST 2026] TUNEL CAIDO (https://bin-tagged-mounts-supplements.trycloudflare.com). Relanzando monitor...
[Sat Aug 22 00:02:46 CST 2026] Monitor relanzado (pid 25380)
[Sat Aug 22 00:04:43 CST 2026] TUNEL CAIDO (https://featured-anti-requiring-clerk.trycloudflare.com). Relanzando monitor...
[Sat Aug 22 00:04:45 CST 2026] Monitor relanzado (pid 25627)
[Sat Aug 22 00:06:48 CST 2026] TUNEL CAIDO (https://installations-ivory-accommodation-possibility.trycloudflare.com). Relanzando monitor...
[Sat Aug 22 00:06:50 CST 2026] Monitor relanzado (pid 25879)
[Sat Aug 22 00:08:43 CST 2026] OK tunel vivo: https://sprint-speeds-menu-catering.trycloudflare.com
[Sat Aug 22 00:10:52 CST 2026] TUNEL CAIDO (https://sprint-speeds-menu-catering.trycloudflare.com). Relanzando monitor...
[Sat Aug 22 00:10:54 CST 2026] Monitor relanzado (pid 26379)
[Sat Aug 22 00:12:47 CST 2026] TUNEL CAIDO (https://millions-handed-promotion-woods.trycloudflare.com). Relanzando monitor...
[Sat Aug 22 00:12:49 CST 2026] Monitor relanzado (pid 26929)
[Sat Aug 22 00:14:46 CST 2026] TUNEL CAIDO (https://pit-seq-namespace-lets.trycloudflare.com). Relanzando monitor...
[Sat Aug 22 00:14:48 CST 2026] Monitor relanzado (pid 27115)
[Sat Aug 22 00:16:43 CST 2026] OK tunel vivo: https://should-cables-expert-drives.trycloudflare.com
[Sat Aug 22 00:18:46 CST 2026] OK tunel vivo: https://should-cables-expert-drives.trycloudflare.com
[Sat Aug 22 00:20:43 CST 2026] TUNEL CAIDO (https://should-cables-expert-drives.trycloudflare.com). Relanzando monitor...
[Sat Aug 22 00:20:45 CST 2026] Monitor relanzado (pid 27665)
[Sat Aug 22 00:22:47 CST 2026] TUNEL CAIDO (https://alpha-besides-focuses-specify.trycloudflare.com). Relanzando monitor...
[Sat Aug 22 00:22:49 CST 2026] Monitor relanzado (pid 27928)
[Sat Aug 22 00:24:43 CST 2026] TUNEL CAIDO (https://mpg-magic-matters-silly.trycloudflare.com). Relanzando monitor...
[Sat Aug 22 00:24:45 CST 2026] Monitor relanzado (pid 28133)
[Sat Aug 22 00:26:43 CST 2026] OK tunel vivo: https://acids-furnished-historic-any.trycloudflare.com
[Sat Aug 22 00:28:45 CST 2026] OK tunel vivo: https://acids-furnished-historic-any.trycloudflare.com
[Sat Aug 22 00:30:40 CST 2026] OK tunel vivo: https://acids-furnished-historic-any.trycloudflare.com
[Sat Aug 22 00:32:44 CST 2026] OK tunel vivo: https://acids-furnished-historic-any.trycloudflare.com
[Sat Aug 22 00:34:45 CST 2026] OK tunel vivo: https://acids-furnished-historic-any.trycloudflare.com
[Sat Aug 22 00:36:43 CST 2026] TUNEL CAIDO (https://acids-furnished-historic-any.trycloudflare.com). Relanzando monitor...
[Sat Aug 22 00:36:45 CST 2026] Monitor relanzado (pid 28907)
[Sat Aug 22 00:38:41 CST 2026] OK tunel vivo: https://weather-cards-consists-grad.trycloudflare.com
[Sat Aug 22 00:40:42 CST 2026] OK tunel vivo: https://weather-cards-consists-grad.trycloudflare.com
[Sat Aug 22 00:42:40 CST 2026] OK tunel vivo: https://weather-cards-consists-grad.trycloudflare.com
[Sat Aug 22 00:44:40 CST 2026] OK tunel vivo: https://weather-cards-consists-grad.trycloudflare.com
[Sat Aug 22 00:46:42 CST 2026] OK tunel vivo: https://weather-cards-consists-grad.trycloudflare.com
[Sat Aug 22 00:48:41 CST 2026] OK tunel vivo: https://weather-cards-consists-grad.trycloudflare.com
[Sat Aug 22 00:50:41 CST 2026] OK tunel vivo: https://weather-cards-consists-grad.trycloudflare.com
[Sat Aug 22 00:52:41 CST 2026] OK tunel vivo: https://weather-cards-consists-grad.trycloudflare.com
[Sat Aug 22 00:54:40 CST 2026] OK tunel vivo: https://weather-cards-consists-grad.trycloudflare.com
[Sat Aug 22 00:56:42 CST 2026] OK tunel vivo: https://weather-cards-consists-grad.trycloudflare.com
[Sat Aug 22 00:58:44 CST 2026] OK tunel vivo: https://weather-cards-consists-grad.trycloudflare.com
[Sat Aug 22 01:00:42 CST 2026] OK tunel vivo: https://weather-cards-consists-grad.trycloudflare.com
[Sat Aug 22 01:02:47 CST 2026] TUNEL CAIDO (https://weather-cards-consists-grad.trycloudflare.com). Relanzando monitor...
[Sat Aug 22 01:02:49 CST 2026] Monitor relanzado (pid 30635)
[Sat Aug 22 01:04:51 CST 2026] TUNEL CAIDO (https://benchmark-presentations-large-brave.trycloudflare.com). Relanzando monitor...
[Sat Aug 22 01:04:53 CST 2026] Monitor relanzado (pid 30838)
[Sat Aug 22 01:06:47 CST 2026] TUNEL CAIDO (https://than-jim-engine-licensed.trycloudflare.com). Relanzando monitor...
[Sat Aug 22 01:06:50 CST 2026] Monitor relanzado (pid 31022)
[Sat Aug 22 01:08:42 CST 2026] OK tunel vivo: https://imagination-yet-rolling-website.trycloudflare.com
[Sat Aug 22 01:10:45 CST 2026] TUNEL CAIDO (https://imagination-yet-rolling-website.trycloudflare.com). Relanzando monitor...
[Sat Aug 22 01:10:47 CST 2026] Monitor relanzado (pid 31369)
[Sat Aug 22 01:12:47 CST 2026] TUNEL CAIDO (https://connect-next-devices-disturbed.trycloudflare.com). Relanzando monitor...
[Sat Aug 22 01:12:50 CST 2026] Monitor relanzado (pid 31571)
[Sat Aug 22 01:14:43 CST 2026] OK tunel vivo: https://event-phase-opened-known.trycloudflare.com
[Sat Aug 22 01:16:44 CST 2026] OK tunel vivo: https://event-phase-opened-known.trycloudflare.com
[Sat Aug 22 01:18:44 CST 2026] OK tunel vivo: https://event-phase-opened-known.trycloudflare.com
[Sat Aug 22 01:20:44 CST 2026] OK tunel vivo: https://event-phase-opened-known.trycloudflare.com
[Sat Aug 22 01:22:50 CST 2026] TUNEL CAIDO (https://event-phase-opened-known.trycloudflare.com). Relanzando monitor...
[Sat Aug 22 01:22:52 CST 2026] Monitor relanzado (pid 32203)
[Sat Aug 22 01:24:44 CST 2026] TUNEL CAIDO (https://arab-readers-gas-cause.trycloudflare.com). Relanzando monitor...
[Sat Aug 22 01:24:46 CST 2026] Monitor relanzado (pid 32352)
[Sat Aug 22 01:26:45 CST 2026] TUNEL CAIDO (https://quiz-difficulties-shade-verbal.trycloudflare.com). Relanzando monitor...
[Sat Aug 22 01:26:47 CST 2026] Monitor relanzado (pid 32544)
[Sat Aug 22 01:28:46 CST 2026] OK tunel vivo: https://midi-mpegs-discount-interesting.trycloudflare.com
[Sat Aug 22 01:30:46 CST 2026] OK tunel vivo: https://midi-mpegs-discount-interesting.trycloudflare.com
[Sat Aug 22 01:32:42 CST 2026] OK tunel vivo: https://midi-mpegs-discount-interesting.trycloudflare.com
[Sat Aug 22 01:34:50 CST 2026] TUNEL CAIDO (https://midi-mpegs-discount-interesting.trycloudflare.com). Relanzando monitor...
[Sat Aug 22 01:34:52 CST 2026] Monitor relanzado (pid 33088)
[Sat Aug 22 01:36:43 CST 2026] OK tunel vivo: https://excerpt-sellers-caribbean-law.trycloudflare.com
[Sat Aug 22 01:38:47 CST 2026] TUNEL CAIDO (https://excerpt-sellers-caribbean-law.trycloudflare.com). Relanzando monitor...
[Sat Aug 22 01:38:49 CST 2026] Monitor relanzado (pid 33362)
[Sat Aug 22 01:40:47 CST 2026] TUNEL CAIDO (https://pharmaceuticals-essentials-usual-homework.trycloudflare.com). Relanzando monitor...
[Sat Aug 22 01:40:50 CST 2026] Monitor relanzado (pid 33600)
[Sat Aug 22 01:42:46 CST 2026] TUNEL CAIDO (https://idle-george-trucks-serial.trycloudflare.com). Relanzando monitor...
[Sat Aug 22 01:42:49 CST 2026] Monitor relanzado (pid 33754)
[Sat Aug 22 01:44:48 CST 2026] TUNEL CAIDO (https://since-advantages-emperor-connections.trycloudflare.com). Relanzando monitor...
[Sat Aug 22 01:44:50 CST 2026] Monitor relanzado (pid 34405)
[Sat Aug 22 01:46:50 CST 2026] TUNEL CAIDO (https://warm-barbie-guy-vendor.trycloudflare.com). Relanzando monitor...
[Sat Aug 22 01:46:52 CST 2026] Monitor relanzado (pid 34629)
[Sat Aug 22 01:48:45 CST 2026] OK tunel vivo: https://loves-focuses-wheels-duties.trycloudflare.com
[Sat Aug 22 01:50:48 CST 2026] TUNEL CAIDO (https://loves-focuses-wheels-duties.trycloudflare.com). Relanzando monitor...
[Sat Aug 22 01:50:50 CST 2026] Monitor relanzado (pid 34911)
[Sat Aug 22 01:52:46 CST 2026] OK tunel vivo: https://crossing-hunter-raising-partition.trycloudflare.com
[Sat Aug 22 01:54:47 CST 2026] TUNEL CAIDO (https://crossing-hunter-raising-partition.trycloudflare.com). Relanzando monitor...
[Sat Aug 22 01:54:50 CST 2026] Monitor relanzado (pid 35204)
[Sat Aug 22 01:56:48 CST 2026] TUNEL CAIDO (https://recognised-contributions-stars-implications.trycloudflare.com). Relanzando monitor...
[Sat Aug 22 01:56:50 CST 2026] Monitor relanzado (pid 35388)
[Sat Aug 22 01:58:48 CST 2026] TUNEL CAIDO (https://coordinate-supply-bones-customise.trycloudflare.com). Relanzando monitor...
[Sat Aug 22 01:58:50 CST 2026] Monitor relanzado (pid 35540)
[Sat Aug 22 02:00:48 CST 2026] TUNEL CAIDO (https://expense-badge-subscriptions-spokesman.trycloudflare.com). Relanzando monitor...
[Sat Aug 22 02:00:50 CST 2026] Monitor relanzado (pid 35703)
[Sat Aug 22 02:02:51 CST 2026] TUNEL CAIDO (https://triumph-side-bear-marcus.trycloudflare.com). Relanzando monitor...
[Sat Aug 22 02:02:53 CST 2026] Monitor relanzado (pid 35864)
[Sat Aug 22 02:04:52 CST 2026] TUNEL CAIDO (https://atlanta-proposed-presence-still.trycloudflare.com). Relanzando monitor...
[Sat Aug 22 02:04:54 CST 2026] Monitor relanzado (pid 36028)
[Sat Aug 22 02:06:48 CST 2026] TUNEL CAIDO (https://regard-icq-industrial-serving.trycloudflare.com). Relanzando monitor...
[Sat Aug 22 02:06:50 CST 2026] Monitor relanzado (pid 36189)
[Sat Aug 22 02:08:47 CST 2026] OK tunel vivo: https://developers-directory-licensing-ken.trycloudflare.com
[Sat Aug 22 02:10:49 CST 2026] TUNEL CAIDO (https://developers-directory-licensing-ken.trycloudflare.com). Relanzando monitor...
[Sat Aug 22 02:10:51 CST 2026] Monitor relanzado (pid 36497)
[Sat Aug 22 02:12:48 CST 2026] TUNEL CAIDO (https://playback-feat-fair-handbook.trycloudflare.com). Relanzando monitor...
[Sat Aug 22 02:12:50 CST 2026] Monitor relanzado (pid 36681)
[Sat Aug 22 02:14:49 CST 2026] TUNEL CAIDO (https://nebraska-slide-bench-specialties.trycloudflare.com). Relanzando monitor...
[Sat Aug 22 02:14:51 CST 2026] Monitor relanzado (pid 36820)
[Sat Aug 22 02:16:49 CST 2026] TUNEL CAIDO (https://ext-rats-bread-lamb.trycloudflare.com). Relanzando monitor...
[Sat Aug 22 02:16:51 CST 2026] Monitor relanzado (pid 36968)
[Sat Aug 22 02:18:49 CST 2026] TUNEL CAIDO (https://refugees-owns-img-solo.trycloudflare.com). Relanzando monitor...
[Sat Aug 22 02:18:51 CST 2026] Monitor relanzado (pid 37136)
[Sat Aug 22 02:20:49 CST 2026] TUNEL CAIDO (https://lamb-inbox-costume-sacrifice.trycloudflare.com). Relanzando monitor...
[Sat Aug 22 02:20:51 CST 2026] Monitor relanzado (pid 37300)
[Sat Aug 22 02:22:51 CST 2026] TUNEL CAIDO (https://gathered-delayed-underlying-florida.trycloudflare.com). Relanzando monitor...
[Sat Aug 22 02:22:53 CST 2026] Monitor relanzado (pid 37471)
[Sat Aug 22 02:24:52 CST 2026] TUNEL CAIDO (https://motor-allowing-girlfriend-abroad.trycloudflare.com). Relanzando monitor...
[Sat Aug 22 02:24:54 CST 2026] Monitor relanzado (pid 37620)
[Sat Aug 22 02:26:53 CST 2026] OK tunel vivo: https://amount-beverages-chrome-supplied.trycloudflare.com
[Sat Aug 22 02:28:47 CST 2026] OK tunel vivo: https://amount-beverages-chrome-supplied.trycloudflare.com
[Sat Aug 22 02:30:48 CST 2026] OK tunel vivo: https://amount-beverages-chrome-supplied.trycloudflare.com
[Sat Aug 22 02:32:51 CST 2026] TUNEL CAIDO (https://amount-beverages-chrome-supplied.trycloudflare.com). Relanzando monitor...
[Sat Aug 22 02:32:53 CST 2026] Monitor relanzado (pid 38211)
[Sat Aug 22 02:34:50 CST 2026] TUNEL CAIDO (https://shipped-pressed-ist-primarily.trycloudflare.com). Relanzando monitor...
[Sat Aug 22 02:34:52 CST 2026] Monitor relanzado (pid 38389)
[Sat Aug 22 02:36:49 CST 2026] TUNEL CAIDO (https://divisions-instructor-definitions-getting.trycloudflare.com). Relanzando monitor...
[Sat Aug 22 02:36:51 CST 2026] Monitor relanzado (pid 38542)
[Sat Aug 22 02:42:00 CST 2026] TUNEL CAIDO (https://chem-wooden-phentermine-gamecube.trycloudflare.com). Relanzando monitor...
[Sat Aug 22 02:42:03 CST 2026] Monitor relanzado (pid 38863)
[Sat Aug 22 02:44:50 CST 2026] TUNEL CAIDO (https://defines-miles-moore-diagnostic.trycloudflare.com). Relanzando monitor...
[Sat Aug 22 02:44:52 CST 2026] Monitor relanzado (pid 39086)
[Sat Aug 22 02:48:53 CST 2026] TUNEL CAIDO (https://cove-tucson-martial-are.trycloudflare.com). Relanzando monitor...
[Sat Aug 22 02:48:55 CST 2026] Monitor relanzado (pid 39324)
[Sat Aug 22 02:52:55 CST 2026] TUNEL CAIDO (https://smell-upgrades-customize-fibre.trycloudflare.com). Relanzando monitor...
[Sat Aug 22 02:52:57 CST 2026] Monitor relanzado (pid 39601)
[Sat Aug 22 02:54:52 CST 2026] TUNEL CAIDO (https://greetings-domains-nuts-broker.trycloudflare.com). Relanzando monitor...
[Sat Aug 22 02:54:54 CST 2026] Monitor relanzado (pid 39769)
[Sat Aug 22 02:56:51 CST 2026] TUNEL CAIDO (https://drop-jon-mention-musicians.trycloudflare.com). Relanzando monitor...
[Sat Aug 22 02:56:53 CST 2026] Monitor relanzado (pid 39934)
[Sat Aug 22 02:58:55 CST 2026] TUNEL CAIDO (https://varieties-likes-naturally-appraisal.trycloudflare.com). Relanzando monitor...
[Sat Aug 22 02:58:57 CST 2026] Monitor relanzado (pid 40120)
[Sat Aug 22 03:00:55 CST 2026] TUNEL CAIDO (https://legitimate-afternoon-organisms-sell.trycloudflare.com). Relanzando monitor...
[Sat Aug 22 03:00:57 CST 2026] Monitor relanzado (pid 40286)
[Sat Aug 22 03:02:51 CST 2026] TUNEL CAIDO (https://gentleman-late-fotos-waiting.trycloudflare.com). Relanzando monitor...
[Sat Aug 22 03:02:53 CST 2026] Monitor relanzado (pid 40431)
[Sat Aug 22 03:04:52 CST 2026] TUNEL CAIDO (https://pounds-principal-lawsuit-proteins.trycloudflare.com). Relanzando monitor...
[Sat Aug 22 03:04:54 CST 2026] Monitor relanzado (pid 40580)
[Sat Aug 22 03:06:53 CST 2026] TUNEL CAIDO (https://inputs-revolutionary-train-scholar.trycloudflare.com). Relanzando monitor...
[Sat Aug 22 03:06:55 CST 2026] Monitor relanzado (pid 40764)
[Sat Aug 22 03:08:52 CST 2026] TUNEL CAIDO (https://navigator-enjoy-probe-michael.trycloudflare.com). Relanzando monitor...
[Sat Aug 22 03:08:54 CST 2026] Monitor relanzado (pid 40915)
[Sat Aug 22 03:10:51 CST 2026] TUNEL CAIDO (https://computers-observe-mono-shared.trycloudflare.com). Relanzando monitor...
[Sat Aug 22 03:10:53 CST 2026] Monitor relanzado (pid 41087)
[Sat Aug 22 03:12:51 CST 2026] TUNEL CAIDO (https://soma-baking-infrared-translation.trycloudflare.com). Relanzando monitor...
[Sat Aug 22 03:12:54 CST 2026] Monitor relanzado (pid 41271)
[Sat Aug 22 03:14:55 CST 2026] TUNEL CAIDO (https://associations-ram-territories-after.trycloudflare.com). Relanzando monitor...
[Sat Aug 22 03:14:57 CST 2026] Monitor relanzado (pid 41431)
[Sat Aug 22 03:16:53 CST 2026] TUNEL CAIDO (https://slides-foreign-destinations-chelsea.trycloudflare.com). Relanzando monitor...
[Sat Aug 22 03:16:55 CST 2026] Monitor relanzado (pid 41580)
[Sat Aug 22 03:18:52 CST 2026] TUNEL CAIDO (https://great-operations-sept-compiler.trycloudflare.com). Relanzando monitor...
[Sat Aug 22 03:18:54 CST 2026] Monitor relanzado (pid 41718)
[Sat Aug 22 03:20:52 CST 2026] TUNEL CAIDO (https://periodic-modeling-platforms-backed.trycloudflare.com). Relanzando monitor...
[Sat Aug 22 03:20:54 CST 2026] Monitor relanzado (pid 41888)
[Sat Aug 22 03:22:58 CST 2026] TUNEL CAIDO (https://org-ware-sacred-pockets.trycloudflare.com). Relanzando monitor...
[Sat Aug 22 03:23:00 CST 2026] Monitor relanzado (pid 42069)
[Sat Aug 22 03:24:57 CST 2026] TUNEL CAIDO (https://poly-commodity-racks-space.trycloudflare.com). Relanzando monitor...
[Sat Aug 22 03:24:59 CST 2026] Monitor relanzado (pid 42331)
[Sat Aug 22 03:26:54 CST 2026] TUNEL CAIDO (https://because-only-frequencies-solaris.trycloudflare.com). Relanzando monitor...
[Sat Aug 22 03:26:56 CST 2026] Monitor relanzado (pid 42599)
[Sat Aug 22 03:28:47 CST 2026] OK tunel vivo: https://because-only-frequencies-solaris.trycloudflare.com
[Sat Aug 22 03:40:49 CST 2026] OK tunel vivo: https://because-only-frequencies-solaris.trycloudflare.com
[Sat Aug 22 04:00:46 CST 2026] TUNEL CAIDO (https://because-only-frequencies-solaris.trycloudflare.com). Relanzando monitor...
[Sat Aug 22 04:00:48 CST 2026] Monitor relanzado (pid 48891)
[Sat Aug 22 04:06:46 CST 2026] TUNEL CAIDO (https://because-only-frequencies-solaris.trycloudflare.com). Relanzando monitor...
[Sat Aug 22 04:06:48 CST 2026] Monitor relanzado (pid 50478)
[Sat Aug 22 04:12:47 CST 2026] TUNEL CAIDO (https://because-only-frequencies-solaris.trycloudflare.com). Relanzando monitor...
[Sat Aug 22 04:12:49 CST 2026] Monitor relanzado (pid 52104)
[Sat Aug 22 04:18:46 CST 2026] TUNEL CAIDO (https://because-only-frequencies-solaris.trycloudflare.com). Relanzando monitor...
[Sat Aug 22 04:18:48 CST 2026] Monitor relanzado (pid 53719)
[Sat Aug 22 04:24:47 CST 2026] TUNEL CAIDO (https://because-only-frequencies-solaris.trycloudflare.com). Relanzando monitor...
[Sat Aug 22 04:24:49 CST 2026] Monitor relanzado (pid 55296)
[Sat Aug 22 04:28:56 CST 2026] TUNEL CAIDO (https://breach-jim-foundation-roll.trycloudflare.com). Relanzando monitor...
[Sat Aug 22 04:28:58 CST 2026] Monitor relanzado (pid 56096)
[Sat Aug 22 04:30:54 CST 2026] OK tunel vivo: https://submission-genetics-gem-certificates.trycloudflare.com
[Sat Aug 22 04:32:54 CST 2026] TUNEL CAIDO (https://submission-genetics-gem-certificates.trycloudflare.com). Relanzando monitor...
[Sat Aug 22 04:32:56 CST 2026] Monitor relanzado (pid 56425)
[Sat Aug 22 04:34:55 CST 2026] TUNEL CAIDO (https://sim-headed-milton-used.trycloudflare.com). Relanzando monitor...
[Sat Aug 22 04:34:57 CST 2026] Monitor relanzado (pid 56538)
[Sat Aug 22 04:36:57 CST 2026] TUNEL CAIDO (https://dream-bloggers-annual-farms.trycloudflare.com). Relanzando monitor...
[Sat Aug 22 04:36:59 CST 2026] Monitor relanzado (pid 56666)
[Sat Aug 22 04:38:59 CST 2026] TUNEL CAIDO (https://looks-messages-detector-johnson.trycloudflare.com). Relanzando monitor...
[Sat Aug 22 04:39:01 CST 2026] Monitor relanzado (pid 56787)
[Sat Aug 22 04:40:58 CST 2026] TUNEL CAIDO (https://raise-students-create-float.trycloudflare.com). Relanzando monitor...
[Sat Aug 22 04:41:00 CST 2026] Monitor relanzado (pid 56918)
[Sat Aug 22 04:42:59 CST 2026] TUNEL CAIDO (https://scott-ltd-personalized-drew.trycloudflare.com). Relanzando monitor...
[Sat Aug 22 04:43:02 CST 2026] Monitor relanzado (pid 57044)
[Sat Aug 22 04:44:56 CST 2026] TUNEL CAIDO (https://plaintiff-weblogs-mothers-subtle.trycloudflare.com). Relanzando monitor...
[Sat Aug 22 04:44:58 CST 2026] Monitor relanzado (pid 57204)
[Sat Aug 22 04:46:56 CST 2026] TUNEL CAIDO (https://buried-aids-sleeps-bearing.trycloudflare.com). Relanzando monitor...
[Sat Aug 22 04:46:58 CST 2026] Monitor relanzado (pid 57331)
[Sat Aug 22 04:48:56 CST 2026] TUNEL CAIDO (https://farmer-comparing-relevance-coordinator.trycloudflare.com). Relanzando monitor...
[Sat Aug 22 04:48:58 CST 2026] Monitor relanzado (pid 57463)
[Sat Aug 22 04:50:59 CST 2026] TUNEL CAIDO (https://communist-proper-wholesale-ultimate.trycloudflare.com). Relanzando monitor...
[Sat Aug 22 04:51:01 CST 2026] Monitor relanzado (pid 57585)
[Sat Aug 22 04:52:56 CST 2026] TUNEL CAIDO (https://arabia-gig-referring-attached.trycloudflare.com). Relanzando monitor...
[Sat Aug 22 04:52:58 CST 2026] Monitor relanzado (pid 57697)
[Sat Aug 22 04:54:57 CST 2026] TUNEL CAIDO (https://hammer-departmental-accessory-grip.trycloudflare.com). Relanzando monitor...
[Sat Aug 22 04:54:59 CST 2026] Monitor relanzado (pid 57823)
[Sat Aug 22 04:57:02 CST 2026] TUNEL CAIDO (https://supplemental-quotes-bra-gtk.trycloudflare.com). Relanzando monitor...
[Sat Aug 22 04:57:04 CST 2026] Monitor relanzado (pid 57953)
[Sat Aug 22 04:59:00 CST 2026] TUNEL CAIDO (https://backing-reputation-ext-peripherals.trycloudflare.com). Relanzando monitor...
[Sat Aug 22 04:59:02 CST 2026] Monitor relanzado (pid 58070)
[Sat Aug 22 05:00:58 CST 2026] TUNEL CAIDO (https://moscow-roots-further-surname.trycloudflare.com). Relanzando monitor...
[Sat Aug 22 05:01:01 CST 2026] Monitor relanzado (pid 58207)
[Sat Aug 22 05:03:00 CST 2026] TUNEL CAIDO (https://labor-opportunity-marks-founded.trycloudflare.com). Relanzando monitor...
[Sat Aug 22 05:03:02 CST 2026] Monitor relanzado (pid 58376)
[Sat Aug 22 05:04:57 CST 2026] TUNEL CAIDO (https://trusted-surgeon-financial-aus.trycloudflare.com). Relanzando monitor...
[Sat Aug 22 05:04:59 CST 2026] Monitor relanzado (pid 58524)
[Sat Aug 22 05:06:58 CST 2026] TUNEL CAIDO (https://isbn-actor-coal-aged.trycloudflare.com). Relanzando monitor...
[Sat Aug 22 05:07:00 CST 2026] Monitor relanzado (pid 58639)
[Sat Aug 22 05:09:01 CST 2026] TUNEL CAIDO (https://moss-reload-originally-finally.trycloudflare.com). Relanzando monitor...
[Sat Aug 22 05:09:03 CST 2026] Monitor relanzado (pid 58746)
[Sat Aug 22 05:11:00 CST 2026] TUNEL CAIDO (https://knitting-sur-brunette-compare.trycloudflare.com). Relanzando monitor...
[Sat Aug 22 05:11:02 CST 2026] Monitor relanzado (pid 58853)
[Sat Aug 22 05:12:58 CST 2026] TUNEL CAIDO (https://detector-manufacture-portrait-med.trycloudflare.com). Relanzando monitor...
[Sat Aug 22 05:13:00 CST 2026] Monitor relanzado (pid 58962)
[Sat Aug 22 05:14:57 CST 2026] TUNEL CAIDO (https://monitored-minute-factors-shade.trycloudflare.com). Relanzando monitor...
[Sat Aug 22 05:15:00 CST 2026] Monitor relanzado (pid 59096)
[Sat Aug 22 05:16:58 CST 2026] TUNEL CAIDO (https://flights-ruby-abs-conservation.trycloudflare.com). Relanzando monitor...
[Sat Aug 22 05:17:00 CST 2026] Monitor relanzado (pid 59245)
[Sat Aug 22 05:18:59 CST 2026] TUNEL CAIDO (https://occurrence-awareness-memphis-cleaner.trycloudflare.com). Relanzando monitor...
[Sat Aug 22 05:19:01 CST 2026] Monitor relanzado (pid 59370)
[Sat Aug 22 05:20:59 CST 2026] TUNEL CAIDO (https://process-lap-horse-lemon.trycloudflare.com). Relanzando monitor...
[Sat Aug 22 05:21:01 CST 2026] Monitor relanzado (pid 59476)
[Sat Aug 22 05:22:58 CST 2026] TUNEL CAIDO (https://exposure-reduced-hansen-prescribed.trycloudflare.com). Relanzando monitor...
[Sat Aug 22 05:23:00 CST 2026] Monitor relanzado (pid 59637)
[Sat Aug 22 05:24:59 CST 2026] TUNEL CAIDO (https://coding-cleared-impacts-bought.trycloudflare.com). Relanzando monitor...
[Sat Aug 22 05:25:01 CST 2026] Monitor relanzado (pid 59778)
[Sat Aug 22 05:26:59 CST 2026] TUNEL CAIDO (https://self-monday-sur-doing.trycloudflare.com). Relanzando monitor...
[Sat Aug 22 05:27:01 CST 2026] Monitor relanzado (pid 59900)
[Sat Aug 22 05:28:59 CST 2026] TUNEL CAIDO (https://syndication-arg-mystery-decorative.trycloudflare.com). Relanzando monitor...
[Sat Aug 22 05:29:01 CST 2026] Monitor relanzado (pid 60010)
[Sat Aug 22 05:31:01 CST 2026] TUNEL CAIDO (https://mirror-compare-forestry-repeat.trycloudflare.com). Relanzando monitor...
[Sat Aug 22 05:31:03 CST 2026] Monitor relanzado (pid 60165)
[Sat Aug 22 05:33:14 CST 2026] OK tunel vivo: https://shopping-gzip-correlation-control.trycloudflare.com
[Sat Aug 22 05:35:02 CST 2026] OK tunel vivo: https://shopping-gzip-correlation-control.trycloudflare.com
[Sat Aug 22 05:37:00 CST 2026] TUNEL CAIDO (https://shopping-gzip-correlation-control.trycloudflare.com). Relanzando monitor...
[Sat Aug 22 05:37:02 CST 2026] Monitor relanzado (pid 60418)
[Sat Aug 22 05:38:59 CST 2026] TUNEL CAIDO (https://possession-cartridge-curriculum-nsw.trycloudflare.com). Relanzando monitor...
[Sat Aug 22 05:39:01 CST 2026] Monitor relanzado (pid 60534)
[Sat Aug 22 05:41:02 CST 2026] TUNEL CAIDO (https://rochester-vintage-verified-calculators.trycloudflare.com). Relanzando monitor...
[Sat Aug 22 05:41:04 CST 2026] Monitor relanzado (pid 60678)
[Sat Aug 22 05:43:00 CST 2026] TUNEL CAIDO (https://victoria-moving-educational-legislature.trycloudflare.com). Relanzando monitor...
[Sat Aug 22 05:43:02 CST 2026] Monitor relanzado (pid 60806)
[Sat Aug 22 05:45:00 CST 2026] TUNEL CAIDO (https://august-fantasy-intl-qualification.trycloudflare.com). Relanzando monitor...
[Sat Aug 22 05:45:02 CST 2026] Monitor relanzado (pid 60928)
[Sat Aug 22 05:46:59 CST 2026] TUNEL CAIDO (https://utilization-expansys-nil-off.trycloudflare.com). Relanzando monitor...
[Sat Aug 22 05:47:01 CST 2026] Monitor relanzado (pid 61055)
[Sat Aug 22 05:49:00 CST 2026] TUNEL CAIDO (https://transmitted-remain-chris-faces.trycloudflare.com). Relanzando monitor...
[Sat Aug 22 05:49:02 CST 2026] Monitor relanzado (pid 61180)
[Sat Aug 22 05:51:00 CST 2026] TUNEL CAIDO (https://ash-madonna-least-adapters.trycloudflare.com). Relanzando monitor...
[Sat Aug 22 05:51:02 CST 2026] Monitor relanzado (pid 61295)
[Sat Aug 22 05:58:55 CST 2026] OK tunel vivo: https://ash-madonna-least-adapters.trycloudflare.com
[Sat Aug 22 06:14:57 CST 2026] TUNEL CAIDO (https://ash-madonna-least-adapters.trycloudflare.com). Relanzando monitor...
[Sat Aug 22 06:14:59 CST 2026] Monitor relanzado (pid 65998)
[Sat Aug 22 06:20:56 CST 2026] TUNEL CAIDO (https://ash-madonna-least-adapters.trycloudflare.com). Relanzando monitor...
[Sat Aug 22 06:20:58 CST 2026] Monitor relanzado (pid 67627)
[Sat Aug 22 06:26:54 CST 2026] TUNEL CAIDO (https://ash-madonna-least-adapters.trycloudflare.com). Relanzando monitor...
[Sat Aug 22 06:26:56 CST 2026] Monitor relanzado (pid 69542)
[Sat Aug 22 06:36:53 CST 2026] TUNEL CAIDO (https://ash-madonna-least-adapters.trycloudflare.com). Relanzando monitor...
[Sat Aug 22 06:36:55 CST 2026] Monitor relanzado (pid 72246)
[Sat Aug 22 06:46:55 CST 2026] TUNEL CAIDO (https://ash-madonna-least-adapters.trycloudflare.com). Relanzando monitor...
[Sat Aug 22 06:46:57 CST 2026] Monitor relanzado (pid 74685)
[Sat Aug 22 06:53:02 CST 2026] TUNEL CAIDO (https://ending-configure-del-mitchell.trycloudflare.com). Relanzando monitor...
[Sat Aug 22 06:53:04 CST 2026] Monitor relanzado (pid 76213)
[Sat Aug 22 06:55:02 CST 2026] TUNEL CAIDO (https://cite-ozone-hardwood-imagination.trycloudflare.com). Relanzando monitor...
[Sat Aug 22 06:55:04 CST 2026] Monitor relanzado (pid 76354)
[Sat Aug 22 06:57:05 CST 2026] TUNEL CAIDO (https://hang-muscle-quantitative-aus.trycloudflare.com). Relanzando monitor...
[Sat Aug 22 06:57:07 CST 2026] Monitor relanzado (pid 76475)
[Sat Aug 22 06:59:06 CST 2026] TUNEL CAIDO (https://duck-sas-programs-walnut.trycloudflare.com). Relanzando monitor...
[Sat Aug 22 06:59:08 CST 2026] Monitor relanzado (pid 76607)
[Sat Aug 22 07:01:05 CST 2026] TUNEL CAIDO (https://closed-born-vincent-lloyd.trycloudflare.com). Relanzando monitor...
[Sat Aug 22 07:01:07 CST 2026] Monitor relanzado (pid 76864)
[Sat Aug 22 07:03:03 CST 2026] TUNEL CAIDO (https://cave-associations-surfing-surge.trycloudflare.com). Relanzando monitor...
[Sat Aug 22 07:03:05 CST 2026] Monitor relanzado (pid 77033)
[Sat Aug 22 07:05:07 CST 2026] TUNEL CAIDO (https://scored-father-police-ports.trycloudflare.com). Relanzando monitor...
[Sat Aug 22 07:05:09 CST 2026] Monitor relanzado (pid 77185)
[Sat Aug 22 07:12:55 CST 2026] TUNEL CAIDO (https://somebody-back-morgan-functions.trycloudflare.com). Relanzando monitor...
[Sat Aug 22 07:12:57 CST 2026] Monitor relanzado (pid 77715)
[Sat Aug 22 07:15:03 CST 2026] TUNEL CAIDO (https://term-bonus-progressive-regulated.trycloudflare.com). Relanzando monitor...
[Sat Aug 22 07:15:05 CST 2026] Monitor relanzado (pid 77863)
[Sat Aug 22 07:17:04 CST 2026] TUNEL CAIDO (https://gods-seconds-attorney-answer.trycloudflare.com). Relanzando monitor...
[Sat Aug 22 07:17:06 CST 2026] Monitor relanzado (pid 78035)
[Sat Aug 22 07:19:04 CST 2026] TUNEL CAIDO (https://suppose-rescue-railway-kenneth.trycloudflare.com). Relanzando monitor...
[Sat Aug 22 07:19:06 CST 2026] Monitor relanzado (pid 78164)
[Sat Aug 22 07:21:07 CST 2026] TUNEL CAIDO (https://lightweight-atlantic-parameter-generator.trycloudflare.com). Relanzando monitor...
[Sat Aug 22 07:21:09 CST 2026] Monitor relanzado (pid 78283)
[Sat Aug 22 07:23:04 CST 2026] OK tunel vivo: https://characteristic-monitor-earl-near.trycloudflare.com
[Sat Aug 22 07:25:07 CST 2026] TUNEL CAIDO (https://characteristic-monitor-earl-near.trycloudflare.com). Relanzando monitor...
[Sat Aug 22 07:25:09 CST 2026] Monitor relanzado (pid 78544)
[Sat Aug 22 07:32:57 CST 2026] TUNEL CAIDO (https://family-conclusion-config-belkin.trycloudflare.com). Relanzando monitor...
[Sat Aug 22 07:32:59 CST 2026] Monitor relanzado (pid 79277)
[Sat Aug 22 07:35:04 CST 2026] TUNEL CAIDO (https://denied-bruce-hopes-shaw.trycloudflare.com). Relanzando monitor...
[Sat Aug 22 07:35:06 CST 2026] Monitor relanzado (pid 79399)
[Sat Aug 22 07:40:32 CST 2026] TUNEL CAIDO (https://birmingham-and-ethnic-shipping.trycloudflare.com). Relanzando monitor...
[Sat Aug 22 07:40:34 CST 2026] Monitor relanzado (pid 79778)
[Sat Aug 22 07:43:07 CST 2026] TUNEL CAIDO (https://burlington-directly-east-perfume.trycloudflare.com). Relanzando monitor...
[Sat Aug 22 07:43:09 CST 2026] Monitor relanzado (pid 79962)
[Sat Aug 22 07:45:08 CST 2026] TUNEL CAIDO (https://lines-transformation-cruises-trackback.trycloudflare.com). Relanzando monitor...
[Sat Aug 22 07:45:10 CST 2026] Monitor relanzado (pid 80158)
[Sat Aug 22 07:47:05 CST 2026] TUNEL CAIDO (https://sustainable-identifies-consumer-minus.trycloudflare.com). Relanzando monitor...
[Sat Aug 22 07:47:07 CST 2026] Monitor relanzado (pid 80318)
[Sat Aug 22 07:49:05 CST 2026] TUNEL CAIDO (https://dividend-pros-newark-thomson.trycloudflare.com). Relanzando monitor...
[Sat Aug 22 07:49:07 CST 2026] Monitor relanzado (pid 80552)
[Sat Aug 22 07:51:08 CST 2026] TUNEL CAIDO (https://corner-absent-specification-taught.trycloudflare.com). Relanzando monitor...
[Sat Aug 22 07:51:10 CST 2026] Monitor relanzado (pid 80755)
[Sat Aug 22 07:53:05 CST 2026] TUNEL CAIDO (https://cpu-develops-camcorder-summaries.trycloudflare.com). Relanzando monitor...
[Sat Aug 22 07:53:08 CST 2026] Monitor relanzado (pid 80961)
[Sat Aug 22 07:55:06 CST 2026] OK tunel vivo: https://notify-api-hourly-checklist.trycloudflare.com
[Sat Aug 22 07:57:05 CST 2026] OK tunel vivo: https://notify-api-hourly-checklist.trycloudflare.com
[Sat Aug 22 07:59:05 CST 2026] TUNEL CAIDO (https://notify-api-hourly-checklist.trycloudflare.com). Relanzando monitor...
[Sat Aug 22 07:59:08 CST 2026] Monitor relanzado (pid 81496)
[Sat Aug 22 08:01:07 CST 2026] TUNEL CAIDO (https://darwin-prot-somebody-depends.trycloudflare.com). Relanzando monitor...
[Sat Aug 22 08:01:09 CST 2026] Monitor relanzado (pid 81711)
[Sat Aug 22 08:03:06 CST 2026] TUNEL CAIDO (https://trial-vacation-peaceful-handling.trycloudflare.com). Relanzando monitor...
[Sat Aug 22 08:03:08 CST 2026] Monitor relanzado (pid 81867)
[Sat Aug 22 08:05:06 CST 2026] TUNEL CAIDO (https://bar-lbs-closer-completing.trycloudflare.com). Relanzando monitor...
[Sat Aug 22 08:05:08 CST 2026] Monitor relanzado (pid 81988)
[Sat Aug 22 08:09:07 CST 2026] TUNEL CAIDO (https://geek-karl-knit-enzyme.trycloudflare.com). Relanzando monitor...
[Sat Aug 22 08:09:09 CST 2026] Monitor relanzado (pid 82240)
[Sat Aug 22 08:13:07 CST 2026] TUNEL CAIDO (https://jones-selection-trackbacks-sir.trycloudflare.com). Relanzando monitor...
[Sat Aug 22 08:13:09 CST 2026] Monitor relanzado (pid 82426)
[Sat Aug 22 08:15:06 CST 2026] TUNEL CAIDO (https://suites-summit-feature-travelling.trycloudflare.com). Relanzando monitor...
[Sat Aug 22 08:15:08 CST 2026] Monitor relanzado (pid 82567)
[Sat Aug 22 08:21:00 CST 2026] TUNEL CAIDO (https://arrange-ensure-spas-anytime.trycloudflare.com). Relanzando monitor...
[Sat Aug 22 08:21:02 CST 2026] Monitor relanzado (pid 82918)
[Sat Aug 22 08:23:08 CST 2026] TUNEL CAIDO (https://author-introduced-become-unable.trycloudflare.com). Relanzando monitor...
[Sat Aug 22 08:23:10 CST 2026] Monitor relanzado (pid 83028)
[Sat Aug 22 08:25:09 CST 2026] TUNEL CAIDO (https://full-since-essentials-advantage.trycloudflare.com). Relanzando monitor...
[Sat Aug 22 08:25:11 CST 2026] Monitor relanzado (pid 83140)
[Sat Aug 22 08:27:09 CST 2026] TUNEL CAIDO (https://nice-scripts-windsor-plaintiff.trycloudflare.com). Relanzando monitor...
[Sat Aug 22 08:27:11 CST 2026] Monitor relanzado (pid 83274)
[Sat Aug 22 08:29:07 CST 2026] TUNEL CAIDO (https://colored-korean-sublime-acquired.trycloudflare.com). Relanzando monitor...
[Sat Aug 22 08:29:09 CST 2026] Monitor relanzado (pid 83389)
[Sat Aug 22 08:31:11 CST 2026] TUNEL CAIDO (https://southampton-hawk-bidder-sector.trycloudflare.com). Relanzando monitor...
[Sat Aug 22 08:31:13 CST 2026] Monitor relanzado (pid 83558)
[Sat Aug 22 08:33:07 CST 2026] TUNEL CAIDO (https://marina-versions-absorption-postal.trycloudflare.com). Relanzando monitor...
[Sat Aug 22 08:33:09 CST 2026] Monitor relanzado (pid 83750)
[Sat Aug 22 08:35:08 CST 2026] TUNEL CAIDO (https://knew-chairs-ali-heart.trycloudflare.com). Relanzando monitor...
[Sat Aug 22 08:35:10 CST 2026] Monitor relanzado (pid 83991)
[Sat Aug 22 08:37:07 CST 2026] TUNEL CAIDO (https://neon-arthur-tank-diy.trycloudflare.com). Relanzando monitor...
[Sat Aug 22 08:37:10 CST 2026] Monitor relanzado (pid 84236)
[Sat Aug 22 08:39:08 CST 2026] TUNEL CAIDO (https://taxes-findlaw-graph-strong.trycloudflare.com). Relanzando monitor...
[Sat Aug 22 08:39:10 CST 2026] Monitor relanzado (pid 84376)
[Sat Aug 22 08:41:08 CST 2026] TUNEL CAIDO (https://islands-drinks-imaging-linking.trycloudflare.com). Relanzando monitor...
[Sat Aug 22 08:41:10 CST 2026] Monitor relanzado (pid 84550)
[Sat Aug 22 08:43:07 CST 2026] OK tunel vivo: https://mlb-baghdad-analytical-specifics.trycloudflare.com
[Sat Aug 22 08:45:12 CST 2026] TUNEL CAIDO (https://mlb-baghdad-analytical-specifics.trycloudflare.com). Relanzando monitor...
[Sat Aug 22 08:45:14 CST 2026] Monitor relanzado (pid 84785)
[Sat Aug 22 08:53:05 CST 2026] TUNEL CAIDO (https://manchester-gallery-grocery-arrow.trycloudflare.com). Relanzando monitor...
[Sat Aug 22 08:53:07 CST 2026] Monitor relanzado (pid 85212)
[Sat Aug 22 08:55:09 CST 2026] TUNEL CAIDO (https://miles-lightning-tomato-exterior.trycloudflare.com). Relanzando monitor...
[Sat Aug 22 08:55:11 CST 2026] Monitor relanzado (pid 85390)
[Sat Aug 22 09:03:06 CST 2026] TUNEL CAIDO (https://exercises-way-occasions-telescope.trycloudflare.com). Relanzando monitor...
[Sat Aug 22 09:03:08 CST 2026] Monitor relanzado (pid 86103)
[Sat Aug 22 09:05:08 CST 2026] TUNEL CAIDO (https://all-fall-supports-releases.trycloudflare.com). Relanzando monitor...
[Sat Aug 22 09:05:11 CST 2026] Monitor relanzado (pid 86329)
[Sat Aug 22 09:11:01 CST 2026] TUNEL CAIDO (https://hotels-nato-hydrocodone-med.trycloudflare.com). Relanzando monitor...
[Sat Aug 22 09:11:03 CST 2026] Monitor relanzado (pid 86971)
[Sat Aug 22 09:13:12 CST 2026] TUNEL CAIDO (https://celebration-stats-wellington-lamb.trycloudflare.com). Relanzando monitor...
[Sat Aug 22 09:13:14 CST 2026] Monitor relanzado (pid 87162)
[Sat Aug 22 09:15:09 CST 2026] TUNEL CAIDO (https://eval-moments-humor-alias.trycloudflare.com). Relanzando monitor...
[Sat Aug 22 09:15:11 CST 2026] Monitor relanzado (pid 87453)
[Sat Aug 22 09:17:09 CST 2026] TUNEL CAIDO (https://rational-charge-survival-bride.trycloudflare.com). Relanzando monitor...
[Sat Aug 22 09:17:11 CST 2026] Monitor relanzado (pid 87675)
[Sat Aug 22 09:19:12 CST 2026] TUNEL CAIDO (https://mortality-anne-consoles-courtesy.trycloudflare.com). Relanzando monitor...
[Sat Aug 22 09:19:14 CST 2026] Monitor relanzado (pid 87842)
[Sat Aug 22 09:21:10 CST 2026] OK tunel vivo: https://picnic-thick-jaguar-positive.trycloudflare.com
[Sat Aug 22 09:23:11 CST 2026] TUNEL CAIDO (https://picnic-thick-jaguar-positive.trycloudflare.com). Relanzando monitor...
[Sat Aug 22 09:23:13 CST 2026] Monitor relanzado (pid 88070)
[Sat Aug 22 09:25:11 CST 2026] TUNEL CAIDO (https://emissions-segment-explained-chapter.trycloudflare.com). Relanzando monitor...
[Sat Aug 22 09:25:13 CST 2026] Monitor relanzado (pid 88218)
[Sat Aug 22 09:33:02 CST 2026] TUNEL CAIDO (https://artists-democrat-drunk-hamburg.trycloudflare.com). Relanzando monitor...
[Sat Aug 22 09:33:04 CST 2026] Monitor relanzado (pid 88603)
[Sat Aug 22 09:35:13 CST 2026] TUNEL CAIDO (https://que-really-filing-examines.trycloudflare.com). Relanzando monitor...
[Sat Aug 22 09:35:15 CST 2026] Monitor relanzado (pid 88737)
[Sat Aug 22 09:37:10 CST 2026] TUNEL CAIDO (https://burke-anatomy-terry-shelter.trycloudflare.com). Relanzando monitor...
[Sat Aug 22 09:37:12 CST 2026] Monitor relanzado (pid 88858)
[Sat Aug 22 09:39:10 CST 2026] TUNEL CAIDO (https://automobile-telescope-plugin-branches.trycloudflare.com). Relanzando monitor...
[Sat Aug 22 09:39:12 CST 2026] Monitor relanzado (pid 88996)
[Sat Aug 22 09:41:14 CST 2026] TUNEL CAIDO (https://truth-retirement-essence-burning.trycloudflare.com). Relanzando monitor...
[Sat Aug 22 09:41:16 CST 2026] Monitor relanzado (pid 89310)
[Sat Aug 22 09:43:10 CST 2026] TUNEL CAIDO (https://swim-hospital-centuries-logic.trycloudflare.com). Relanzando monitor...
[Sat Aug 22 09:43:12 CST 2026] Monitor relanzado (pid 89497)
[Sat Aug 22 09:45:15 CST 2026] TUNEL CAIDO (https://protecting-iii-fits-austin.trycloudflare.com). Relanzando monitor...
[Sat Aug 22 09:45:17 CST 2026] Monitor relanzado (pid 89717)
[Sat Aug 22 09:53:04 CST 2026] TUNEL CAIDO (https://screenshots-since-choose-underground.trycloudflare.com). Relanzando monitor...
[Sat Aug 22 09:53:06 CST 2026] Monitor relanzado (pid 90537)
[Sat Aug 22 09:55:11 CST 2026] TUNEL CAIDO (https://pos-ministry-holland-thank.trycloudflare.com). Relanzando monitor...
[Sat Aug 22 09:55:13 CST 2026] Monitor relanzado (pid 90760)
[Sat Aug 22 09:57:12 CST 2026] TUNEL CAIDO (https://species-provider-whom-goto.trycloudflare.com). Relanzando monitor...
[Sat Aug 22 09:57:14 CST 2026] Monitor relanzado (pid 91021)
[Sat Aug 22 09:59:11 CST 2026] TUNEL CAIDO (https://postcard-robust-pharmacies-dad.trycloudflare.com). Relanzando monitor...
[Sat Aug 22 09:59:13 CST 2026] Monitor relanzado (pid 91167)
[Sat Aug 22 10:01:11 CST 2026] TUNEL CAIDO (https://specialty-grande-whale-nano.trycloudflare.com). Relanzando monitor...
[Sat Aug 22 10:01:13 CST 2026] Monitor relanzado (pid 91436)
[Sat Aug 22 10:03:12 CST 2026] TUNEL CAIDO (https://nurse-fur-fighter-internationally.trycloudflare.com). Relanzando monitor...
[Sat Aug 22 10:03:14 CST 2026] Monitor relanzado (pid 91654)
[Sat Aug 22 10:05:17 CST 2026] TUNEL CAIDO (https://context-visibility-observations-surprise.trycloudflare.com). Relanzando monitor...
[Sat Aug 22 10:05:19 CST 2026] Monitor relanzado (pid 91870)
[Sat Aug 22 10:13:06 CST 2026] TUNEL CAIDO (https://porcelain-discussions-decor-instruments.trycloudflare.com). Relanzando monitor...
[Sat Aug 22 10:13:08 CST 2026] Monitor relanzado (pid 92615)
[Sat Aug 22 10:14:13 CST 2026] TUNEL CAIDO (https://statements-impacts-composition-clinton.trycloudflare.com). Relanzando monitor...
[Sat Aug 22 10:14:15 CST 2026] Monitor relanzado (pid 92703)
[Sat Aug 22 10:16:17 CST 2026] TUNEL CAIDO (https://fixed-mercy-spectrum-affiliated.trycloudflare.com). Relanzando monitor...
[Sat Aug 22 10:16:19 CST 2026] Monitor relanzado (pid 92845)
[Sat Aug 22 10:18:15 CST 2026] TUNEL CAIDO (https://demo-blogs-superintendent-quarters.trycloudflare.com). Relanzando monitor...
[Sat Aug 22 10:18:17 CST 2026] Monitor relanzado (pid 93032)
[Sat Aug 22 10:20:15 CST 2026] TUNEL CAIDO (https://fiction-investment-uploaded-epinions.trycloudflare.com). Relanzando monitor...
[Sat Aug 22 10:20:18 CST 2026] Monitor relanzado (pid 93161)
[Sat Aug 22 10:22:20 CST 2026] TUNEL CAIDO (https://generating-advertisements-javascript-ottawa.trycloudflare.com). Relanzando monitor...
[Sat Aug 22 10:22:22 CST 2026] Monitor relanzado (pid 93291)
[Sat Aug 22 10:24:18 CST 2026] TUNEL CAIDO (https://collectables-mills-strength-clinical.trycloudflare.com). Relanzando monitor...
[Sat Aug 22 10:24:21 CST 2026] Monitor relanzado (pid 93453)
[Sat Aug 22 10:26:22 CST 2026] TUNEL CAIDO (https://stephen-numbers-metabolism-knowledgestorm.trycloudflare.com). Relanzando monitor...
[Sat Aug 22 10:26:24 CST 2026] Monitor relanzado (pid 93575)
[Sat Aug 22 10:28:19 CST 2026] TUNEL CAIDO (https://ladder-portion-sink-printed.trycloudflare.com). Relanzando monitor...
[Sat Aug 22 10:28:22 CST 2026] Monitor relanzado (pid 93713)
[Sat Aug 22 10:30:21 CST 2026] TUNEL CAIDO (https://entire-managing-production-packets.trycloudflare.com). Relanzando monitor...
[Sat Aug 22 10:30:23 CST 2026] Monitor relanzado (pid 93835)
[Sat Aug 22 10:32:22 CST 2026] TUNEL CAIDO (https://recommended-accordingly-lyric-allan.trycloudflare.com). Relanzando monitor...
[Sat Aug 22 10:32:24 CST 2026] Monitor relanzado (pid 93965)
[Sat Aug 22 10:34:21 CST 2026] TUNEL CAIDO (https://moses-sept-information-drawing.trycloudflare.com). Relanzando monitor...
[Sat Aug 22 10:34:23 CST 2026] Monitor relanzado (pid 94132)
[Sat Aug 22 10:38:22 CST 2026] TUNEL CAIDO (https://liabilities-query-increases-innocent.trycloudflare.com). Relanzando monitor...
[Sat Aug 22 10:38:24 CST 2026] Monitor relanzado (pid 95195)
[Sat Aug 22 10:42:26 CST 2026] TUNEL CAIDO (https://continues-routes-situated-vendors.trycloudflare.com). Relanzando monitor...
[Sat Aug 22 10:42:28 CST 2026] Monitor relanzado (pid 2463)
[Sat Aug 22 10:44:23 CST 2026] TUNEL CAIDO (https://expires-cakes-benz-reservations.trycloudflare.com). Relanzando monitor...
[Sat Aug 22 10:44:25 CST 2026] Monitor relanzado (pid 5386)
[Sat Aug 22 10:46:28 CST 2026] TUNEL CAIDO (https://termination-buying-gzip-donald.trycloudflare.com). Relanzando monitor...
[Sat Aug 22 10:46:30 CST 2026] Monitor relanzado (pid 8342)
[Sat Aug 22 10:48:24 CST 2026] TUNEL CAIDO (https://stops-foo-keyword-lovers.trycloudflare.com). Relanzando monitor...
[Sat Aug 22 10:48:26 CST 2026] Monitor relanzado (pid 11093)
[Sat Aug 22 10:50:24 CST 2026] TUNEL CAIDO (https://elephant-audio-miscellaneous-yamaha.trycloudflare.com). Relanzando monitor...
[Sat Aug 22 10:50:26 CST 2026] Monitor relanzado (pid 13985)
[Sat Aug 22 10:52:26 CST 2026] TUNEL CAIDO (https://assumptions-unavailable-weather-complement.trycloudflare.com). Relanzando monitor...
[Sat Aug 22 10:52:28 CST 2026] Monitor relanzado (pid 16798)
[Sat Aug 22 10:54:30 CST 2026] TUNEL CAIDO (https://act-anti-implementation-societies.trycloudflare.com). Relanzando monitor...
[Sat Aug 22 10:54:32 CST 2026] Monitor relanzado (pid 19736)
[Sat Aug 22 10:56:25 CST 2026] TUNEL CAIDO (https://applying-processing-medieval-shanghai.trycloudflare.com). Relanzando monitor...
[Sat Aug 22 10:56:28 CST 2026] Monitor relanzado (pid 22403)
[Sat Aug 22 10:58:27 CST 2026] TUNEL CAIDO (https://fleet-increases-jewelry-mathematical.trycloudflare.com). Relanzando monitor...
[Sat Aug 22 10:58:29 CST 2026] Monitor relanzado (pid 25195)
[Sat Aug 22 11:00:24 CST 2026] TUNEL CAIDO (https://hired-copied-estate-initiated.trycloudflare.com). Relanzando monitor...
[Sat Aug 22 11:00:28 CST 2026] Monitor relanzado (pid 27887)
[Sat Aug 22 11:06:17 CST 2026] TUNEL CAIDO (https://labs-priced-among-shall.trycloudflare.com). Relanzando monitor...
[Sat Aug 22 11:06:19 CST 2026] Monitor relanzado (pid 36450)
[Sat Aug 22 11:08:28 CST 2026] TUNEL CAIDO (https://easily-starter-ipaq-waves.trycloudflare.com). Relanzando monitor...
[Sat Aug 22 11:08:31 CST 2026] Monitor relanzado (pid 39591)
[Sat Aug 22 11:10:26 CST 2026] TUNEL CAIDO (https://gates-defend-hull-milan.trycloudflare.com). Relanzando monitor...
[Sat Aug 22 11:10:28 CST 2026] Monitor relanzado (pid 42499)
[Sat Aug 22 11:12:25 CST 2026] OK tunel vivo: https://fields-illustration-positive-renaissance.trycloudflare.com
[Sat Aug 22 11:14:27 CST 2026] TUNEL CAIDO (https://fields-illustration-positive-renaissance.trycloudflare.com). Relanzando monitor...
[Sat Aug 22 11:14:29 CST 2026] Monitor relanzado (pid 49327)
[Sat Aug 22 11:16:25 CST 2026] TUNEL CAIDO (https://barcelona-pub-copyrighted-citation.trycloudflare.com). Relanzando monitor...
[Sat Aug 22 11:16:28 CST 2026] Monitor relanzado (pid 52083)
[Sat Aug 22 11:18:26 CST 2026] TUNEL CAIDO (https://prescribed-par-slot-flu.trycloudflare.com). Relanzando monitor...
[Sat Aug 22 11:18:28 CST 2026] Monitor relanzado (pid 54663)
[Sat Aug 22 11:20:28 CST 2026] TUNEL CAIDO (https://lake-profits-widely-titanium.trycloudflare.com). Relanzando monitor...
[Sat Aug 22 11:20:31 CST 2026] Monitor relanzado (pid 57237)
[Sat Aug 22 11:22:27 CST 2026] TUNEL CAIDO (https://ensure-excluded-beautifully-scuba.trycloudflare.com). Relanzando monitor...
[Sat Aug 22 11:22:29 CST 2026] Monitor relanzado (pid 59605)
[Sat Aug 22 11:24:27 CST 2026] TUNEL CAIDO (https://online-nextel-carter-register.trycloudflare.com). Relanzando monitor...
[Sat Aug 22 11:24:30 CST 2026] Monitor relanzado (pid 62328)
[Sat Aug 22 11:26:29 CST 2026] TUNEL CAIDO (https://showed-centers-oclc-direct.trycloudflare.com). Relanzando monitor...
[Sat Aug 22 11:26:31 CST 2026] Monitor relanzado (pid 64804)
[Sat Aug 22 11:32:20 CST 2026] TUNEL CAIDO (https://implementing-remained-break-mic.trycloudflare.com). Relanzando monitor...
[Sat Aug 22 11:32:22 CST 2026] Monitor relanzado (pid 72140)
[Sat Aug 22 11:34:33 CST 2026] TUNEL CAIDO (https://laden-immigration-hitting-quarter.trycloudflare.com). Relanzando monitor...
[Sat Aug 22 11:34:38 CST 2026] Monitor relanzado (pid 74928)
[Sat Aug 22 11:36:30 CST 2026] TUNEL CAIDO (https://implementing-mating-affecting-biography.trycloudflare.com). Relanzando monitor...
[Sat Aug 22 11:36:32 CST 2026] Monitor relanzado (pid 77202)
[Sat Aug 22 11:38:27 CST 2026] TUNEL CAIDO (https://recruiting-miss-suits-requests.trycloudflare.com). Relanzando monitor...
[Sat Aug 22 11:38:30 CST 2026] Monitor relanzado (pid 79778)
[Sat Aug 22 11:40:27 CST 2026] TUNEL CAIDO (https://locations-addressed-behalf-directly.trycloudflare.com). Relanzando monitor...
[Sat Aug 22 11:40:29 CST 2026] Monitor relanzado (pid 82378)
[Sat Aug 22 11:42:28 CST 2026] TUNEL CAIDO (https://davis-discussed-clearing-wiring.trycloudflare.com). Relanzando monitor...
[Sat Aug 22 11:42:31 CST 2026] Monitor relanzado (pid 86514)
[Sat Aug 22 11:44:31 CST 2026] TUNEL CAIDO (https://convert-xbox-sim-transport.trycloudflare.com). Relanzando monitor...
[Sat Aug 22 11:44:33 CST 2026] Monitor relanzado (pid 88994)
[Sat Aug 22 11:46:27 CST 2026] TUNEL CAIDO (https://typically-function-smith-noble.trycloudflare.com). Relanzando monitor...
[Sat Aug 22 11:46:30 CST 2026] Monitor relanzado (pid 91379)
[Sat Aug 22 11:48:29 CST 2026] TUNEL CAIDO (https://least-talk-beach-faced.trycloudflare.com). Relanzando monitor...
[Sat Aug 22 11:48:31 CST 2026] Monitor relanzado (pid 93910)
[Sat Aug 22 11:50:32 CST 2026] TUNEL CAIDO (https://wrist-shaved-officers-questionnaire.trycloudflare.com). Relanzando monitor...
[Sat Aug 22 11:50:34 CST 2026] Monitor relanzado (pid 96570)
[Sat Aug 22 11:56:22 CST 2026] TUNEL CAIDO (https://holmes-luis-thought-bool.trycloudflare.com). Relanzando monitor...
[Sat Aug 22 11:56:24 CST 2026] Monitor relanzado (pid 4432)
[Sat Aug 22 11:58:33 CST 2026] TUNEL CAIDO (https://bundle-thereby-input-valve.trycloudflare.com). Relanzando monitor...
[Sat Aug 22 11:58:35 CST 2026] Monitor relanzado (pid 7181)
[Sat Aug 22 12:00:33 CST 2026] TUNEL CAIDO (https://workforce-government-portion-should.trycloudflare.com). Relanzando monitor...
[Sat Aug 22 12:00:36 CST 2026] Monitor relanzado (pid 9426)
[Sat Aug 22 12:05:23 CST 2026] TUNEL CAIDO (https://shirt-june-listen-surveys.trycloudflare.com). Relanzando monitor...
[Sat Aug 22 12:05:25 CST 2026] Monitor relanzado (pid 15323)
[Sat Aug 22 12:08:32 CST 2026] TUNEL CAIDO (https://concept-recipe-gabriel-athletic.trycloudflare.com). Relanzando monitor...
[Sat Aug 22 12:08:36 CST 2026] Monitor relanzado (pid 19057)
[Sat Aug 22 12:20:34 CST 2026] TUNEL CAIDO (https://olympic-counter-pennsylvania-hypothesis.trycloudflare.com). Relanzando monitor...
[Sat Aug 22 12:20:36 CST 2026] Monitor relanzado (pid 29274)
[Sat Aug 22 12:22:32 CST 2026] TUNEL CAIDO (https://nissan-consisting-summaries-contacts.trycloudflare.com). Relanzando monitor...
[Sat Aug 22 12:22:34 CST 2026] Monitor relanzado (pid 29382)
[Sat Aug 22 12:24:30 CST 2026] TUNEL CAIDO (https://boulder-webcams-yea-nevertheless.trycloudflare.com). Relanzando monitor...
[Sat Aug 22 12:24:32 CST 2026] Monitor relanzado (pid 29519)
[Sat Aug 22 12:26:31 CST 2026] TUNEL CAIDO (https://python-excuse-known-upgrade.trycloudflare.com). Relanzando monitor...
[Sat Aug 22 12:26:33 CST 2026] Monitor relanzado (pid 29636)
[Sat Aug 22 12:28:33 CST 2026] TUNEL CAIDO (https://syndicate-sword-gmc-invitations.trycloudflare.com). Relanzando monitor...
[Sat Aug 22 12:28:35 CST 2026] Monitor relanzado (pid 29774)
[Sat Aug 22 12:30:30 CST 2026] TUNEL CAIDO (https://meant-reaches-santa-diabetes.trycloudflare.com). Relanzando monitor...
[Sat Aug 22 12:30:32 CST 2026] Monitor relanzado (pid 29911)
[Sat Aug 22 12:32:30 CST 2026] TUNEL CAIDO (https://declined-forgot-productive-patient.trycloudflare.com). Relanzando monitor...
[Sat Aug 22 12:32:33 CST 2026] Monitor relanzado (pid 30046)
[Sat Aug 22 12:34:31 CST 2026] TUNEL CAIDO (https://ebony-instead-furthermore-requesting.trycloudflare.com). Relanzando monitor...
[Sat Aug 22 12:34:33 CST 2026] Monitor relanzado (pid 30176)
[Sat Aug 22 12:36:34 CST 2026] TUNEL CAIDO (https://economics-handle-patent-deutsch.trycloudflare.com). Relanzando monitor...
[Sat Aug 22 12:36:36 CST 2026] Monitor relanzado (pid 30293)
[Sat Aug 22 12:38:35 CST 2026] TUNEL CAIDO (https://recruitment-hostel-variance-offices.trycloudflare.com). Relanzando monitor...
[Sat Aug 22 12:38:37 CST 2026] Monitor relanzado (pid 30408)
[Sat Aug 22 12:40:31 CST 2026] TUNEL CAIDO (https://wagner-roof-lawyer-circuits.trycloudflare.com). Relanzando monitor...
[Sat Aug 22 12:40:33 CST 2026] Monitor relanzado (pid 30526)
[Sat Aug 22 12:42:35 CST 2026] TUNEL CAIDO (https://gotten-theoretical-gras-villa.trycloudflare.com). Relanzando monitor...
[Sat Aug 22 12:42:37 CST 2026] Monitor relanzado (pid 30692)
[Sat Aug 22 12:44:31 CST 2026] TUNEL CAIDO (https://enormous-makers-italiano-smooth.trycloudflare.com). Relanzando monitor...
[Sat Aug 22 12:44:34 CST 2026] Monitor relanzado (pid 30842)
[Sat Aug 22 12:46:31 CST 2026] TUNEL CAIDO (https://execute-kills-underlying-barcelona.trycloudflare.com). Relanzando monitor...
[Sat Aug 22 12:46:33 CST 2026] Monitor relanzado (pid 30997)
[Sat Aug 22 12:48:31 CST 2026] TUNEL CAIDO (https://family-decreased-unlimited-promptly.trycloudflare.com). Relanzando monitor...
[Sat Aug 22 12:48:33 CST 2026] Monitor relanzado (pid 31145)
[Sat Aug 22 12:50:35 CST 2026] TUNEL CAIDO (https://updated-with-collapse-kate.trycloudflare.com). Relanzando monitor...
[Sat Aug 22 12:50:37 CST 2026] Monitor relanzado (pid 31417)
[Sat Aug 22 12:52:31 CST 2026] TUNEL CAIDO (https://captain-throat-cartridge-directors.trycloudflare.com). Relanzando monitor...
[Sat Aug 22 12:52:33 CST 2026] Monitor relanzado (pid 31584)
[Sat Aug 22 12:54:34 CST 2026] TUNEL CAIDO (https://method-safely-maintained-urge.trycloudflare.com). Relanzando monitor...
[Sat Aug 22 12:54:36 CST 2026] Monitor relanzado (pid 31790)
[Sat Aug 22 12:56:34 CST 2026] TUNEL CAIDO (https://relax-hose-directories-turns.trycloudflare.com). Relanzando monitor...
[Sat Aug 22 12:56:36 CST 2026] Monitor relanzado (pid 31933)
[Sat Aug 22 12:58:32 CST 2026] TUNEL CAIDO (https://defend-many-annotated-ind.trycloudflare.com). Relanzando monitor...
[Sat Aug 22 12:58:34 CST 2026] Monitor relanzado (pid 32075)
[Sat Aug 22 13:00:32 CST 2026] TUNEL CAIDO (https://contrary-folks-residential-pee.trycloudflare.com). Relanzando monitor...
[Sat Aug 22 13:00:34 CST 2026] Monitor relanzado (pid 32782)
[Sat Aug 22 13:02:33 CST 2026] TUNEL CAIDO (https://method-translations-chapters-evaluating.trycloudflare.com). Relanzando monitor...
[Sat Aug 22 13:02:35 CST 2026] Monitor relanzado (pid 32966)
[Sat Aug 22 13:04:32 CST 2026] TUNEL CAIDO (https://merit-practical-volt-fabric.trycloudflare.com). Relanzando monitor...
[Sat Aug 22 13:04:34 CST 2026] Monitor relanzado (pid 33088)
[Sat Aug 22 13:06:32 CST 2026] TUNEL CAIDO (https://assume-crown-theoretical-berkeley.trycloudflare.com). Relanzando monitor...
[Sat Aug 22 13:06:34 CST 2026] Monitor relanzado (pid 33231)
[Sat Aug 22 13:08:37 CST 2026] TUNEL CAIDO (https://zshops-newly-dod-fighters.trycloudflare.com). Relanzando monitor...
[Sat Aug 22 13:08:39 CST 2026] Monitor relanzado (pid 33356)
[Sat Aug 22 13:10:33 CST 2026] TUNEL CAIDO (https://hoped-nonprofit-gmt-relay.trycloudflare.com). Relanzando monitor...
[Sat Aug 22 13:10:35 CST 2026] Monitor relanzado (pid 33469)
[Sat Aug 22 13:12:33 CST 2026] TUNEL CAIDO (https://nascar-steering-justice-standing.trycloudflare.com). Relanzando monitor...
[Sat Aug 22 13:12:35 CST 2026] Monitor relanzado (pid 33608)
[Sat Aug 22 13:14:38 CST 2026] TUNEL CAIDO (https://ban-mlb-democracy-butler.trycloudflare.com). Relanzando monitor...
[Sat Aug 22 13:14:40 CST 2026] Monitor relanzado (pid 33725)
[Sat Aug 22 13:22:30 CST 2026] OK tunel vivo: https://ban-mlb-democracy-butler.trycloudflare.com
[Sat Aug 22 13:24:30 CST 2026] OK tunel vivo: https://ban-mlb-democracy-butler.trycloudflare.com
[Sat Aug 22 13:36:32 CST 2026] TUNEL CAIDO (https://ban-mlb-democracy-butler.trycloudflare.com). Relanzando monitor...
[Sat Aug 22 13:36:34 CST 2026] Monitor relanzado (pid 39730)
[Sat Aug 22 13:40:26 CST 2026] TUNEL CAIDO (https://ban-mlb-democracy-butler.trycloudflare.com). Relanzando monitor...
[Sat Aug 22 13:40:28 CST 2026] Monitor relanzado (pid 40819)
[Sat Aug 22 13:46:26 CST 2026] TUNEL CAIDO (https://ban-mlb-democracy-butler.trycloudflare.com). Relanzando monitor...
[Sat Aug 22 13:46:28 CST 2026] Monitor relanzado (pid 42472)
[Sat Aug 22 13:50:26 CST 2026] TUNEL CAIDO (https://ban-mlb-democracy-butler.trycloudflare.com). Relanzando monitor...
[Sat Aug 22 13:50:28 CST 2026] Monitor relanzado (pid 43590)
[Sat Aug 22 13:54:31 CST 2026] TUNEL CAIDO (https://ban-mlb-democracy-butler.trycloudflare.com). Relanzando monitor...
[Sat Aug 22 13:54:33 CST 2026] Monitor relanzado (pid 44720)
[Sat Aug 22 14:00:27 CST 2026] TUNEL CAIDO (https://ban-mlb-democracy-butler.trycloudflare.com). Relanzando monitor...
[Sat Aug 22 14:00:29 CST 2026] Monitor relanzado (pid 46523)
[Sat Aug 22 14:04:26 CST 2026] TUNEL CAIDO (https://ban-mlb-democracy-butler.trycloudflare.com). Relanzando monitor...
[Sat Aug 22 14:04:28 CST 2026] Monitor relanzado (pid 47638)
[Sat Aug 22 14:08:28 CST 2026] TUNEL CAIDO (https://ban-mlb-democracy-butler.trycloudflare.com). Relanzando monitor...
[Sat Aug 22 14:08:30 CST 2026] Monitor relanzado (pid 48810)
[Sat Aug 22 14:14:31 CST 2026] TUNEL CAIDO (https://ban-mlb-democracy-butler.trycloudflare.com). Relanzando monitor...
[Sat Aug 22 14:14:33 CST 2026] Monitor relanzado (pid 50424)
[Sat Aug 22 14:16:35 CST 2026] TUNEL CAIDO (https://what-actual-databases-achieved.trycloudflare.com). Relanzando monitor...
[Sat Aug 22 14:16:37 CST 2026] Monitor relanzado (pid 50772)
[Sat Aug 22 14:18:34 CST 2026] TUNEL CAIDO (https://usually-forest-light-downloading.trycloudflare.com). Relanzando monitor...
[Sat Aug 22 14:18:37 CST 2026] Monitor relanzado (pid 50895)
[Sat Aug 22 14:20:35 CST 2026] TUNEL CAIDO (https://increase-concepts-concepts-subscriber.trycloudflare.com). Relanzando monitor...
[Sat Aug 22 14:20:37 CST 2026] Monitor relanzado (pid 51067)
[Sat Aug 22 14:22:34 CST 2026] TUNEL CAIDO (https://hundreds-increasingly-recall-flexible.trycloudflare.com). Relanzando monitor...
[Sat Aug 22 14:22:36 CST 2026] Monitor relanzado (pid 51196)
[Sat Aug 22 14:24:35 CST 2026] TUNEL CAIDO (https://sets-compiler-sponsor-original.trycloudflare.com). Relanzando monitor...
[Sat Aug 22 14:24:37 CST 2026] Monitor relanzado (pid 51348)
[Sat Aug 22 14:26:40 CST 2026] TUNEL CAIDO (https://wiring-graduates-julia-provided.trycloudflare.com). Relanzando monitor...
[Sat Aug 22 14:26:43 CST 2026] Monitor relanzado (pid 51569)
[Sat Aug 22 14:36:30 CST 2026] OK tunel vivo: https://grow-compatibility-causes-welcome.trycloudflare.com
[Sat Aug 22 14:38:34 CST 2026] OK tunel vivo: https://grow-compatibility-causes-welcome.trycloudflare.com
[Sat Aug 22 14:40:33 CST 2026] OK tunel vivo: https://grow-compatibility-causes-welcome.trycloudflare.com
[Sat Aug 22 14:42:34 CST 2026] OK tunel vivo: https://grow-compatibility-causes-welcome.trycloudflare.com
[Sat Aug 22 14:44:38 CST 2026] OK tunel vivo: https://grow-compatibility-causes-welcome.trycloudflare.com
[Sat Aug 22 14:46:41 CST 2026] TUNEL CAIDO (https://grow-compatibility-causes-welcome.trycloudflare.com). Relanzando monitor...
[Sat Aug 22 14:46:43 CST 2026] Monitor relanzado (pid 52728)
[Sat Aug 22 14:48:38 CST 2026] TUNEL CAIDO (https://bid-hitachi-worked-opposition.trycloudflare.com). Relanzando monitor...
[Sat Aug 22 14:48:41 CST 2026] Monitor relanzado (pid 52853)
[Sat Aug 22 14:50:42 CST 2026] TUNEL CAIDO (https://unions-upcoming-earning-customs.trycloudflare.com). Relanzando monitor...
[Sat Aug 22 14:50:44 CST 2026] Monitor relanzado (pid 52964)
[Sat Aug 22 14:52:40 CST 2026] OK tunel vivo: https://caused-judge-calculations-each.trycloudflare.com
[Sat Aug 22 14:54:37 CST 2026] TUNEL CAIDO (https://caused-judge-calculations-each.trycloudflare.com). Relanzando monitor...
[Sat Aug 22 14:54:39 CST 2026] Monitor relanzado (pid 53163)
[Sat Aug 22 14:56:35 CST 2026] OK tunel vivo: https://adam-survive-hope-adipex.trycloudflare.com
[Sat Aug 22 14:58:31 CST 2026] OK tunel vivo: https://adam-survive-hope-adipex.trycloudflare.com
[Sat Aug 22 15:00:36 CST 2026] OK tunel vivo: https://adam-survive-hope-adipex.trycloudflare.com
[Sat Aug 22 15:02:35 CST 2026] OK tunel vivo: https://adam-survive-hope-adipex.trycloudflare.com
[Sat Aug 22 15:04:35 CST 2026] OK tunel vivo: https://adam-survive-hope-adipex.trycloudflare.com
[Sat Aug 22 15:06:35 CST 2026] OK tunel vivo: https://adam-survive-hope-adipex.trycloudflare.com
[Sat Aug 22 15:08:40 CST 2026] OK tunel vivo: https://adam-survive-hope-adipex.trycloudflare.com
[Sat Aug 22 15:10:36 CST 2026] OK tunel vivo: https://adam-survive-hope-adipex.trycloudflare.com
[Sat Aug 22 15:12:34 CST 2026] OK tunel vivo: https://adam-survive-hope-adipex.trycloudflare.com
[Sat Aug 22 15:14:34 CST 2026] OK tunel vivo: https://adam-survive-hope-adipex.trycloudflare.com
[Sat Aug 22 15:16:39 CST 2026] OK tunel vivo: https://adam-survive-hope-adipex.trycloudflare.com
[Sat Aug 22 15:18:36 CST 2026] OK tunel vivo: https://adam-survive-hope-adipex.trycloudflare.com
[Sat Aug 22 15:20:33 CST 2026] OK tunel vivo: https://adam-survive-hope-adipex.trycloudflare.com
[Sat Aug 22 15:22:35 CST 2026] OK tunel vivo: https://adam-survive-hope-adipex.trycloudflare.com
[Sat Aug 22 15:24:39 CST 2026] TUNEL CAIDO (https://adam-survive-hope-adipex.trycloudflare.com). Relanzando monitor...
[Sat Aug 22 15:24:41 CST 2026] Monitor relanzado (pid 54143)
[Sat Aug 22 15:26:41 CST 2026] TUNEL CAIDO (https://coleman-statute-across-resort.trycloudflare.com). Relanzando monitor...
[Sat Aug 22 15:26:43 CST 2026] Monitor relanzado (pid 54261)
[Sat Aug 22 15:28:32 CST 2026] OK tunel vivo: https://communist-evans-flows-lovely.trycloudflare.com
[Sat Aug 22 15:30:38 CST 2026] TUNEL CAIDO (https://communist-evans-flows-lovely.trycloudflare.com). Relanzando monitor...
[Sat Aug 22 15:30:40 CST 2026] Monitor relanzado (pid 54439)
[Sat Aug 22 15:32:37 CST 2026] OK tunel vivo: https://segment-supplied-terrace-flow.trycloudflare.com
[Sat Aug 22 15:34:42 CST 2026] OK tunel vivo: https://segment-supplied-terrace-flow.trycloudflare.com
[Sat Aug 22 15:36:43 CST 2026] TUNEL CAIDO (https://segment-supplied-terrace-flow.trycloudflare.com). Relanzando monitor...
[Sat Aug 22 15:36:45 CST 2026] Monitor relanzado (pid 54727)
[Sat Aug 22 15:38:40 CST 2026] TUNEL CAIDO (https://duck-myth-short-metric.trycloudflare.com). Relanzando monitor...
[Sat Aug 22 15:38:42 CST 2026] Monitor relanzado (pid 54830)
[Sat Aug 22 15:40:38 CST 2026] TUNEL CAIDO (https://fraction-relates-loud-drama.trycloudflare.com). Relanzando monitor...
[Sat Aug 22 15:40:41 CST 2026] Monitor relanzado (pid 54980)
[Sat Aug 22 15:42:39 CST 2026] TUNEL CAIDO (https://unless-modified-mod-heavy.trycloudflare.com). Relanzando monitor...
[Sat Aug 22 15:42:41 CST 2026] Monitor relanzado (pid 55114)
[Sat Aug 22 15:44:39 CST 2026] TUNEL CAIDO (https://cat-mumbai-larry-adipex.trycloudflare.com). Relanzando monitor...
[Sat Aug 22 15:44:41 CST 2026] Monitor relanzado (pid 55228)
[Sat Aug 22 15:46:37 CST 2026] OK tunel vivo: https://answering-lucas-climate-civic.trycloudflare.com
[Sat Aug 22 15:48:38 CST 2026] OK tunel vivo: https://answering-lucas-climate-civic.trycloudflare.com
[Sat Aug 22 15:50:41 CST 2026] OK tunel vivo: https://answering-lucas-climate-civic.trycloudflare.com
[Sat Aug 22 15:52:33 CST 2026] OK tunel vivo: https://answering-lucas-climate-civic.trycloudflare.com
[Sat Aug 22 15:54:38 CST 2026] OK tunel vivo: https://answering-lucas-climate-civic.trycloudflare.com
[Sat Aug 22 15:56:37 CST 2026] OK tunel vivo: https://answering-lucas-climate-civic.trycloudflare.com
[Sat Aug 22 15:58:36 CST 2026] OK tunel vivo: https://answering-lucas-climate-civic.trycloudflare.com
[Sat Aug 22 16:00:40 CST 2026] OK tunel vivo: https://answering-lucas-climate-civic.trycloudflare.com
[Sat Aug 22 16:02:39 CST 2026] OK tunel vivo: https://answering-lucas-climate-civic.trycloudflare.com
[Sat Aug 22 16:04:37 CST 2026] OK tunel vivo: https://answering-lucas-climate-civic.trycloudflare.com
[Sat Aug 22 16:06:36 CST 2026] OK tunel vivo: https://answering-lucas-climate-civic.trycloudflare.com
[Sat Aug 22 16:08:35 CST 2026] OK tunel vivo: https://answering-lucas-climate-civic.trycloudflare.com
[Sat Aug 22 16:10:37 CST 2026] OK tunel vivo: https://answering-lucas-climate-civic.trycloudflare.com
[Sat Aug 22 16:12:40 CST 2026] OK tunel vivo: https://answering-lucas-climate-civic.trycloudflare.com
[Sat Aug 22 16:14:39 CST 2026] OK tunel vivo: https://answering-lucas-climate-civic.trycloudflare.com
[Sat Aug 22 16:16:36 CST 2026] OK tunel vivo: https://answering-lucas-climate-civic.trycloudflare.com
[Sat Aug 22 16:18:41 CST 2026] OK tunel vivo: https://answering-lucas-climate-civic.trycloudflare.com
[Sat Aug 22 16:20:40 CST 2026] OK tunel vivo: https://answering-lucas-climate-civic.trycloudflare.com
[Sat Aug 22 16:22:37 CST 2026] OK tunel vivo: https://answering-lucas-climate-civic.trycloudflare.com
[Sat Aug 22 16:24:37 CST 2026] OK tunel vivo: https://answering-lucas-climate-civic.trycloudflare.com
[Sat Aug 22 16:26:37 CST 2026] OK tunel vivo: https://answering-lucas-climate-civic.trycloudflare.com
[Sat Aug 22 16:28:37 CST 2026] OK tunel vivo: https://answering-lucas-climate-civic.trycloudflare.com
[Sat Aug 22 16:30:38 CST 2026] OK tunel vivo: https://answering-lucas-climate-civic.trycloudflare.com
[Sat Aug 22 16:32:40 CST 2026] OK tunel vivo: https://answering-lucas-climate-civic.trycloudflare.com
[Sat Aug 22 16:34:41 CST 2026] OK tunel vivo: https://answering-lucas-climate-civic.trycloudflare.com
[Sat Aug 22 16:36:39 CST 2026] OK tunel vivo: https://answering-lucas-climate-civic.trycloudflare.com
[Sat Aug 22 16:38:40 CST 2026] OK tunel vivo: https://answering-lucas-climate-civic.trycloudflare.com
[Sat Aug 22 16:40:42 CST 2026] OK tunel vivo: https://answering-lucas-climate-civic.trycloudflare.com
[Sat Aug 22 16:42:36 CST 2026] OK tunel vivo: https://answering-lucas-climate-civic.trycloudflare.com
[Sat Aug 22 16:44:38 CST 2026] OK tunel vivo: https://answering-lucas-climate-civic.trycloudflare.com
[Sat Aug 22 16:46:41 CST 2026] OK tunel vivo: https://answering-lucas-climate-civic.trycloudflare.com
[Sat Aug 22 16:48:44 CST 2026] TUNEL CAIDO (https://answering-lucas-climate-civic.trycloudflare.com). Relanzando monitor...
[Sat Aug 22 16:48:47 CST 2026] Monitor relanzado (pid 57387)
[Sat Aug 22 16:54:39 CST 2026] OK tunel vivo: https://leo-possibility-homes-republic.trycloudflare.com
[Sat Aug 22 16:56:39 CST 2026] OK tunel vivo: https://leo-possibility-homes-republic.trycloudflare.com
[Sat Aug 22 16:58:38 CST 2026] OK tunel vivo: https://leo-possibility-homes-republic.trycloudflare.com
[Sat Aug 22 17:00:36 CST 2026] OK tunel vivo: https://leo-possibility-homes-republic.trycloudflare.com
[Sat Aug 22 17:02:39 CST 2026] OK tunel vivo: https://leo-possibility-homes-republic.trycloudflare.com
[Sat Aug 22 17:04:38 CST 2026] OK tunel vivo: https://leo-possibility-homes-republic.trycloudflare.com
[Sat Aug 22 17:06:40 CST 2026] OK tunel vivo: https://leo-possibility-homes-republic.trycloudflare.com
[Sat Aug 22 17:08:37 CST 2026] OK tunel vivo: https://leo-possibility-homes-republic.trycloudflare.com
[Sat Aug 22 17:10:42 CST 2026] TUNEL CAIDO (https://leo-possibility-homes-republic.trycloudflare.com). Relanzando monitor...
[Sat Aug 22 17:10:44 CST 2026] Monitor relanzado (pid 58508)
[Sat Aug 22 17:12:43 CST 2026] TUNEL CAIDO (https://directory-device-celtic-sellers.trycloudflare.com). Relanzando monitor...
[Sat Aug 22 17:12:45 CST 2026] Monitor relanzado (pid 58712)
[Sat Aug 22 17:14:40 CST 2026] OK tunel vivo: https://ace-wow-wav-cedar.trycloudflare.com
[Sat Aug 22 17:16:40 CST 2026] OK tunel vivo: https://ace-wow-wav-cedar.trycloudflare.com
[Sat Aug 22 17:18:40 CST 2026] OK tunel vivo: https://ace-wow-wav-cedar.trycloudflare.com
[Sat Aug 22 17:20:41 CST 2026] OK tunel vivo: https://ace-wow-wav-cedar.trycloudflare.com
[Sat Aug 22 17:22:39 CST 2026] OK tunel vivo: https://ace-wow-wav-cedar.trycloudflare.com
[Sat Aug 22 17:24:39 CST 2026] OK tunel vivo: https://ace-wow-wav-cedar.trycloudflare.com
[Sat Aug 22 17:26:40 CST 2026] OK tunel vivo: https://ace-wow-wav-cedar.trycloudflare.com
[Sat Aug 22 17:28:41 CST 2026] OK tunel vivo: https://ace-wow-wav-cedar.trycloudflare.com
[Sat Aug 22 17:30:41 CST 2026] OK tunel vivo: https://ace-wow-wav-cedar.trycloudflare.com
[Sat Aug 22 17:32:41 CST 2026] OK tunel vivo: https://ace-wow-wav-cedar.trycloudflare.com
[Sat Aug 22 17:34:38 CST 2026] OK tunel vivo: https://ace-wow-wav-cedar.trycloudflare.com
[Sat Aug 22 17:36:40 CST 2026] OK tunel vivo: https://ace-wow-wav-cedar.trycloudflare.com
[Sat Aug 22 17:38:40 CST 2026] OK tunel vivo: https://ace-wow-wav-cedar.trycloudflare.com
[Sat Aug 22 17:40:43 CST 2026] TUNEL CAIDO (https://ace-wow-wav-cedar.trycloudflare.com). Relanzando monitor...
[Sat Aug 22 17:40:45 CST 2026] Monitor relanzado (pid 60965)
[Sat Aug 22 17:42:46 CST 2026] TUNEL CAIDO (https://discovery-wellington-congressional-levels.trycloudflare.com). Relanzando monitor...
[Sat Aug 22 17:42:48 CST 2026] Monitor relanzado (pid 61271)
[Sat Aug 22 17:44:44 CST 2026] TUNEL CAIDO (https://bears-betty-live-cruise.trycloudflare.com). Relanzando monitor...
[Sat Aug 22 17:44:46 CST 2026] Monitor relanzado (pid 61535)
[Sat Aug 22 17:46:40 CST 2026] OK tunel vivo: https://adapted-affiliates-analyze-specialized.trycloudflare.com
[Sat Aug 22 17:48:40 CST 2026] OK tunel vivo: https://adapted-affiliates-analyze-specialized.trycloudflare.com
[Sat Aug 22 17:50:40 CST 2026] OK tunel vivo: https://adapted-affiliates-analyze-specialized.trycloudflare.com
[Sat Aug 22 17:52:41 CST 2026] OK tunel vivo: https://adapted-affiliates-analyze-specialized.trycloudflare.com
[Sat Aug 22 17:54:42 CST 2026] OK tunel vivo: https://adapted-affiliates-analyze-specialized.trycloudflare.com
[Sat Aug 22 17:56:45 CST 2026] OK tunel vivo: https://adapted-affiliates-analyze-specialized.trycloudflare.com
[Sat Aug 22 17:58:43 CST 2026] OK tunel vivo: https://adapted-affiliates-analyze-specialized.trycloudflare.com
[Sat Aug 22 18:00:49 CST 2026] TUNEL CAIDO (https://adapted-affiliates-analyze-specialized.trycloudflare.com). Relanzando monitor...
[Sat Aug 22 18:00:51 CST 2026] Monitor relanzado (pid 62296)
[Sat Aug 22 18:02:44 CST 2026] TUNEL CAIDO (https://ability-combines-path-consistency.trycloudflare.com). Relanzando monitor...
[Sat Aug 22 18:02:46 CST 2026] Monitor relanzado (pid 62461)
[Sat Aug 22 18:04:43 CST 2026] OK tunel vivo: https://necessary-episodes-anywhere-repeated.trycloudflare.com
[Sat Aug 22 18:06:47 CST 2026] TUNEL CAIDO (https://necessary-episodes-anywhere-repeated.trycloudflare.com). Relanzando monitor...
[Sat Aug 22 18:06:50 CST 2026] Monitor relanzado (pid 62837)
[Sat Aug 22 18:08:50 CST 2026] OK tunel vivo: https://comprehensive-manual-better-testing.trycloudflare.com
[Sat Aug 22 18:10:49 CST 2026] TUNEL CAIDO (https://comprehensive-manual-better-testing.trycloudflare.com). Relanzando monitor...
[Sat Aug 22 18:10:51 CST 2026] Monitor relanzado (pid 63164)
[Sat Aug 22 18:12:51 CST 2026] TUNEL CAIDO (https://comedy-translate-plug-fell.trycloudflare.com). Relanzando monitor...
[Sat Aug 22 18:12:53 CST 2026] Monitor relanzado (pid 63283)
[Sat Aug 22 18:14:48 CST 2026] TUNEL CAIDO (https://campaigns-bonus-mold-fashion.trycloudflare.com). Relanzando monitor...
[Sat Aug 22 18:14:50 CST 2026] Monitor relanzado (pid 63397)
[Sat Aug 22 18:16:50 CST 2026] TUNEL CAIDO (https://beside-wash-casino-apache.trycloudflare.com). Relanzando monitor...
[Sat Aug 22 18:16:52 CST 2026] Monitor relanzado (pid 63544)
[Sat Aug 22 18:18:49 CST 2026] TUNEL CAIDO (https://spanking-airline-kinase-mystery.trycloudflare.com). Relanzando monitor...
[Sat Aug 22 18:18:51 CST 2026] Monitor relanzado (pid 63667)
[Sat Aug 22 18:20:44 CST 2026] OK tunel vivo: https://ultram-mlb-freebsd-chat.trycloudflare.com
[Sat Aug 22 18:22:45 CST 2026] OK tunel vivo: https://ultram-mlb-freebsd-chat.trycloudflare.com
[Sat Aug 22 18:24:49 CST 2026] OK tunel vivo: https://ultram-mlb-freebsd-chat.trycloudflare.com
[Sat Aug 22 18:26:44 CST 2026] OK tunel vivo: https://ultram-mlb-freebsd-chat.trycloudflare.com
[Sat Aug 22 18:28:48 CST 2026] OK tunel vivo: https://ultram-mlb-freebsd-chat.trycloudflare.com
[Sat Aug 22 18:30:49 CST 2026] OK tunel vivo: https://ultram-mlb-freebsd-chat.trycloudflare.com
[Sat Aug 22 18:32:48 CST 2026] OK tunel vivo: https://ultram-mlb-freebsd-chat.trycloudflare.com
[Sat Aug 22 18:34:44 CST 2026] OK tunel vivo: https://ultram-mlb-freebsd-chat.trycloudflare.com
[Sat Aug 22 18:36:45 CST 2026] OK tunel vivo: https://ultram-mlb-freebsd-chat.trycloudflare.com
[Sat Aug 22 18:38:46 CST 2026] OK tunel vivo: https://ultram-mlb-freebsd-chat.trycloudflare.com
[Sat Aug 22 18:40:45 CST 2026] OK tunel vivo: https://ultram-mlb-freebsd-chat.trycloudflare.com
[Sat Aug 22 18:42:46 CST 2026] OK tunel vivo: https://ultram-mlb-freebsd-chat.trycloudflare.com
[Sat Aug 22 18:44:44 CST 2026] OK tunel vivo: https://ultram-mlb-freebsd-chat.trycloudflare.com
[Sat Aug 22 18:46:50 CST 2026] TUNEL CAIDO (https://ultram-mlb-freebsd-chat.trycloudflare.com). Relanzando monitor...
[Sat Aug 22 18:46:52 CST 2026] Monitor relanzado (pid 65500)
[Sat Aug 22 18:48:48 CST 2026] TUNEL CAIDO (https://scratch-radiation-texts-academic.trycloudflare.com). Relanzando monitor...
[Sat Aug 22 18:48:50 CST 2026] Monitor relanzado (pid 65663)
[Sat Aug 22 18:50:45 CST 2026] OK tunel vivo: https://systems-calibration-south-jonathan.trycloudflare.com
[Sat Aug 22 18:52:50 CST 2026] TUNEL CAIDO (https://systems-calibration-south-jonathan.trycloudflare.com). Relanzando monitor...
[Sat Aug 22 18:52:52 CST 2026] Monitor relanzado (pid 65957)
[Sat Aug 22 18:54:53 CST 2026] TUNEL CAIDO (https://talking-nirvana-forty-snapshot.trycloudflare.com). Relanzando monitor...
[Sat Aug 22 18:54:55 CST 2026] Monitor relanzado (pid 66088)
[Sat Aug 22 18:56:48 CST 2026] TUNEL CAIDO (https://creativity-entity-integrity-brooklyn.trycloudflare.com). Relanzando monitor...
[Sat Aug 22 18:56:50 CST 2026] Monitor relanzado (pid 66280)
[Sat Aug 22 18:58:47 CST 2026] OK tunel vivo: https://hall-tickets-fridge-encyclopedia.trycloudflare.com
[Sat Aug 22 19:00:51 CST 2026] OK tunel vivo: https://hall-tickets-fridge-encyclopedia.trycloudflare.com
[Sat Aug 22 19:02:50 CST 2026] OK tunel vivo: https://hall-tickets-fridge-encyclopedia.trycloudflare.com
[Sat Aug 22 19:04:48 CST 2026] TUNEL CAIDO (https://hall-tickets-fridge-encyclopedia.trycloudflare.com). Relanzando monitor...
[Sat Aug 22 19:04:50 CST 2026] Monitor relanzado (pid 66774)
[Sat Aug 22 19:06:52 CST 2026] TUNEL CAIDO (https://just-islands-selected-doug.trycloudflare.com). Relanzando monitor...
[Sat Aug 22 19:06:54 CST 2026] Monitor relanzado (pid 66894)
[Sat Aug 22 19:08:50 CST 2026] OK tunel vivo: https://alternative-enzyme-gpl-alternate.trycloudflare.com
[Sat Aug 22 19:10:47 CST 2026] OK tunel vivo: https://alternative-enzyme-gpl-alternate.trycloudflare.com
[Sat Aug 22 19:12:52 CST 2026] TUNEL CAIDO (https://alternative-enzyme-gpl-alternate.trycloudflare.com). Relanzando monitor...
[Sat Aug 22 19:12:54 CST 2026] Monitor relanzado (pid 67166)
[Sat Aug 22 19:14:47 CST 2026] OK tunel vivo: https://colors-notified-moves-drug.trycloudflare.com
[Sat Aug 22 19:16:51 CST 2026] OK tunel vivo: https://colors-notified-moves-drug.trycloudflare.com
[Sat Aug 22 19:18:51 CST 2026] OK tunel vivo: https://colors-notified-moves-drug.trycloudflare.com
[Sat Aug 22 19:20:47 CST 2026] OK tunel vivo: https://colors-notified-moves-drug.trycloudflare.com
[Sat Aug 22 19:22:47 CST 2026] OK tunel vivo: https://colors-notified-moves-drug.trycloudflare.com
[Sat Aug 22 19:24:47 CST 2026] OK tunel vivo: https://colors-notified-moves-drug.trycloudflare.com
[Sat Aug 22 19:26:46 CST 2026] OK tunel vivo: https://colors-notified-moves-drug.trycloudflare.com
[Sat Aug 22 19:28:52 CST 2026] OK tunel vivo: https://colors-notified-moves-drug.trycloudflare.com
[Sat Aug 22 19:30:55 CST 2026] TUNEL CAIDO (https://colors-notified-moves-drug.trycloudflare.com). Relanzando monitor...
[Sat Aug 22 19:30:57 CST 2026] Monitor relanzado (pid 67759)
[Sat Aug 22 19:32:53 CST 2026] TUNEL CAIDO (https://projector-moral-hayes-script.trycloudflare.com). Relanzando monitor...
[Sat Aug 22 19:32:55 CST 2026] Monitor relanzado (pid 67947)
[Sat Aug 22 19:34:51 CST 2026] TUNEL CAIDO (https://str-intention-craft-classes.trycloudflare.com). Relanzando monitor...
[Sat Aug 22 19:34:53 CST 2026] Monitor relanzado (pid 68071)
[Sat Aug 22 19:36:57 CST 2026] TUNEL CAIDO (https://flux-chris-events-styles.trycloudflare.com). Relanzando monitor...
[Sat Aug 22 19:36:59 CST 2026] Monitor relanzado (pid 68211)
[Sat Aug 22 19:38:55 CST 2026] TUNEL CAIDO (https://commission-something-democrats-ellis.trycloudflare.com). Relanzando monitor...
[Sat Aug 22 19:38:57 CST 2026] Monitor relanzado (pid 68324)
[Sat Aug 22 19:42:58 CST 2026] TUNEL CAIDO (https://window-reasons-inputs-textbook.trycloudflare.com). Relanzando monitor...
[Sat Aug 22 19:43:01 CST 2026] Monitor relanzado (pid 68514)
[Sat Aug 22 19:48:56 CST 2026] TUNEL CAIDO (https://considering-unions-terms-davidson.trycloudflare.com). Relanzando monitor...
[Sat Aug 22 19:48:59 CST 2026] Monitor relanzado (pid 68797)
[Sat Aug 22 19:51:00 CST 2026] TUNEL CAIDO (https://measured-guidance-partition-sell.trycloudflare.com). Relanzando monitor...
[Sat Aug 22 19:51:02 CST 2026] Monitor relanzado (pid 68916)
[Sat Aug 22 19:52:59 CST 2026] TUNEL CAIDO (https://implemented-november-biographies-beginning.trycloudflare.com). Relanzando monitor...
[Sat Aug 22 19:53:01 CST 2026] Monitor relanzado (pid 69044)
[Sat Aug 22 19:54:57 CST 2026] TUNEL CAIDO (https://hitachi-get-soundtrack-atomic.trycloudflare.com). Relanzando monitor...
[Sat Aug 22 19:54:59 CST 2026] Monitor relanzado (pid 69164)
[Sat Aug 22 20:00:58 CST 2026] OK tunel vivo: https://addresses-golf-unavailable-cabinets.trycloudflare.com
[Sat Aug 22 20:02:53 CST 2026] OK tunel vivo: https://addresses-golf-unavailable-cabinets.trycloudflare.com
[Sat Aug 22 20:04:54 CST 2026] OK tunel vivo: https://addresses-golf-unavailable-cabinets.trycloudflare.com
[Sat Aug 22 20:06:57 CST 2026] TUNEL CAIDO (https://addresses-golf-unavailable-cabinets.trycloudflare.com). Relanzando monitor...
[Sat Aug 22 20:06:59 CST 2026] Monitor relanzado (pid 69858)
[Sat Aug 22 20:08:56 CST 2026] OK tunel vivo: https://earned-reservation-expected-gps.trycloudflare.com
[Sat Aug 22 20:10:58 CST 2026] OK tunel vivo: https://earned-reservation-expected-gps.trycloudflare.com
[Sat Aug 22 20:12:58 CST 2026] OK tunel vivo: https://earned-reservation-expected-gps.trycloudflare.com
[Sat Aug 22 20:15:00 CST 2026] OK tunel vivo: https://earned-reservation-expected-gps.trycloudflare.com
[Sat Aug 22 20:16:59 CST 2026] OK tunel vivo: https://earned-reservation-expected-gps.trycloudflare.com
[Sat Aug 22 20:19:01 CST 2026] TUNEL CAIDO (https://earned-reservation-expected-gps.trycloudflare.com). Relanzando monitor...
[Sat Aug 22 20:19:03 CST 2026] Monitor relanzado (pid 70369)
[Sat Aug 22 20:21:01 CST 2026] TUNEL CAIDO (https://honor-motels-affairs-one.trycloudflare.com). Relanzando monitor...
[Sat Aug 22 20:21:03 CST 2026] Monitor relanzado (pid 70472)
[Sat Aug 22 20:22:57 CST 2026] TUNEL CAIDO (https://applied-treat-phillips-firefox.trycloudflare.com). Relanzando monitor...
[Sat Aug 22 20:23:00 CST 2026] Monitor relanzado (pid 70575)
[Sat Aug 22 20:25:00 CST 2026] OK tunel vivo: https://nevada-purchasing-herself-talent.trycloudflare.com
[Sat Aug 22 20:27:00 CST 2026] OK tunel vivo: https://nevada-purchasing-herself-talent.trycloudflare.com
[Sat Aug 22 20:29:00 CST 2026] OK tunel vivo: https://nevada-purchasing-herself-talent.trycloudflare.com
[Sat Aug 22 20:30:58 CST 2026] TUNEL CAIDO (https://nevada-purchasing-herself-talent.trycloudflare.com). Relanzando monitor...
[Sat Aug 22 20:31:00 CST 2026] Monitor relanzado (pid 70868)
[Sat Aug 22 20:33:01 CST 2026] TUNEL CAIDO (https://include-viking-extract-barely.trycloudflare.com). Relanzando monitor...
[Sat Aug 22 20:33:03 CST 2026] Monitor relanzado (pid 71012)
[Sat Aug 22 20:35:02 CST 2026] TUNEL CAIDO (https://ottawa-cattle-does-pension.trycloudflare.com). Relanzando monitor...
[Sat Aug 22 20:35:04 CST 2026] Monitor relanzado (pid 71242)
[Sat Aug 22 20:36:59 CST 2026] TUNEL CAIDO (https://affiliates-bases-mission-soldier.trycloudflare.com). Relanzando monitor...
[Sat Aug 22 20:37:01 CST 2026] Monitor relanzado (pid 71382)
[Sat Aug 22 20:38:59 CST 2026] OK tunel vivo: https://charm-interstate-charitable-par.trycloudflare.com
[Sat Aug 22 20:40:59 CST 2026] OK tunel vivo: https://charm-interstate-charitable-par.trycloudflare.com
[Sat Aug 22 20:43:04 CST 2026] TUNEL CAIDO (https://charm-interstate-charitable-par.trycloudflare.com). Relanzando monitor...
[Sat Aug 22 20:43:06 CST 2026] Monitor relanzado (pid 71714)
[Sat Aug 22 20:45:00 CST 2026] OK tunel vivo: https://trigger-blackberry-shakira-salt.trycloudflare.com
[Sat Aug 22 20:47:00 CST 2026] TUNEL CAIDO (https://trigger-blackberry-shakira-salt.trycloudflare.com). Relanzando monitor...
[Sat Aug 22 20:47:02 CST 2026] Monitor relanzado (pid 71930)
[Sat Aug 22 20:48:58 CST 2026] OK tunel vivo: https://refined-functions-awareness-filled.trycloudflare.com
[Sat Aug 22 20:51:03 CST 2026] TUNEL CAIDO (https://refined-functions-awareness-filled.trycloudflare.com). Relanzando monitor...
[Sat Aug 22 20:51:05 CST 2026] Monitor relanzado (pid 72101)
[Sat Aug 22 20:53:03 CST 2026] TUNEL CAIDO (https://sentence-processing-rely-days.trycloudflare.com). Relanzando monitor...
[Sat Aug 22 20:53:05 CST 2026] Monitor relanzado (pid 72212)
[Sat Aug 22 20:54:59 CST 2026] OK tunel vivo: https://exceed-copying-publishing-illustrations.trycloudflare.com
[Sat Aug 22 20:57:04 CST 2026] TUNEL CAIDO (https://exceed-copying-publishing-illustrations.trycloudflare.com). Relanzando monitor...
[Sat Aug 22 20:57:06 CST 2026] Monitor relanzado (pid 72381)
[Sat Aug 22 20:58:58 CST 2026] OK tunel vivo: https://tractor-bulk-optics-summit.trycloudflare.com
[Sat Aug 22 21:01:01 CST 2026] OK tunel vivo: https://tractor-bulk-optics-summit.trycloudflare.com
[Sat Aug 22 21:03:00 CST 2026] TUNEL CAIDO (https://tractor-bulk-optics-summit.trycloudflare.com). Relanzando monitor...
[Sat Aug 22 21:03:02 CST 2026] Monitor relanzado (pid 72594)
[Sat Aug 22 21:05:06 CST 2026] TUNEL CAIDO (https://movies-narrow-hardly-pos.trycloudflare.com). Relanzando monitor...
[Sat Aug 22 21:05:08 CST 2026] Monitor relanzado (pid 72711)
[Sat Aug 22 21:07:06 CST 2026] TUNEL CAIDO (https://charity-discovered-dog-spirits.trycloudflare.com). Relanzando monitor...
[Sat Aug 22 21:07:09 CST 2026] Monitor relanzado (pid 72823)
[Sat Aug 22 21:09:08 CST 2026] OK tunel vivo: https://oasis-stan-pork-relating.trycloudflare.com
[Sat Aug 22 21:11:04 CST 2026] TUNEL CAIDO (https://oasis-stan-pork-relating.trycloudflare.com). Relanzando monitor...
[Sat Aug 22 21:11:07 CST 2026] Monitor relanzado (pid 72982)
[Sat Aug 22 21:15:02 CST 2026] OK tunel vivo: https://relate-yellow-laughing-bronze.trycloudflare.com
[Sat Aug 22 21:17:05 CST 2026] TUNEL CAIDO (https://relate-yellow-laughing-bronze.trycloudflare.com). Relanzando monitor...
[Sat Aug 22 21:17:07 CST 2026] Monitor relanzado (pid 73203)
[Sat Aug 22 21:19:04 CST 2026] TUNEL CAIDO (https://unsigned-daughter-selling-diving.trycloudflare.com). Relanzando monitor...
[Sat Aug 22 21:19:07 CST 2026] Monitor relanzado (pid 73329)
[Sat Aug 22 21:23:06 CST 2026] OK tunel vivo: https://underground-breeds-somerset-port.trycloudflare.com
[Sat Aug 22 21:25:06 CST 2026] TUNEL CAIDO (https://underground-breeds-somerset-port.trycloudflare.com). Relanzando monitor...
[Sat Aug 22 21:25:09 CST 2026] Monitor relanzado (pid 73582)
[Sat Aug 22 21:27:06 CST 2026] TUNEL CAIDO (https://chairman-regardless-slideshow-guests.trycloudflare.com). Relanzando monitor...
[Sat Aug 22 21:27:08 CST 2026] Monitor relanzado (pid 73716)
[Sat Aug 22 21:31:08 CST 2026] TUNEL CAIDO (https://val-scanner-alpha-strikes.trycloudflare.com). Relanzando monitor...
[Sat Aug 22 21:31:11 CST 2026] Monitor relanzado (pid 73941)
[Sat Aug 22 21:35:11 CST 2026] TUNEL CAIDO (https://seattle-gps-achievement-accurately.trycloudflare.com). Relanzando monitor...
[Sat Aug 22 21:35:14 CST 2026] Monitor relanzado (pid 74690)
[Sat Aug 22 21:37:08 CST 2026] TUNEL CAIDO (https://secretariat-broker-way-requests.trycloudflare.com). Relanzando monitor...
[Sat Aug 22 21:37:10 CST 2026] Monitor relanzado (pid 74831)
[Sat Aug 22 21:47:13 CST 2026] TUNEL CAIDO (https://processing-blah-cowboy-muze.trycloudflare.com). Relanzando monitor...
[Sat Aug 22 21:47:16 CST 2026] Monitor relanzado (pid 75333)
[Sat Aug 22 21:49:17 CST 2026] TUNEL CAIDO (https://stephen-matches-half-christmas.trycloudflare.com). Relanzando monitor...
[Sat Aug 22 21:49:19 CST 2026] Monitor relanzado (pid 75465)
[Sat Aug 22 21:51:11 CST 2026] TUNEL CAIDO (https://being-graphics-amended-iowa.trycloudflare.com). Relanzando monitor...
[Sat Aug 22 21:51:13 CST 2026] Monitor relanzado (pid 75584)
[Sat Aug 22 21:53:08 CST 2026] OK tunel vivo: https://witch-senate-decreased-explicit.trycloudflare.com
[Sat Aug 22 21:55:14 CST 2026] OK tunel vivo: https://witch-senate-decreased-explicit.trycloudflare.com
[Sat Aug 22 21:57:08 CST 2026] OK tunel vivo: https://witch-senate-decreased-explicit.trycloudflare.com
[Sat Aug 22 21:59:09 CST 2026] OK tunel vivo: https://witch-senate-decreased-explicit.trycloudflare.com
[Sat Aug 22 22:01:16 CST 2026] TUNEL CAIDO (https://witch-senate-decreased-explicit.trycloudflare.com). Relanzando monitor...
[Sat Aug 22 22:01:18 CST 2026] Monitor relanzado (pid 75992)
[Sat Aug 22 22:03:13 CST 2026] TUNEL CAIDO (https://plug-bold-mic-shadows.trycloudflare.com). Relanzando monitor...
[Sat Aug 22 22:03:16 CST 2026] Monitor relanzado (pid 76121)
[Sat Aug 22 22:07:12 CST 2026] TUNEL CAIDO (https://prepare-keen-fellow-commission.trycloudflare.com). Relanzando monitor...
[Sat Aug 22 22:07:14 CST 2026] Monitor relanzado (pid 76339)
[Sat Aug 22 22:09:09 CST 2026] OK tunel vivo: https://responsibility-moscow-round-segments.trycloudflare.com
[Sat Aug 22 22:11:09 CST 2026] OK tunel vivo: https://responsibility-moscow-round-segments.trycloudflare.com
[Sat Aug 22 22:13:11 CST 2026] OK tunel vivo: https://responsibility-moscow-round-segments.trycloudflare.com
[Sat Aug 22 22:15:10 CST 2026] OK tunel vivo: https://responsibility-moscow-round-segments.trycloudflare.com
[Sat Aug 22 22:17:13 CST 2026] OK tunel vivo: https://responsibility-moscow-round-segments.trycloudflare.com
[Sat Aug 22 22:19:14 CST 2026] OK tunel vivo: https://responsibility-moscow-round-segments.trycloudflare.com
[Sat Aug 22 22:21:10 CST 2026] OK tunel vivo: https://responsibility-moscow-round-segments.trycloudflare.com
[Sat Aug 22 22:23:09 CST 2026] OK tunel vivo: https://responsibility-moscow-round-segments.trycloudflare.com
[Sat Aug 22 22:25:16 CST 2026] OK tunel vivo: https://responsibility-moscow-round-segments.trycloudflare.com
[Sat Aug 22 22:27:09 CST 2026] OK tunel vivo: https://responsibility-moscow-round-segments.trycloudflare.com
[Sat Aug 22 22:29:12 CST 2026] TUNEL CAIDO (https://responsibility-moscow-round-segments.trycloudflare.com). Relanzando monitor...
[Sat Aug 22 22:29:15 CST 2026] Monitor relanzado (pid 77143)
[Sat Aug 22 22:31:18 CST 2026] TUNEL CAIDO (https://checked-harry-choose-lenders.trycloudflare.com). Relanzando monitor...
[Sat Aug 22 22:31:20 CST 2026] Monitor relanzado (pid 77265)
[Sat Aug 22 22:34:15 CST 2026] TUNEL CAIDO (https://political-martin-cabinets-foods.trycloudflare.com). Relanzando monitor...
[Sat Aug 22 22:34:18 CST 2026] Monitor relanzado (pid 77434)
[Sat Aug 22 22:36:16 CST 2026] TUNEL CAIDO (https://positioning-argument-sponsors-illustration.trycloudflare.com). Relanzando monitor...
[Sat Aug 22 22:36:19 CST 2026] Monitor relanzado (pid 77552)
[Sat Aug 22 22:38:15 CST 2026] TUNEL CAIDO (https://vertex-geek-gospel-lewis.trycloudflare.com). Relanzando monitor...
[Sat Aug 22 22:38:17 CST 2026] Monitor relanzado (pid 77655)
[Sat Aug 22 22:40:15 CST 2026] TUNEL CAIDO (https://acc-workflow-summit-herself.trycloudflare.com). Relanzando monitor...
[Sat Aug 22 22:40:17 CST 2026] Monitor relanzado (pid 77849)
[Sat Aug 22 22:42:18 CST 2026] TUNEL CAIDO (https://convergence-speed-directly-broke.trycloudflare.com). Relanzando monitor...
[Sat Aug 22 22:42:20 CST 2026] Monitor relanzado (pid 78465)
[Sat Aug 22 22:44:12 CST 2026] OK tunel vivo: https://enjoying-designed-east-drew.trycloudflare.com
[Sat Aug 22 22:46:11 CST 2026] OK tunel vivo: https://enjoying-designed-east-drew.trycloudflare.com
[Sat Aug 22 22:48:12 CST 2026] OK tunel vivo: https://enjoying-designed-east-drew.trycloudflare.com
[Sat Aug 22 22:50:14 CST 2026] TUNEL CAIDO (https://enjoying-designed-east-drew.trycloudflare.com). Relanzando monitor...
[Sat Aug 22 22:50:16 CST 2026] Monitor relanzado (pid 78903)
[Sat Aug 22 22:52:15 CST 2026] TUNEL CAIDO (https://marie-permits-informational-receptors.trycloudflare.com). Relanzando monitor...
[Sat Aug 22 22:52:17 CST 2026] Monitor relanzado (pid 79009)
[Sat Aug 22 22:54:17 CST 2026] TUNEL CAIDO (https://webster-places-christopher-soma.trycloudflare.com). Relanzando monitor...
[Sat Aug 22 22:54:20 CST 2026] Monitor relanzado (pid 79115)
[Sat Aug 22 22:56:14 CST 2026] TUNEL CAIDO (https://nor-ideas-mechanisms-triangle.trycloudflare.com). Relanzando monitor...
[Sat Aug 22 22:56:16 CST 2026] Monitor relanzado (pid 79242)
[Sat Aug 22 22:58:18 CST 2026] TUNEL CAIDO (https://displays-diff-dealtime-carol.trycloudflare.com). Relanzando monitor...
[Sat Aug 22 22:58:20 CST 2026] Monitor relanzado (pid 79361)
[Sat Aug 22 23:00:14 CST 2026] TUNEL CAIDO (https://dropped-makes-submission-representatives.trycloudflare.com). Relanzando monitor...
[Sat Aug 22 23:00:17 CST 2026] Monitor relanzado (pid 79473)
[Sat Aug 22 23:02:17 CST 2026] TUNEL CAIDO (https://optimization-leaf-chemical-latinas.trycloudflare.com). Relanzando monitor...
[Sat Aug 22 23:02:19 CST 2026] Monitor relanzado (pid 79605)
[Sat Aug 22 23:04:18 CST 2026] TUNEL CAIDO (https://chairman-attorneys-treatments-search.trycloudflare.com). Relanzando monitor...
[Sat Aug 22 23:04:20 CST 2026] Monitor relanzado (pid 79758)
[Sat Aug 22 23:06:17 CST 2026] TUNEL CAIDO (https://literature-mac-trail-means.trycloudflare.com). Relanzando monitor...
[Sat Aug 22 23:06:20 CST 2026] Monitor relanzado (pid 79867)
[Sat Aug 22 23:08:15 CST 2026] TUNEL CAIDO (https://machinery-hear-painting-cigarette.trycloudflare.com). Relanzando monitor...
[Sat Aug 22 23:08:17 CST 2026] Monitor relanzado (pid 79977)
[Sat Aug 22 23:10:19 CST 2026] TUNEL CAIDO (https://terrorism-radio-institution-hearings.trycloudflare.com). Relanzando monitor...
[Sat Aug 22 23:10:21 CST 2026] Monitor relanzado (pid 80106)
[Sat Aug 22 23:12:18 CST 2026] OK tunel vivo: https://mortgage-focusing-suits-airport.trycloudflare.com
[Sat Aug 22 23:14:15 CST 2026] TUNEL CAIDO (https://mortgage-focusing-suits-airport.trycloudflare.com). Relanzando monitor...
[Sat Aug 22 23:14:17 CST 2026] Monitor relanzado (pid 80295)
[Sat Aug 22 23:16:18 CST 2026] TUNEL CAIDO (https://martial-genetics-tex-interface.trycloudflare.com). Relanzando monitor...
[Sat Aug 22 23:16:20 CST 2026] Monitor relanzado (pid 80393)
[Sat Aug 22 23:18:16 CST 2026] TUNEL CAIDO (https://concerns-pierre-bacon-follows.trycloudflare.com). Relanzando monitor...
[Sat Aug 22 23:18:18 CST 2026] Monitor relanzado (pid 80495)
[Sat Aug 22 23:20:15 CST 2026] TUNEL CAIDO (https://artwork-vista-equations-imagination.trycloudflare.com). Relanzando monitor...
[Sat Aug 22 23:20:17 CST 2026] Monitor relanzado (pid 80614)
[Sat Aug 22 23:22:19 CST 2026] TUNEL CAIDO (https://protest-housewares-societies-within.trycloudflare.com). Relanzando monitor...
[Sat Aug 22 23:22:21 CST 2026] Monitor relanzado (pid 80708)
[Sat Aug 22 23:24:18 CST 2026] TUNEL CAIDO (https://delayed-libs-ant-cleared.trycloudflare.com). Relanzando monitor...
[Sat Aug 22 23:24:20 CST 2026] Monitor relanzado (pid 80864)
[Sat Aug 22 23:26:15 CST 2026] TUNEL CAIDO (https://hunting-engineer-antibody-vanilla.trycloudflare.com). Relanzando monitor...
[Sat Aug 22 23:26:17 CST 2026] Monitor relanzado (pid 80973)
[Sat Aug 22 23:28:19 CST 2026] TUNEL CAIDO (https://videos-strictly-hugh-lamp.trycloudflare.com). Relanzando monitor...
[Sat Aug 22 23:28:21 CST 2026] Monitor relanzado (pid 81077)
[Sat Aug 22 23:30:15 CST 2026] TUNEL CAIDO (https://scenario-secret-franklin-hydraulic.trycloudflare.com). Relanzando monitor...
[Sat Aug 22 23:30:17 CST 2026] Monitor relanzado (pid 81202)
[Sat Aug 22 23:32:20 CST 2026] TUNEL CAIDO (https://effects-caught-algorithm-campus.trycloudflare.com). Relanzando monitor...
[Sat Aug 22 23:32:22 CST 2026] Monitor relanzado (pid 81313)
[Sat Aug 22 23:34:16 CST 2026] TUNEL CAIDO (https://structures-buzz-headed-night.trycloudflare.com). Relanzando monitor...
[Sat Aug 22 23:34:18 CST 2026] Monitor relanzado (pid 81434)
[Sat Aug 22 23:36:16 CST 2026] TUNEL CAIDO (https://lucy-lighter-companion-overview.trycloudflare.com). Relanzando monitor...
[Sat Aug 22 23:36:18 CST 2026] Monitor relanzado (pid 81582)
[Sat Aug 22 23:38:18 CST 2026] TUNEL CAIDO (https://participants-shoes-plans-aye.trycloudflare.com). Relanzando monitor...
[Sat Aug 22 23:38:20 CST 2026] Monitor relanzado (pid 81688)
[Sat Aug 22 23:40:19 CST 2026] TUNEL CAIDO (https://ala-non-late-justify.trycloudflare.com). Relanzando monitor...
[Sat Aug 22 23:40:21 CST 2026] Monitor relanzado (pid 81801)
[Sat Aug 22 23:42:19 CST 2026] TUNEL CAIDO (https://freely-accessing-except-infants.trycloudflare.com). Relanzando monitor...
[Sat Aug 22 23:42:21 CST 2026] Monitor relanzado (pid 81936)
[Sat Aug 22 23:44:15 CST 2026] OK tunel vivo: https://entity-arabic-clock-hints.trycloudflare.com
[Sat Aug 22 23:46:16 CST 2026] OK tunel vivo: https://entity-arabic-clock-hints.trycloudflare.com
[Sat Aug 22 23:48:21 CST 2026] OK tunel vivo: https://entity-arabic-clock-hints.trycloudflare.com
[Sat Aug 22 23:50:20 CST 2026] TUNEL CAIDO (https://entity-arabic-clock-hints.trycloudflare.com). Relanzando monitor...
[Sat Aug 22 23:50:22 CST 2026] Monitor relanzado (pid 82281)
[Sat Aug 22 23:52:17 CST 2026] TUNEL CAIDO (https://meetup-cad-coins-extreme.trycloudflare.com). Relanzando monitor...
[Sat Aug 22 23:52:19 CST 2026] Monitor relanzado (pid 82432)
[Sat Aug 22 23:54:19 CST 2026] TUNEL CAIDO (https://lecture-love-mia-cigarettes.trycloudflare.com). Relanzando monitor...
[Sat Aug 22 23:54:21 CST 2026] Monitor relanzado (pid 82541)
[Sat Aug 22 23:56:19 CST 2026] TUNEL CAIDO (https://bald-land-depth-times.trycloudflare.com). Relanzando monitor...
[Sat Aug 22 23:56:21 CST 2026] Monitor relanzado (pid 82657)
[Sat Aug 22 23:58:26 CST 2026] TUNEL CAIDO (https://easily-threshold-modems-emperor.trycloudflare.com). Relanzando monitor...
[Sat Aug 22 23:58:28 CST 2026] Monitor relanzado (pid 82774)
[Sun Aug 23 00:04:12 CST 2026] OK tunel vivo: https://easily-threshold-modems-emperor.trycloudflare.com
[Sun Aug 23 00:08:10 CST 2026] OK tunel vivo: https://easily-threshold-modems-emperor.trycloudflare.com
[Sun Aug 23 00:10:12 CST 2026] OK tunel vivo: https://easily-threshold-modems-emperor.trycloudflare.com
[Sun Aug 23 00:12:10 CST 2026] OK tunel vivo: https://easily-threshold-modems-emperor.trycloudflare.com
[Sun Aug 23 00:14:14 CST 2026] OK tunel vivo: https://easily-threshold-modems-emperor.trycloudflare.com
[Sun Aug 23 00:16:13 CST 2026] OK tunel vivo: https://easily-threshold-modems-emperor.trycloudflare.com
[Sun Aug 23 00:18:10 CST 2026] TUNEL CAIDO (https://easily-threshold-modems-emperor.trycloudflare.com). Relanzando monitor...
[Sun Aug 23 00:18:12 CST 2026] Monitor relanzado (pid 88931)
[Sun Aug 23 00:24:09 CST 2026] TUNEL CAIDO (https://easily-threshold-modems-emperor.trycloudflare.com). Relanzando monitor...
[Sun Aug 23 00:24:11 CST 2026] Monitor relanzado (pid 90515)
[Sun Aug 23 00:34:09 CST 2026] TUNEL CAIDO (https://easily-threshold-modems-emperor.trycloudflare.com). Relanzando monitor...
[Sun Aug 23 00:34:11 CST 2026] Monitor relanzado (pid 92424)
[Sun Aug 23 00:40:12 CST 2026] TUNEL CAIDO (https://easily-threshold-modems-emperor.trycloudflare.com). Relanzando monitor...
[Sun Aug 23 00:40:14 CST 2026] Monitor relanzado (pid 94073)
[Sun Aug 23 00:50:14 CST 2026] TUNEL CAIDO (https://easily-threshold-modems-emperor.trycloudflare.com). Relanzando monitor...
[Sun Aug 23 00:50:16 CST 2026] Monitor relanzado (pid 96792)
[Sun Aug 23 00:51:02 CST 2026] TUNEL CAIDO (https://easily-threshold-modems-emperor.trycloudflare.com). Relanzando monitor...
[Sun Aug 23 00:51:04 CST 2026] Monitor relanzado (pid 97072)
[Sun Aug 23 00:54:10 CST 2026] TUNEL CAIDO (https://easily-threshold-modems-emperor.trycloudflare.com). Relanzando monitor...
[Sun Aug 23 00:54:12 CST 2026] Monitor relanzado (pid 97912)
[Sun Aug 23 01:04:24 CST 2026] OK tunel vivo: https://dvds-enjoy-anymore-although.trycloudflare.com
[Sun Aug 23 01:05:36 CST 2026] OK tunel vivo: https://dvds-enjoy-anymore-although.trycloudflare.com
[Sun Aug 23 01:10:24 CST 2026] TUNEL CAIDO (https://realtor-cultural-mineral-decorative.trycloudflare.com). Relanzando monitor...
[Sun Aug 23 01:10:26 CST 2026] Monitor relanzado (pid 99943)
[Sun Aug 23 01:12:22 CST 2026] OK tunel vivo: https://police-pending-looking-term.trycloudflare.com
[Sun Aug 23 01:14:22 CST 2026] TUNEL CAIDO (https://police-pending-looking-term.trycloudflare.com). Relanzando monitor...
[Sun Aug 23 01:14:25 CST 2026] Monitor relanzado (pid 240)
[Sun Aug 23 01:16:19 CST 2026] TUNEL CAIDO (https://distant-input-broker-architect.trycloudflare.com). Relanzando monitor...
[Sun Aug 23 01:16:21 CST 2026] Monitor relanzado (pid 358)
[Sun Aug 23 01:18:18 CST 2026] TUNEL CAIDO (https://race-kim-weekends-picked.trycloudflare.com). Relanzando monitor...
[Sun Aug 23 01:18:20 CST 2026] Monitor relanzado (pid 515)
[Sun Aug 23 01:20:20 CST 2026] TUNEL CAIDO (https://insider-products-vocal-speakers.trycloudflare.com). Relanzando monitor...
[Sun Aug 23 01:20:22 CST 2026] Monitor relanzado (pid 656)
[Sun Aug 23 01:22:21 CST 2026] TUNEL CAIDO (https://hereby-purse-supreme-productions.trycloudflare.com). Relanzando monitor...
[Sun Aug 23 01:22:23 CST 2026] Monitor relanzado (pid 805)
[Sun Aug 23 01:24:21 CST 2026] TUNEL CAIDO (https://nomination-prep-values-lawyer.trycloudflare.com). Relanzando monitor...
[Sun Aug 23 01:24:23 CST 2026] Monitor relanzado (pid 939)
[Sun Aug 23 01:26:18 CST 2026] TUNEL CAIDO (https://velocity-else-greetings-jeffrey.trycloudflare.com). Relanzando monitor...
[Sun Aug 23 01:26:20 CST 2026] Monitor relanzado (pid 1055)
[Sun Aug 23 01:28:20 CST 2026] TUNEL CAIDO (https://ordered-combines-training-zoloft.trycloudflare.com). Relanzando monitor...
[Sun Aug 23 01:28:22 CST 2026] Monitor relanzado (pid 1171)
[Sun Aug 23 01:30:19 CST 2026] TUNEL CAIDO (https://condos-achievements-damaged-aquatic.trycloudflare.com). Relanzando monitor...
[Sun Aug 23 01:30:21 CST 2026] Monitor relanzado (pid 1277)
[Sun Aug 23 01:36:14 CST 2026] TUNEL CAIDO (https://assessments-graduates-yea-recordings.trycloudflare.com). Relanzando monitor...
[Sun Aug 23 01:36:16 CST 2026] Monitor relanzado (pid 1682)
[Sun Aug 23 01:38:24 CST 2026] TUNEL CAIDO (https://handheld-institute-hunt-pic.trycloudflare.com). Relanzando monitor...
[Sun Aug 23 01:38:26 CST 2026] Monitor relanzado (pid 1839)
[Sun Aug 23 01:40:19 CST 2026] TUNEL CAIDO (https://derby-meditation-sail-affordable.trycloudflare.com). Relanzando monitor...
[Sun Aug 23 01:40:21 CST 2026] Monitor relanzado (pid 1954)
[Sun Aug 23 01:42:22 CST 2026] TUNEL CAIDO (https://reconstruction-accompanied-specifies-under.trycloudflare.com). Relanzando monitor...
[Sun Aug 23 01:42:24 CST 2026] Monitor relanzado (pid 2134)
[Sun Aug 23 01:44:22 CST 2026] TUNEL CAIDO (https://title-railroad-investments-compile.trycloudflare.com). Relanzando monitor...
[Sun Aug 23 01:44:24 CST 2026] Monitor relanzado (pid 2245)
[Sun Aug 23 01:46:22 CST 2026] TUNEL CAIDO (https://sol-fix-aug-ban.trycloudflare.com). Relanzando monitor...
[Sun Aug 23 01:46:24 CST 2026] Monitor relanzado (pid 2374)
[Sun Aug 23 01:48:22 CST 2026] TUNEL CAIDO (https://holds-saturday-california-nuclear.trycloudflare.com). Relanzando monitor...
[Sun Aug 23 01:48:24 CST 2026] Monitor relanzado (pid 2502)
[Sun Aug 23 01:50:24 CST 2026] TUNEL CAIDO (https://hence-instructor-dosage-raises.trycloudflare.com). Relanzando monitor...
[Sun Aug 23 01:50:26 CST 2026] Monitor relanzado (pid 2609)
[Sun Aug 23 01:52:20 CST 2026] TUNEL CAIDO (https://encounter-staff-crowd-keyboards.trycloudflare.com). Relanzando monitor...
[Sun Aug 23 01:52:22 CST 2026] Monitor relanzado (pid 2736)
[Sun Aug 23 01:54:20 CST 2026] TUNEL CAIDO (https://query-standards-streaming-generous.trycloudflare.com). Relanzando monitor...
[Sun Aug 23 01:54:22 CST 2026] Monitor relanzado (pid 2851)
[Sun Aug 23 01:56:20 CST 2026] TUNEL CAIDO (https://daniel-observed-tribute-richardson.trycloudflare.com). Relanzando monitor...
[Sun Aug 23 01:56:22 CST 2026] Monitor relanzado (pid 2954)
[Sun Aug 23 01:58:21 CST 2026] TUNEL CAIDO (https://wall-interior-underwear-electronics.trycloudflare.com). Relanzando monitor...
[Sun Aug 23 01:58:23 CST 2026] Monitor relanzado (pid 3124)
[Sun Aug 23 02:00:24 CST 2026] TUNEL CAIDO (https://steve-apartment-recovered-aim.trycloudflare.com). Relanzando monitor...
[Sun Aug 23 02:00:26 CST 2026] Monitor relanzado (pid 4897)
[Sun Aug 23 02:02:22 CST 2026] TUNEL CAIDO (https://moving-fields-season-rocket.trycloudflare.com). Relanzando monitor...
[Sun Aug 23 02:02:24 CST 2026] Monitor relanzado (pid 6072)
[Sun Aug 23 02:04:23 CST 2026] TUNEL CAIDO (https://reliance-merger-vote-twisted.trycloudflare.com). Relanzando monitor...
[Sun Aug 23 02:04:25 CST 2026] Monitor relanzado (pid 7896)
[Sun Aug 23 02:06:27 CST 2026] TUNEL CAIDO (https://advertisements-rise-mean-buyer.trycloudflare.com). Relanzando monitor...
[Sun Aug 23 02:06:29 CST 2026] Monitor relanzado (pid 8054)
[Sun Aug 23 02:08:22 CST 2026] TUNEL CAIDO (https://backup-confidential-pastor-overcome.trycloudflare.com). Relanzando monitor...
[Sun Aug 23 02:08:25 CST 2026] Monitor relanzado (pid 8161)
[Sun Aug 23 02:10:21 CST 2026] TUNEL CAIDO (https://observations-encouraged-mods-release.trycloudflare.com). Relanzando monitor...
[Sun Aug 23 02:10:23 CST 2026] Monitor relanzado (pid 8290)
[Sun Aug 23 02:12:21 CST 2026] TUNEL CAIDO (https://controversial-cancer-rational-confident.trycloudflare.com). Relanzando monitor...
[Sun Aug 23 02:12:23 CST 2026] Monitor relanzado (pid 8403)
[Sun Aug 23 02:14:22 CST 2026] TUNEL CAIDO (https://dealers-dress-spreading-unexpected.trycloudflare.com). Relanzando monitor...
[Sun Aug 23 02:14:24 CST 2026] Monitor relanzado (pid 8504)
[Sun Aug 23 02:16:24 CST 2026] TUNEL CAIDO (https://hearing-crowd-window-learning.trycloudflare.com). Relanzando monitor...
[Sun Aug 23 02:16:26 CST 2026] Monitor relanzado (pid 8640)
[Sun Aug 23 02:18:22 CST 2026] TUNEL CAIDO (https://increase-auction-hints-towards.trycloudflare.com). Relanzando monitor...
[Sun Aug 23 02:18:24 CST 2026] Monitor relanzado (pid 8733)
[Sun Aug 23 02:20:25 CST 2026] TUNEL CAIDO (https://problems-spent-deserve-wagon.trycloudflare.com). Relanzando monitor...
[Sun Aug 23 02:20:27 CST 2026] Monitor relanzado (pid 8832)
[Sun Aug 23 02:26:14 CST 2026] OK tunel vivo: https://problems-spent-deserve-wagon.trycloudflare.com
[Sun Aug 23 02:32:14 CST 2026] OK tunel vivo: https://problems-spent-deserve-wagon.trycloudflare.com
[Sun Aug 23 02:34:14 CST 2026] OK tunel vivo: https://problems-spent-deserve-wagon.trycloudflare.com
[Sun Aug 23 02:36:14 CST 2026] OK tunel vivo: https://problems-spent-deserve-wagon.trycloudflare.com
[Sun Aug 23 02:38:17 CST 2026] OK tunel vivo: https://problems-spent-deserve-wagon.trycloudflare.com
[Sun Aug 23 02:40:17 CST 2026] TUNEL CAIDO (https://problems-spent-deserve-wagon.trycloudflare.com). Relanzando monitor...
[Sun Aug 23 02:40:19 CST 2026] Monitor relanzado (pid 14524)
[Sun Aug 23 02:44:16 CST 2026] TUNEL CAIDO (https://problems-spent-deserve-wagon.trycloudflare.com). Relanzando monitor...
[Sun Aug 23 02:44:19 CST 2026] Monitor relanzado (pid 15645)
[Sun Aug 23 02:48:14 CST 2026] TUNEL CAIDO (https://problems-spent-deserve-wagon.trycloudflare.com). Relanzando monitor...
[Sun Aug 23 02:48:16 CST 2026] Monitor relanzado (pid 16789)
[Sun Aug 23 02:54:16 CST 2026] TUNEL CAIDO (https://problems-spent-deserve-wagon.trycloudflare.com). Relanzando monitor...
[Sun Aug 23 02:54:18 CST 2026] Monitor relanzado (pid 18406)
[Sun Aug 23 02:58:14 CST 2026] TUNEL CAIDO (https://problems-spent-deserve-wagon.trycloudflare.com). Relanzando monitor...
[Sun Aug 23 02:58:16 CST 2026] Monitor relanzado (pid 19521)
[Sun Aug 23 03:02:14 CST 2026] TUNEL CAIDO (https://problems-spent-deserve-wagon.trycloudflare.com). Relanzando monitor...
[Sun Aug 23 03:02:16 CST 2026] Monitor relanzado (pid 20654)
[Sun Aug 23 03:16:18 CST 2026] TUNEL CAIDO (https://problems-spent-deserve-wagon.trycloudflare.com). Relanzando monitor...
[Sun Aug 23 03:16:20 CST 2026] Monitor relanzado (pid 23575)
[Sun Aug 23 03:26:24 CST 2026] TUNEL CAIDO (https://gdp-rest-defeat-circumstances.trycloudflare.com). Relanzando monitor...
[Sun Aug 23 03:26:26 CST 2026] Monitor relanzado (pid 25052)
[Sun Aug 23 03:28:24 CST 2026] TUNEL CAIDO (https://yamaha-responsible-sole-canberra.trycloudflare.com). Relanzando monitor...
[Sun Aug 23 03:28:26 CST 2026] Monitor relanzado (pid 25188)
[Sun Aug 23 03:30:26 CST 2026] TUNEL CAIDO (https://instruments-parts-mike-rangers.trycloudflare.com). Relanzando monitor...
[Sun Aug 23 03:30:28 CST 2026] Monitor relanzado (pid 25315)
[Sun Aug 23 03:36:16 CST 2026] TUNEL CAIDO (https://better-invite-benjamin-candy.trycloudflare.com). Relanzando monitor...
[Sun Aug 23 03:36:18 CST 2026] Monitor relanzado (pid 25829)
[Sun Aug 23 03:38:23 CST 2026] TUNEL CAIDO (https://seasons-powerseller-session-loan.trycloudflare.com). Relanzando monitor...
[Sun Aug 23 03:38:25 CST 2026] Monitor relanzado (pid 25937)
[Sun Aug 23 03:40:23 CST 2026] TUNEL CAIDO (https://deferred-layer-portion-mega.trycloudflare.com). Relanzando monitor...
[Sun Aug 23 03:40:25 CST 2026] Monitor relanzado (pid 26075)
[Sun Aug 23 03:42:26 CST 2026] TUNEL CAIDO (https://become-sole-robust-begun.trycloudflare.com). Relanzando monitor...
[Sun Aug 23 03:42:28 CST 2026] Monitor relanzado (pid 26191)
[Sun Aug 23 03:44:25 CST 2026] TUNEL CAIDO (https://learn-navy-ground-written.trycloudflare.com). Relanzando monitor...
[Sun Aug 23 03:44:27 CST 2026] Monitor relanzado (pid 26294)
[Sun Aug 23 03:46:27 CST 2026] TUNEL CAIDO (https://duty-charge-conversation-portions.trycloudflare.com). Relanzando monitor...
[Sun Aug 23 03:46:29 CST 2026] Monitor relanzado (pid 26419)
[Sun Aug 23 03:48:24 CST 2026] TUNEL CAIDO (https://vessel-kinase-move-come.trycloudflare.com). Relanzando monitor...
[Sun Aug 23 03:48:26 CST 2026] Monitor relanzado (pid 26518)
[Sun Aug 23 03:50:25 CST 2026] TUNEL CAIDO (https://directors-tickets-floor-drum.trycloudflare.com). Relanzando monitor...
[Sun Aug 23 03:50:27 CST 2026] Monitor relanzado (pid 26678)
[Sun Aug 23 03:52:25 CST 2026] TUNEL CAIDO (https://council-alternatively-teddy-booth.trycloudflare.com). Relanzando monitor...
[Sun Aug 23 03:52:27 CST 2026] Monitor relanzado (pid 26785)
[Sun Aug 23 03:54:29 CST 2026] TUNEL CAIDO (https://casio-charge-mysql-proposal.trycloudflare.com). Relanzando monitor...
[Sun Aug 23 03:54:31 CST 2026] Monitor relanzado (pid 26910)
[Sun Aug 23 03:56:26 CST 2026] TUNEL CAIDO (https://yrs-reliance-roland-belkin.trycloudflare.com). Relanzando monitor...
[Sun Aug 23 03:56:28 CST 2026] Monitor relanzado (pid 27009)
[Sun Aug 23 03:58:24 CST 2026] TUNEL CAIDO (https://ashley-taxi-new-adaptation.trycloudflare.com). Relanzando monitor...
[Sun Aug 23 03:58:26 CST 2026] Monitor relanzado (pid 27110)
[Sun Aug 23 04:00:24 CST 2026] TUNEL CAIDO (https://spirit-heat-strip-smart.trycloudflare.com). Relanzando monitor...
[Sun Aug 23 04:00:26 CST 2026] Monitor relanzado (pid 27213)
[Sun Aug 23 04:02:26 CST 2026] TUNEL CAIDO (https://specifics-modify-volunteer-framework.trycloudflare.com). Relanzando monitor...
[Sun Aug 23 04:02:28 CST 2026] Monitor relanzado (pid 27332)
[Sun Aug 23 04:04:27 CST 2026] TUNEL CAIDO (https://pulse-alfred-providers-dvds.trycloudflare.com). Relanzando monitor...
[Sun Aug 23 04:04:29 CST 2026] Monitor relanzado (pid 27443)
[Sun Aug 23 04:06:34 CST 2026] TUNEL CAIDO (https://casino-johnston-powers-violations.trycloudflare.com). Relanzando monitor...
[Sun Aug 23 04:06:36 CST 2026] Monitor relanzado (pid 27564)
[Sun Aug 23 04:08:26 CST 2026] TUNEL CAIDO (https://said-vsnet-digest-deaf.trycloudflare.com). Relanzando monitor...
[Sun Aug 23 04:08:28 CST 2026] Monitor relanzado (pid 27658)
[Sun Aug 23 04:10:25 CST 2026] TUNEL CAIDO (https://barely-console-lamps-feb.trycloudflare.com). Relanzando monitor...
[Sun Aug 23 04:10:27 CST 2026] Monitor relanzado (pid 27827)
[Sun Aug 23 04:12:25 CST 2026] TUNEL CAIDO (https://romantic-comparative-authorization-ensure.trycloudflare.com). Relanzando monitor...
[Sun Aug 23 04:12:27 CST 2026] Monitor relanzado (pid 27934)
[Sun Aug 23 04:14:29 CST 2026] TUNEL CAIDO (https://discovery-ranked-salaries-ordering.trycloudflare.com). Relanzando monitor...
[Sun Aug 23 04:14:31 CST 2026] Monitor relanzado (pid 28086)
[Sun Aug 23 04:16:25 CST 2026] TUNEL CAIDO (https://dog-again-hospitality-records.trycloudflare.com). Relanzando monitor...
[Sun Aug 23 04:16:27 CST 2026] Monitor relanzado (pid 28218)
[Sun Aug 23 04:18:25 CST 2026] TUNEL CAIDO (https://trains-demo-houston-rio.trycloudflare.com). Relanzando monitor...
[Sun Aug 23 04:18:27 CST 2026] Monitor relanzado (pid 28332)
[Sun Aug 23 04:20:28 CST 2026] TUNEL CAIDO (https://someone-cdna-promoting-quest.trycloudflare.com). Relanzando monitor...
[Sun Aug 23 04:20:30 CST 2026] Monitor relanzado (pid 28434)
[Sun Aug 23 04:22:27 CST 2026] TUNEL CAIDO (https://thoroughly-smithsonian-sensor-magazine.trycloudflare.com). Relanzando monitor...
[Sun Aug 23 04:22:29 CST 2026] Monitor relanzado (pid 28535)
[Sun Aug 23 04:24:28 CST 2026] TUNEL CAIDO (https://holds-pumps-appreciation-click.trycloudflare.com). Relanzando monitor...
[Sun Aug 23 04:24:30 CST 2026] Monitor relanzado (pid 28673)
[Sun Aug 23 04:26:27 CST 2026] TUNEL CAIDO (https://tend-nail-engagement-criticism.trycloudflare.com). Relanzando monitor...
[Sun Aug 23 04:26:29 CST 2026] Monitor relanzado (pid 28778)
[Sun Aug 23 04:28:25 CST 2026] TUNEL CAIDO (https://keyword-stopped-improvement-soviet.trycloudflare.com). Relanzando monitor...
[Sun Aug 23 04:28:28 CST 2026] Monitor relanzado (pid 28935)
[Sun Aug 23 04:30:26 CST 2026] TUNEL CAIDO (https://children-genes-engaged-plaintiff.trycloudflare.com). Relanzando monitor...
[Sun Aug 23 04:30:28 CST 2026] Monitor relanzado (pid 29107)
[Sun Aug 23 04:32:26 CST 2026] TUNEL CAIDO (https://affiliates-bytes-achievements-retired.trycloudflare.com). Relanzando monitor...
[Sun Aug 23 04:32:28 CST 2026] Monitor relanzado (pid 29219)
[Sun Aug 23 04:34:26 CST 2026] TUNEL CAIDO (https://telecommunications-lighting-such-write.trycloudflare.com). Relanzando monitor...
[Sun Aug 23 04:34:28 CST 2026] Monitor relanzado (pid 29347)
[Sun Aug 23 04:36:26 CST 2026] TUNEL CAIDO (https://suggest-press-tubes-designated.trycloudflare.com). Relanzando monitor...
[Sun Aug 23 04:36:28 CST 2026] Monitor relanzado (pid 29495)
[Sun Aug 23 04:38:27 CST 2026] TUNEL CAIDO (https://heat-isp-demands-planes.trycloudflare.com). Relanzando monitor...
[Sun Aug 23 04:38:29 CST 2026] Monitor relanzado (pid 29609)
[Sun Aug 23 04:40:30 CST 2026] TUNEL CAIDO (https://behavior-whilst-atlanta-acid.trycloudflare.com). Relanzando monitor...
[Sun Aug 23 04:40:32 CST 2026] Monitor relanzado (pid 29727)
[Sun Aug 23 04:44:23 CST 2026] OK tunel vivo: https://behavior-whilst-atlanta-acid.trycloudflare.com
[Sun Aug 23 05:00:29 CST 2026] TUNEL CAIDO (). Relanzando monitor...
[Sun Aug 23 05:00:31 CST 2026] Monitor relanzado (pid 33729)
[Sun Aug 23 05:02:19 CST 2026] TUNEL CAIDO (https://behavior-whilst-atlanta-acid.trycloudflare.com). Relanzando monitor...
[Sun Aug 23 05:02:21 CST 2026] Monitor relanzado (pid 34217)
[Sun Aug 23 05:18:23 CST 2026] TUNEL CAIDO (https://behavior-whilst-atlanta-acid.trycloudflare.com). Relanzando monitor...
[Sun Aug 23 05:18:25 CST 2026] Monitor relanzado (pid 38094)
[Sun Aug 23 05:26:22 CST 2026] TUNEL CAIDO (https://behavior-whilst-atlanta-acid.trycloudflare.com). Relanzando monitor...
[Sun Aug 23 05:26:24 CST 2026] Monitor relanzado (pid 40269)
[Sun Aug 23 05:36:24 CST 2026] TUNEL CAIDO (https://behavior-whilst-atlanta-acid.trycloudflare.com). Relanzando monitor...
[Sun Aug 23 05:36:26 CST 2026] Monitor relanzado (pid 42279)
[Sun Aug 23 05:40:19 CST 2026] TUNEL CAIDO (https://behavior-whilst-atlanta-acid.trycloudflare.com). Relanzando monitor...
[Sun Aug 23 05:40:21 CST 2026] Monitor relanzado (pid 43391)
[Sun Aug 23 05:42:30 CST 2026] TUNEL CAIDO (https://appeared-wellington-assure-geographical.trycloudflare.com). Relanzando monitor...
[Sun Aug 23 05:42:32 CST 2026] Monitor relanzado (pid 43645)
[Sun Aug 23 05:44:30 CST 2026] TUNEL CAIDO (https://social-telecharger-commit-overview.trycloudflare.com). Relanzando monitor...
[Sun Aug 23 05:44:32 CST 2026] Monitor relanzado (pid 43730)
[Sun Aug 23 05:46:27 CST 2026] TUNEL CAIDO (https://galaxy-phentermine-punch-document.trycloudflare.com). Relanzando monitor...
[Sun Aug 23 05:46:29 CST 2026] Monitor relanzado (pid 43860)
[Sun Aug 23 05:48:31 CST 2026] TUNEL CAIDO (https://kits-disclaimers-accompanied-optimization.trycloudflare.com). Relanzando monitor...
[Sun Aug 23 05:48:33 CST 2026] Monitor relanzado (pid 43971)
[Sun Aug 23 05:50:31 CST 2026] TUNEL CAIDO (https://respiratory-sensor-tribe-var.trycloudflare.com). Relanzando monitor...
[Sun Aug 23 05:50:33 CST 2026] Monitor relanzado (pid 44089)
[Sun Aug 23 05:52:28 CST 2026] TUNEL CAIDO (https://saturday-hang-attended-nut.trycloudflare.com). Relanzando monitor...
[Sun Aug 23 05:52:30 CST 2026] Monitor relanzado (pid 44194)
[Sun Aug 23 05:54:32 CST 2026] TUNEL CAIDO (https://individually-jackson-fuel-obligations.trycloudflare.com). Relanzando monitor...
[Sun Aug 23 05:54:34 CST 2026] Monitor relanzado (pid 44306)
[Sun Aug 23 05:56:31 CST 2026] TUNEL CAIDO (https://walls-risks-profiles-volleyball.trycloudflare.com). Relanzando monitor...
[Sun Aug 23 05:56:33 CST 2026] Monitor relanzado (pid 44449)
[Sun Aug 23 05:58:31 CST 2026] TUNEL CAIDO (https://ultram-specification-levitra-beside.trycloudflare.com). Relanzando monitor...
[Sun Aug 23 05:58:33 CST 2026] Monitor relanzado (pid 44578)
[Sun Aug 23 06:00:28 CST 2026] TUNEL CAIDO (https://caroline-spatial-procedures-adapted.trycloudflare.com). Relanzando monitor...
[Sun Aug 23 06:00:30 CST 2026] Monitor relanzado (pid 44725)
[Sun Aug 23 06:02:28 CST 2026] TUNEL CAIDO (https://slight-pdt-prot-creative.trycloudflare.com). Relanzando monitor...
[Sun Aug 23 06:02:30 CST 2026] Monitor relanzado (pid 44831)
[Sun Aug 23 06:04:33 CST 2026] TUNEL CAIDO (https://being-medium-casa-soonest.trycloudflare.com). Relanzando monitor...
[Sun Aug 23 06:04:35 CST 2026] Monitor relanzado (pid 44940)
[Sun Aug 23 06:06:32 CST 2026] TUNEL CAIDO (https://initiative-performing-tags-peoples.trycloudflare.com). Relanzando monitor...
[Sun Aug 23 06:06:34 CST 2026] Monitor relanzado (pid 45056)
[Sun Aug 23 06:08:29 CST 2026] TUNEL CAIDO (https://individually-valuation-plymouth-astronomy.trycloudflare.com). Relanzando monitor...
[Sun Aug 23 06:08:31 CST 2026] Monitor relanzado (pid 45157)
[Sun Aug 23 06:10:29 CST 2026] TUNEL CAIDO (https://beverly-add-bundle-ada.trycloudflare.com). Relanzando monitor...
[Sun Aug 23 06:10:31 CST 2026] Monitor relanzado (pid 45264)
[Sun Aug 23 06:12:29 CST 2026] TUNEL CAIDO (https://where-champagne-expectations-story.trycloudflare.com). Relanzando monitor...
[Sun Aug 23 06:12:31 CST 2026] Monitor relanzado (pid 45379)
[Sun Aug 23 06:14:32 CST 2026] TUNEL CAIDO (https://basin-plastic-expected-launch.trycloudflare.com). Relanzando monitor...
[Sun Aug 23 06:14:35 CST 2026] Monitor relanzado (pid 45482)
[Sun Aug 23 06:16:33 CST 2026] TUNEL CAIDO (https://sharp-baskets-outlined-measurements.trycloudflare.com). Relanzando monitor...
[Sun Aug 23 06:16:35 CST 2026] Monitor relanzado (pid 45601)
[Sun Aug 23 06:18:32 CST 2026] TUNEL CAIDO (https://alpha-ind-pairs-barriers.trycloudflare.com). Relanzando monitor...
[Sun Aug 23 06:18:34 CST 2026] Monitor relanzado (pid 45699)
[Sun Aug 23 06:20:29 CST 2026] TUNEL CAIDO (https://wanting-saves-bell-framework.trycloudflare.com). Relanzando monitor...
[Sun Aug 23 06:20:31 CST 2026] Monitor relanzado (pid 45798)
[Sun Aug 23 06:22:34 CST 2026] TUNEL CAIDO (https://highway-cleanup-replacement-levels.trycloudflare.com). Relanzando monitor...
[Sun Aug 23 06:22:36 CST 2026] Monitor relanzado (pid 45916)
[Sun Aug 23 06:24:30 CST 2026] TUNEL CAIDO (https://let-completion-appeals-away.trycloudflare.com). Relanzando monitor...
[Sun Aug 23 06:24:32 CST 2026] Monitor relanzado (pid 46078)
[Sun Aug 23 06:26:31 CST 2026] TUNEL CAIDO (https://approaches-hourly-connectivity-economy.trycloudflare.com). Relanzando monitor...
[Sun Aug 23 06:26:33 CST 2026] Monitor relanzado (pid 46221)
[Sun Aug 23 06:28:33 CST 2026] TUNEL CAIDO (https://with-dylan-democracy-logo.trycloudflare.com). Relanzando monitor...
[Sun Aug 23 06:28:35 CST 2026] Monitor relanzado (pid 46345)
[Sun Aug 23 06:30:35 CST 2026] TUNEL CAIDO (https://bridge-tramadol-begun-rip.trycloudflare.com). Relanzando monitor...
[Sun Aug 23 06:30:37 CST 2026] Monitor relanzado (pid 46448)
[Sun Aug 23 06:32:34 CST 2026] TUNEL CAIDO (https://rack-yields-belt-threaded.trycloudflare.com). Relanzando monitor...
[Sun Aug 23 06:32:36 CST 2026] Monitor relanzado (pid 46574)
[Sun Aug 23 06:34:32 CST 2026] TUNEL CAIDO (https://titans-practitioners-cake-fashion.trycloudflare.com). Relanzando monitor...
[Sun Aug 23 06:34:34 CST 2026] Monitor relanzado (pid 46695)
[Sun Aug 23 06:36:32 CST 2026] TUNEL CAIDO (https://widescreen-workout-appeals-refined.trycloudflare.com). Relanzando monitor...
[Sun Aug 23 06:36:34 CST 2026] Monitor relanzado (pid 46793)
[Sun Aug 23 06:38:30 CST 2026] TUNEL CAIDO (https://intro-sender-stainless-interaction.trycloudflare.com). Relanzando monitor...
[Sun Aug 23 06:38:32 CST 2026] Monitor relanzado (pid 46917)
[Sun Aug 23 06:40:34 CST 2026] TUNEL CAIDO (https://poll-stay-spam-noon.trycloudflare.com). Relanzando monitor...
[Sun Aug 23 06:40:36 CST 2026] Monitor relanzado (pid 47036)
[Sun Aug 23 06:42:33 CST 2026] TUNEL CAIDO (https://clicks-vol-travels-initiated.trycloudflare.com). Relanzando monitor...
[Sun Aug 23 06:42:35 CST 2026] Monitor relanzado (pid 47163)
[Sun Aug 23 06:44:31 CST 2026] TUNEL CAIDO (https://pocket-mortgages-supervision-layer.trycloudflare.com). Relanzando monitor...
[Sun Aug 23 06:44:33 CST 2026] Monitor relanzado (pid 47269)
[Sun Aug 23 06:46:34 CST 2026] TUNEL CAIDO (https://extensive-ash-metallic-indication.trycloudflare.com). Relanzando monitor...
[Sun Aug 23 06:46:36 CST 2026] Monitor relanzado (pid 47388)
[Sun Aug 23 06:48:27 CST 2026] OK tunel vivo: https://extensive-ash-metallic-indication.trycloudflare.com
[Sun Aug 23 07:24:28 CST 2026] OK tunel vivo: http://127.0.0.1:8000
[Sun Aug 23 07:26:27 CST 2026] OK tunel vivo: http://127.0.0.1:8000
[Sun Aug 23 07:28:27 CST 2026] OK tunel vivo: http://127.0.0.1:8000
[Sun Aug 23 07:30:30 CST 2026] OK tunel vivo: http://127.0.0.1:8000
[Sun Aug 23 07:32:26 CST 2026] OK tunel vivo: http://127.0.0.1:8000
[Sun Aug 23 07:34:27 CST 2026] OK tunel vivo: http://127.0.0.1:8000
[Sun Aug 23 07:36:29 CST 2026] OK tunel vivo: http://127.0.0.1:8000
[Sun Aug 23 07:38:29 CST 2026] OK tunel vivo: http://127.0.0.1:8000
[Sun Aug 23 07:40:33 CST 2026] OK tunel vivo: http://127.0.0.1:8000
[Sun Aug 23 07:42:34 CST 2026] OK tunel vivo: http://127.0.0.1:8000
[Sun Aug 23 07:44:32 CST 2026] OK tunel vivo: http://127.0.0.1:8000
[Sun Aug 23 07:46:29 CST 2026] OK tunel vivo: http://127.0.0.1:8000
[Sun Aug 23 07:48:32 CST 2026] OK tunel vivo: http://127.0.0.1:8000
[Sun Aug 23 07:50:28 CST 2026] OK tunel vivo: http://127.0.0.1:8000
[Sun Aug 23 07:52:36 CST 2026] TUNEL CAIDO (https://extensive-spirits-allowance-boolean.trycloudflare.com). Relanzando monitor...
[Sun Aug 23 07:52:39 CST 2026] Monitor relanzado (pid 52848)
[Sun Aug 23 07:54:35 CST 2026] TUNEL CAIDO (https://quilt-mixing-louisiana-dev.trycloudflare.com). Relanzando monitor...
[Sun Aug 23 07:54:37 CST 2026] Monitor relanzado (pid 52983)
[Sun Aug 23 07:56:38 CST 2026] TUNEL CAIDO (https://mention-performs-font-differential.trycloudflare.com). Relanzando monitor...
[Sun Aug 23 07:56:40 CST 2026] Monitor relanzado (pid 53110)
[Sun Aug 23 07:58:36 CST 2026] TUNEL CAIDO (https://roller-various-geographical-nicole.trycloudflare.com). Relanzando monitor...
[Sun Aug 23 07:58:38 CST 2026] Monitor relanzado (pid 53210)
[Sun Aug 23 08:00:34 CST 2026] TUNEL CAIDO (https://basket-bacterial-interviews-else.trycloudflare.com). Relanzando monitor...
[Sun Aug 23 08:00:36 CST 2026] Monitor relanzado (pid 53308)
[Sun Aug 23 08:02:34 CST 2026] TUNEL CAIDO (https://round-excess-mix-disabled.trycloudflare.com). Relanzando monitor...
[Sun Aug 23 08:02:36 CST 2026] Monitor relanzado (pid 53529)
[Sun Aug 23 08:04:37 CST 2026] TUNEL CAIDO (https://blowing-absent-asp-yea.trycloudflare.com). Relanzando monitor...
[Sun Aug 23 08:04:39 CST 2026] Monitor relanzado (pid 53640)
[Sun Aug 23 08:06:34 CST 2026] TUNEL CAIDO (https://belle-matt-socks-times.trycloudflare.com). Relanzando monitor...
[Sun Aug 23 08:06:36 CST 2026] Monitor relanzado (pid 53751)
[Sun Aug 23 08:08:33 CST 2026] TUNEL CAIDO (https://facilitate-consult-injection-kingdom.trycloudflare.com). Relanzando monitor...
[Sun Aug 23 08:08:35 CST 2026] Monitor relanzado (pid 53857)
[Sun Aug 23 08:10:36 CST 2026] TUNEL CAIDO (https://globe-brother-agent-concerns.trycloudflare.com). Relanzando monitor...
[Sun Aug 23 08:10:38 CST 2026] Monitor relanzado (pid 53963)
[Sun Aug 23 08:12:37 CST 2026] TUNEL CAIDO (https://initiatives-francisco-web-closer.trycloudflare.com). Relanzando monitor...
[Sun Aug 23 08:12:39 CST 2026] Monitor relanzado (pid 54076)
[Sun Aug 23 08:14:39 CST 2026] TUNEL CAIDO (https://advert-study-charge-much.trycloudflare.com). Relanzando monitor...
[Sun Aug 23 08:14:41 CST 2026] Monitor relanzado (pid 54194)
[Sun Aug 23 08:16:34 CST 2026] TUNEL CAIDO (https://cemetery-pro-realize-synthetic.trycloudflare.com). Relanzando monitor...
[Sun Aug 23 08:16:36 CST 2026] Monitor relanzado (pid 54293)
[Sun Aug 23 08:18:35 CST 2026] TUNEL CAIDO (https://superior-tim-clara-radius.trycloudflare.com). Relanzando monitor...
[Sun Aug 23 08:18:37 CST 2026] Monitor relanzado (pid 54413)
[Sun Aug 23 08:20:34 CST 2026] TUNEL CAIDO (https://playstation-grow-browse-bird.trycloudflare.com). Relanzando monitor...
[Sun Aug 23 08:20:36 CST 2026] Monitor relanzado (pid 54512)
[Sun Aug 23 08:22:45 CST 2026] TUNEL CAIDO (https://handling-mounts-volleyball-dog.trycloudflare.com). Relanzando monitor...
[Sun Aug 23 08:22:47 CST 2026] Monitor relanzado (pid 54627)
[Sun Aug 23 08:24:40 CST 2026] TUNEL CAIDO (https://culture-note-somehow-barely.trycloudflare.com). Relanzando monitor...
[Sun Aug 23 08:24:42 CST 2026] Monitor relanzado (pid 54745)
[Sun Aug 23 08:26:35 CST 2026] TUNEL CAIDO (https://layout-monday-upgrades-discipline.trycloudflare.com). Relanzando monitor...
[Sun Aug 23 08:26:37 CST 2026] Monitor relanzado (pid 54840)
[Sun Aug 23 08:28:38 CST 2026] TUNEL CAIDO (https://parliament-toddler-sections-booth.trycloudflare.com). Relanzando monitor...
[Sun Aug 23 08:28:40 CST 2026] Monitor relanzado (pid 54954)
[Sun Aug 23 08:30:39 CST 2026] TUNEL CAIDO (https://malpractice-hay-vat-vid.trycloudflare.com). Relanzando monitor...
[Sun Aug 23 08:30:41 CST 2026] Monitor relanzado (pid 55054)
[Sun Aug 23 08:32:35 CST 2026] TUNEL CAIDO (https://ref-purchases-roulette-questions.trycloudflare.com). Relanzando monitor...
[Sun Aug 23 08:32:37 CST 2026] Monitor relanzado (pid 55159)
[Sun Aug 23 08:34:35 CST 2026] TUNEL CAIDO (https://yellow-circus-move-listprice.trycloudflare.com). Relanzando monitor...
[Sun Aug 23 08:34:37 CST 2026] Monitor relanzado (pid 55301)
[Sun Aug 23 08:36:39 CST 2026] TUNEL CAIDO (https://importance-mai-deutschland-enabled.trycloudflare.com). Relanzando monitor...
[Sun Aug 23 08:36:41 CST 2026] Monitor relanzado (pid 55405)
[Sun Aug 23 08:38:38 CST 2026] TUNEL CAIDO (https://greetings-opposite-himself-instant.trycloudflare.com). Relanzando monitor...
[Sun Aug 23 08:38:40 CST 2026] Monitor relanzado (pid 55516)
[Sun Aug 23 08:40:38 CST 2026] TUNEL CAIDO (https://shelter-plains-manhattan-governance.trycloudflare.com). Relanzando monitor...
[Sun Aug 23 08:40:41 CST 2026] Monitor relanzado (pid 55659)
[Sun Aug 23 08:42:39 CST 2026] TUNEL CAIDO (https://tex-little-notification-car.trycloudflare.com). Relanzando monitor...
[Sun Aug 23 08:42:41 CST 2026] Monitor relanzado (pid 55761)
[Sun Aug 23 08:44:40 CST 2026] TUNEL CAIDO (https://principle-sending-diamonds-consumer.trycloudflare.com). Relanzando monitor...
[Sun Aug 23 08:44:42 CST 2026] Monitor relanzado (pid 55894)
[Sun Aug 23 08:46:39 CST 2026] TUNEL CAIDO (https://energy-smilies-glory-racks.trycloudflare.com). Relanzando monitor...
[Sun Aug 23 08:46:41 CST 2026] Monitor relanzado (pid 56014)
[Sun Aug 23 08:48:38 CST 2026] TUNEL CAIDO (https://person-bizarre-remix-campbell.trycloudflare.com). Relanzando monitor...
[Sun Aug 23 08:48:40 CST 2026] Monitor relanzado (pid 56113)
[Sun Aug 23 08:50:40 CST 2026] TUNEL CAIDO (https://minneapolis-formation-anne-goto.trycloudflare.com). Relanzando monitor...
[Sun Aug 23 08:50:42 CST 2026] Monitor relanzado (pid 56225)
[Sun Aug 23 09:00:35 CST 2026] OK tunel vivo: https://minneapolis-formation-anne-goto.trycloudflare.com
[Sun Aug 23 09:02:36 CST 2026] OK tunel vivo: https://minneapolis-formation-anne-goto.trycloudflare.com
[Sun Aug 23 09:10:31 CST 2026] TUNEL CAIDO (https://minneapolis-formation-anne-goto.trycloudflare.com). Relanzando monitor...
[Sun Aug 23 09:10:33 CST 2026] Monitor relanzado (pid 59831)
[Sun Aug 23 09:12:28 CST 2026] TUNEL CAIDO (https://minneapolis-formation-anne-goto.trycloudflare.com). Relanzando monitor...
[Sun Aug 23 09:12:30 CST 2026] Monitor relanzado (pid 60393)
[Sun Aug 23 09:16:33 CST 2026] TUNEL CAIDO (https://minneapolis-formation-anne-goto.trycloudflare.com). Relanzando monitor...
[Sun Aug 23 09:16:35 CST 2026] Monitor relanzado (pid 61547)
[Sun Aug 23 09:20:29 CST 2026] TUNEL CAIDO (https://minneapolis-formation-anne-goto.trycloudflare.com). Relanzando monitor...
[Sun Aug 23 09:20:31 CST 2026] Monitor relanzado (pid 62590)
[Sun Aug 23 09:28:32 CST 2026] TUNEL CAIDO (https://minneapolis-formation-anne-goto.trycloudflare.com). Relanzando monitor...
[Sun Aug 23 09:28:34 CST 2026] Monitor relanzado (pid 64451)
[Sun Aug 23 09:35:54 CST 2026] deferred_relaunch: espera de enfriamiento 600s antes de relanzar...
[Sun Aug 23 09:38:40 CST 2026] TUNEL CAIDO (https://minneapolis-formation-anne-goto.trycloudflare.com). Relanzando monitor...
[Sun Aug 23 09:38:42 CST 2026] Monitor relanzado (pid 66644)
[Sun Aug 23 09:42:29 CST 2026] TUNEL CAIDO (https://minneapolis-formation-anne-goto.trycloudflare.com). Relanzando monitor...
[Sun Aug 23 09:42:31 CST 2026] Monitor relanzado (pid 67703)
[Sun Aug 23 09:45:54 CST 2026] deferred_relaunch: ejecutando watchdog limpio...
[Sun Aug 23 09:45:54 CST 2026] TUNEL CAIDO (https://minneapolis-formation-anne-goto.trycloudflare.com). Relanzando monitor...
[Sun Aug 23 09:45:56 CST 2026] Monitor relanzado (pid 68608)
[Sun Aug 23 09:45:56 CST 2026] deferred_relaunch: listo.
[Sun Aug 23 09:50:38 CST 2026] TUNEL CAIDO (https://minneapolis-formation-anne-goto.trycloudflare.com). Relanzando monitor...
[Sun Aug 23 09:50:40 CST 2026] Monitor relanzado (pid 69865)
[Sun Aug 23 09:52:42 CST 2026] TUNEL CAIDO (https://suitable-manufacture-replaced-customers.trycloudflare.com). Relanzando monitor...
[Sun Aug 23 09:52:44 CST 2026] Monitor relanzado (pid 70120)
[Sun Aug 23 09:58:38 CST 2026] TUNEL CAIDO (https://smith-drug-wilson-already.trycloudflare.com). Relanzando monitor...
[Sun Aug 23 09:58:40 CST 2026] Monitor relanzado (pid 70376)
[Sun Aug 23 10:00:38 CST 2026] TUNEL CAIDO (https://lee-pensions-icq-bears.trycloudflare.com). Relanzando monitor...
[Sun Aug 23 10:00:40 CST 2026] Monitor relanzado (pid 70490)
[Sun Aug 23 10:04:41 CST 2026] TUNEL CAIDO (https://highlighted-shelf-mississippi-deleted.trycloudflare.com). Relanzando monitor...
[Sun Aug 23 10:04:43 CST 2026] Monitor relanzado (pid 70649)
[Sun Aug 23 10:06:38 CST 2026] TUNEL CAIDO (https://level-burn-elizabeth-peter.trycloudflare.com). Relanzando monitor...
[Sun Aug 23 10:06:40 CST 2026] Monitor relanzado (pid 70749)
[Sun Aug 23 10:09:12 CST 2026] TUNEL CAIDO (https://much-painted-drama-findlaw.trycloudflare.com). Relanzando monitor...
[Sun Aug 23 10:09:14 CST 2026] Monitor relanzado (pid 70878)
[Sun Aug 23 10:14:54 CST 2026] TUNEL CAIDO (https://wal-dominant-gain-shield.trycloudflare.com). Relanzando monitor...
[Sun Aug 23 10:14:56 CST 2026] Monitor relanzado (pid 71101)
[Sun Aug 23 10:16:53 CST 2026] TUNEL CAIDO (https://albums-wanna-northwest-funeral.trycloudflare.com). Relanzando monitor...
[Sun Aug 23 10:16:55 CST 2026] Monitor relanzado (pid 71207)
[Sun Aug 23 10:22:47 CST 2026] TUNEL CAIDO (https://despite-montana-dark-applied.trycloudflare.com). Relanzando monitor...
[Sun Aug 23 10:22:49 CST 2026] Monitor relanzado (pid 71408)
[Sun Aug 23 10:28:39 CST 2026] TUNEL CAIDO (https://walnut-complete-chargers-reduction.trycloudflare.com). Relanzando monitor...
[Sun Aug 23 10:28:41 CST 2026] Monitor relanzado (pid 71686)
[Sun Aug 23 10:35:51 CST 2026] TUNEL CAIDO (https://partly-tsunami-correlation-namespace.trycloudflare.com). Relanzando monitor...
[Sun Aug 23 10:35:53 CST 2026] Monitor relanzado (pid 71929)
[Sun Aug 23 10:40:50 CST 2026] TUNEL CAIDO (https://fiber-novelty-carol-attacks.trycloudflare.com). Relanzando monitor...
[Sun Aug 23 10:40:52 CST 2026] Monitor relanzado (pid 72130)
[Sun Aug 23 10:44:29 CST 2026] TUNEL CAIDO (https://explanation-commonwealth-through-creating.trycloudflare.com). Relanzando monitor...
[Sun Aug 23 10:44:31 CST 2026] Monitor relanzado (pid 72273)
[Sun Aug 23 10:46:41 CST 2026] TUNEL CAIDO (https://feof-human-stock-too.trycloudflare.com). Relanzando monitor...
[Sun Aug 23 10:46:43 CST 2026] Monitor relanzado (pid 72395)
[Sun Aug 23 10:56:13 CST 2026] TUNEL CAIDO (https://mice-jason-galleries-exotic.trycloudflare.com). Relanzando monitor...
[Sun Aug 23 10:56:15 CST 2026] Monitor relanzado (pid 72662)
[Sun Aug 23 11:00:39 CST 2026] TUNEL CAIDO (https://which-buys-shots-whole.trycloudflare.com). Relanzando monitor...
[Sun Aug 23 11:00:41 CST 2026] Monitor relanzado (pid 72821)
[Sun Aug 23 11:04:41 CST 2026] TUNEL CAIDO (https://donations-reflected-liability-receivers.trycloudflare.com). Relanzando monitor...
[Sun Aug 23 11:04:43 CST 2026] Monitor relanzado (pid 73072)
[Sun Aug 23 11:06:47 CST 2026] TUNEL CAIDO (https://mercy-regular-matt-fastest.trycloudflare.com). Relanzando monitor...
[Sun Aug 23 11:06:49 CST 2026] Monitor relanzado (pid 73178)
[Sun Aug 23 11:08:43 CST 2026] TUNEL CAIDO (https://franchise-engage-thumb-ciao.trycloudflare.com). Relanzando monitor...
[Sun Aug 23 11:08:45 CST 2026] Monitor relanzado (pid 73326)
[Sun Aug 23 11:12:40 CST 2026] TUNEL CAIDO (https://top-deliver-sol-loose.trycloudflare.com). Relanzando monitor...
[Sun Aug 23 11:12:42 CST 2026] Monitor relanzado (pid 73459)
[Sun Aug 23 11:14:42 CST 2026] TUNEL CAIDO (https://assist-potential-motels-pmc.trycloudflare.com). Relanzando monitor...
[Sun Aug 23 11:14:44 CST 2026] Monitor relanzado (pid 73580)
[Sun Aug 23 11:16:42 CST 2026] TUNEL CAIDO (https://rfc-stationery-terms-what.trycloudflare.com). Relanzando monitor...
[Sun Aug 23 11:16:44 CST 2026] Monitor relanzado (pid 73686)
[Sun Aug 23 11:18:40 CST 2026] TUNEL CAIDO (https://maiden-loops-verbal-acts.trycloudflare.com). Relanzando monitor...
[Sun Aug 23 11:18:42 CST 2026] Monitor relanzado (pid 73791)
[Sun Aug 23 11:20:40 CST 2026] TUNEL CAIDO (https://solar-deliver-accountability-redhead.trycloudflare.com). Relanzando monitor...
[Sun Aug 23 11:20:42 CST 2026] Monitor relanzado (pid 73899)
[Sun Aug 23 11:22:40 CST 2026] TUNEL CAIDO (https://attraction-piece-opt-timely.trycloudflare.com). Relanzando monitor...
[Sun Aug 23 11:22:42 CST 2026] Monitor relanzado (pid 74000)
[Sun Aug 23 11:24:41 CST 2026] TUNEL CAIDO (https://guards-row-film-nutten.trycloudflare.com). Relanzando monitor...
[Sun Aug 23 11:24:43 CST 2026] Monitor relanzado (pid 74163)
[Sun Aug 23 11:26:41 CST 2026] TUNEL CAIDO (https://legislation-largely-directors-went.trycloudflare.com). Relanzando monitor...
[Sun Aug 23 11:26:43 CST 2026] Monitor relanzado (pid 74270)
[Sun Aug 23 11:28:41 CST 2026] TUNEL CAIDO (https://windsor-premium-wrote-suitable.trycloudflare.com). Relanzando monitor...
[Sun Aug 23 11:28:43 CST 2026] Monitor relanzado (pid 74378)
[Sun Aug 23 11:30:41 CST 2026] TUNEL CAIDO (https://phoenix-stylish-substances-air.trycloudflare.com). Relanzando monitor...
[Sun Aug 23 11:30:43 CST 2026] Monitor relanzado (pid 74507)
[Sun Aug 23 11:32:41 CST 2026] TUNEL CAIDO (https://level-extreme-holders-patents.trycloudflare.com). Relanzando monitor...
[Sun Aug 23 11:32:43 CST 2026] Monitor relanzado (pid 74607)
[Sun Aug 23 11:34:41 CST 2026] TUNEL CAIDO (https://aim-cuisine-necessarily-expanding.trycloudflare.com). Relanzando monitor...
[Sun Aug 23 11:34:43 CST 2026] Monitor relanzado (pid 74747)
[Sun Aug 23 11:36:41 CST 2026] TUNEL CAIDO (https://hypothetical-patient-rough-rays.trycloudflare.com). Relanzando monitor...
[Sun Aug 23 11:36:43 CST 2026] Monitor relanzado (pid 74845)
[Sun Aug 23 11:38:41 CST 2026] TUNEL CAIDO (https://copied-evans-hospital-production.trycloudflare.com). Relanzando monitor...
[Sun Aug 23 11:38:43 CST 2026] Monitor relanzado (pid 74943)
[Sun Aug 23 11:40:44 CST 2026] TUNEL CAIDO (https://precision-courts-deserve-adapted.trycloudflare.com). Relanzando monitor...
[Sun Aug 23 11:40:46 CST 2026] Monitor relanzado (pid 75096)
[Sun Aug 23 11:42:41 CST 2026] TUNEL CAIDO (https://warranties-probability-wallpaper-eden.trycloudflare.com). Relanzando monitor...
[Sun Aug 23 11:42:43 CST 2026] Monitor relanzado (pid 75219)
[Sun Aug 23 11:44:43 CST 2026] TUNEL CAIDO (https://bargain-stated-trinity-flame.trycloudflare.com). Relanzando monitor...
[Sun Aug 23 11:44:45 CST 2026] Monitor relanzado (pid 75341)
[Sun Aug 23 11:46:44 CST 2026] TUNEL CAIDO (https://reservoir-organization-sic-cake.trycloudflare.com). Relanzando monitor...
[Sun Aug 23 11:46:46 CST 2026] Monitor relanzado (pid 75455)
[Sun Aug 23 11:48:41 CST 2026] TUNEL CAIDO (https://warranties-blair-pet-beta.trycloudflare.com). Relanzando monitor...
[Sun Aug 23 11:48:43 CST 2026] Monitor relanzado (pid 75555)
[Sun Aug 23 11:50:44 CST 2026] TUNEL CAIDO (https://cardiac-avatar-watershed-theme.trycloudflare.com). Relanzando monitor...
[Sun Aug 23 11:50:46 CST 2026] Monitor relanzado (pid 75671)
[Sun Aug 23 11:56:35 CST 2026] OK tunel vivo: https://cardiac-avatar-watershed-theme.trycloudflare.com
[Sun Aug 23 12:10:35 CST 2026] TUNEL CAIDO (https://cardiac-avatar-watershed-theme.trycloudflare.com). Relanzando monitor...
[Sun Aug 23 12:10:37 CST 2026] Monitor relanzado (pid 78411)
[Sun Aug 23 12:24:37 CST 2026] TUNEL CAIDO (https://cardiac-avatar-watershed-theme.trycloudflare.com). Relanzando monitor...
[Sun Aug 23 12:24:39 CST 2026] Monitor relanzado (pid 80227)
[Sun Aug 23 12:30:38 CST 2026] TUNEL CAIDO (https://cardiac-avatar-watershed-theme.trycloudflare.com). Relanzando monitor...
[Sun Aug 23 12:30:40 CST 2026] Monitor relanzado (pid 82301)
[Sun Aug 23 12:40:37 CST 2026] TUNEL CAIDO (https://cardiac-avatar-watershed-theme.trycloudflare.com). Relanzando monitor...
[Sun Aug 23 12:40:39 CST 2026] Monitor relanzado (pid 85096)
[Sun Aug 23 12:44:38 CST 2026] TUNEL CAIDO (https://cardiac-avatar-watershed-theme.trycloudflare.com). Relanzando monitor...
[Sun Aug 23 12:44:40 CST 2026] Monitor relanzado (pid 86200)
[Sun Aug 23 12:54:43 CST 2026] TUNEL CAIDO (https://bible-dentists-caught-greetings.trycloudflare.com). Relanzando monitor...
[Sun Aug 23 12:54:45 CST 2026] Monitor relanzado (pid 87859)
[Sun Aug 23 12:56:43 CST 2026] TUNEL CAIDO (https://word-voices-bingo-pat.trycloudflare.com). Relanzando monitor...
[Sun Aug 23 12:56:46 CST 2026] Monitor relanzado (pid 87961)
[Sun Aug 23 12:58:43 CST 2026] TUNEL CAIDO (https://duty-threatening-unions-diploma.trycloudflare.com). Relanzando monitor...
[Sun Aug 23 12:58:45 CST 2026] Monitor relanzado (pid 88067)
[Sun Aug 23 13:00:44 CST 2026] TUNEL CAIDO (https://ken-griffin-communities-petition.trycloudflare.com). Relanzando monitor...
[Sun Aug 23 13:00:46 CST 2026] Monitor relanzado (pid 88208)
[Sun Aug 23 13:06:35 CST 2026] TUNEL CAIDO (https://spy-prohibited-tulsa-celtic.trycloudflare.com). Relanzando monitor...
[Sun Aug 23 13:06:37 CST 2026] Monitor relanzado (pid 88553)
[Sun Aug 23 13:08:46 CST 2026] TUNEL CAIDO (https://edmonton-spec-trades-graduate.trycloudflare.com). Relanzando monitor...
[Sun Aug 23 13:08:48 CST 2026] Monitor relanzado (pid 88661)
[Sun Aug 23 13:10:45 CST 2026] TUNEL CAIDO (https://grown-belief-cholesterol-rna.trycloudflare.com). Relanzando monitor...
[Sun Aug 23 13:10:47 CST 2026] Monitor relanzado (pid 88784)
[Sun Aug 23 13:12:44 CST 2026] TUNEL CAIDO (https://gadgets-produces-precision-holders.trycloudflare.com). Relanzando monitor...
[Sun Aug 23 13:12:46 CST 2026] Monitor relanzado (pid 88883)
[Sun Aug 23 13:14:47 CST 2026] TUNEL CAIDO (https://exhibition-automotive-symantec-gray.trycloudflare.com). Relanzando monitor...
[Sun Aug 23 13:14:49 CST 2026] Monitor relanzado (pid 88999)
[Sun Aug 23 13:16:44 CST 2026] TUNEL CAIDO (https://announced-decrease-bangkok-arrives.trycloudflare.com). Relanzando monitor...
[Sun Aug 23 13:16:46 CST 2026] Monitor relanzado (pid 89097)
[Sun Aug 23 13:18:44 CST 2026] TUNEL CAIDO (https://laptop-occupational-cluster-scheme.trycloudflare.com). Relanzando monitor...
[Sun Aug 23 13:18:46 CST 2026] Monitor relanzado (pid 89216)
[Sun Aug 23 13:20:45 CST 2026] TUNEL CAIDO (https://ohio-seo-britain-decades.trycloudflare.com). Relanzando monitor...
[Sun Aug 23 13:20:47 CST 2026] Monitor relanzado (pid 89448)
[Sun Aug 23 13:22:46 CST 2026] TUNEL CAIDO (https://operation-regional-myrtle-reasonably.trycloudflare.com). Relanzando monitor...
[Sun Aug 23 13:22:48 CST 2026] Monitor relanzado (pid 89628)
[Sun Aug 23 13:24:44 CST 2026] TUNEL CAIDO (https://architectural-upc-holidays-newark.trycloudflare.com). Relanzando monitor...
[Sun Aug 23 13:24:46 CST 2026] Monitor relanzado (pid 89873)
[Sun Aug 23 13:26:47 CST 2026] TUNEL CAIDO (https://korea-calculation-ends-various.trycloudflare.com). Relanzando monitor...
[Sun Aug 23 13:26:49 CST 2026] Monitor relanzado (pid 90074)
[Sun Aug 23 13:28:44 CST 2026] TUNEL CAIDO (https://discover-hong-ordering-purchased.trycloudflare.com). Relanzando monitor...
[Sun Aug 23 13:28:46 CST 2026] Monitor relanzado (pid 90250)
[Sun Aug 23 13:30:48 CST 2026] TUNEL CAIDO (https://contamination-reserve-normally-safe.trycloudflare.com). Relanzando monitor...
[Sun Aug 23 13:30:50 CST 2026] Monitor relanzado (pid 90445)
[Sun Aug 23 13:32:47 CST 2026] TUNEL CAIDO (https://mean-bolt-ordering-binary.trycloudflare.com). Relanzando monitor...
[Sun Aug 23 13:32:49 CST 2026] Monitor relanzado (pid 90624)
[Sun Aug 23 13:38:38 CST 2026] TUNEL CAIDO (https://caribbean-exit-customise-folk.trycloudflare.com). Relanzando monitor...
[Sun Aug 23 13:38:40 CST 2026] Monitor relanzado (pid 91422)
[Sun Aug 23 13:40:45 CST 2026] TUNEL CAIDO (https://beam-lib-appointed-blogging.trycloudflare.com). Relanzando monitor...
[Sun Aug 23 13:40:47 CST 2026] Monitor relanzado (pid 91651)
[Sun Aug 23 13:42:47 CST 2026] TUNEL CAIDO (https://talked-thesaurus-similarly-spirituality.trycloudflare.com). Relanzando monitor...
[Sun Aug 23 13:42:49 CST 2026] Monitor relanzado (pid 91881)
[Sun Aug 23 13:44:47 CST 2026] TUNEL CAIDO (https://submitted-governmental-animal-exp.trycloudflare.com). Relanzando monitor...
[Sun Aug 23 13:44:49 CST 2026] Monitor relanzado (pid 92105)
[Sun Aug 23 13:46:47 CST 2026] TUNEL CAIDO (https://education-dive-instrumental-linda.trycloudflare.com). Relanzando monitor...
[Sun Aug 23 13:46:49 CST 2026] Monitor relanzado (pid 92278)
[Sun Aug 23 13:48:45 CST 2026] TUNEL CAIDO (https://nav-moreover-observe-judy.trycloudflare.com). Relanzando monitor...
[Sun Aug 23 13:48:47 CST 2026] Monitor relanzado (pid 92401)
[Sun Aug 23 13:50:48 CST 2026] TUNEL CAIDO (https://lie-carolina-latina-therefore.trycloudflare.com). Relanzando monitor...
[Sun Aug 23 13:50:50 CST 2026] Monitor relanzado (pid 92529)
[Sun Aug 23 13:52:46 CST 2026] TUNEL CAIDO (https://wed-regular-smoking-baghdad.trycloudflare.com). Relanzando monitor...
[Sun Aug 23 13:52:48 CST 2026] Monitor relanzado (pid 93002)
[Sun Aug 23 13:54:45 CST 2026] TUNEL CAIDO (https://baseball-sunrise-sector-blues.trycloudflare.com). Relanzando monitor...
[Sun Aug 23 13:54:47 CST 2026] Monitor relanzado (pid 93308)
[Sun Aug 23 13:56:46 CST 2026] TUNEL CAIDO (https://retailer-reynolds-corner-exhibits.trycloudflare.com). Relanzando monitor...
[Sun Aug 23 13:56:48 CST 2026] Monitor relanzado (pid 93507)
[Sun Aug 23 13:58:48 CST 2026] TUNEL CAIDO (https://containing-screensavers-such-attitudes.trycloudflare.com). Relanzando monitor...
[Sun Aug 23 13:58:50 CST 2026] Monitor relanzado (pid 93762)
[Sun Aug 23 14:03:58 CST 2026] OK tunel vivo: https://containing-screensavers-such-attitudes.trycloudflare.com
[Sun Aug 23 14:14:39 CST 2026] TUNEL CAIDO (https://containing-screensavers-such-attitudes.trycloudflare.com). Relanzando monitor...
[Sun Aug 23 14:14:41 CST 2026] Monitor relanzado (pid 95623)
[Sun Aug 23 14:18:38 CST 2026] TUNEL CAIDO (https://containing-screensavers-such-attitudes.trycloudflare.com). Relanzando monitor...
[Sun Aug 23 14:18:40 CST 2026] Monitor relanzado (pid 96758)
[Sun Aug 23 14:32:42 CST 2026] OK tunel vivo: http://127.0.0.1:8000
[Sun Aug 23 14:34:43 CST 2026] OK tunel vivo: http://127.0.0.1:8000
[Sun Aug 23 14:36:43 CST 2026] OK tunel vivo: http://127.0.0.1:8000
[Sun Aug 23 14:38:43 CST 2026] OK tunel vivo: http://127.0.0.1:8000
[Sun Aug 23 14:40:44 CST 2026] OK tunel vivo: http://127.0.0.1:8000
[Sun Aug 23 14:42:44 CST 2026] OK tunel vivo: http://127.0.0.1:8000
[Sun Aug 23 14:44:45 CST 2026] OK tunel vivo: http://127.0.0.1:8000
[Sun Aug 23 14:46:43 CST 2026] OK tunel vivo: http://127.0.0.1:8000
[Sun Aug 23 14:48:41 CST 2026] OK tunel vivo: http://127.0.0.1:8000
[Sun Aug 23 14:50:44 CST 2026] OK tunel vivo: http://127.0.0.1:8000
[Sun Aug 23 14:52:42 CST 2026] OK tunel vivo: http://127.0.0.1:8000
[Sun Aug 23 14:54:43 CST 2026] OK tunel vivo: http://127.0.0.1:8000
[Sun Aug 23 14:56:42 CST 2026] OK tunel vivo: http://127.0.0.1:8000
[Sun Aug 23 14:58:43 CST 2026] OK tunel vivo: http://127.0.0.1:8000
[Sun Aug 23 15:00:43 CST 2026] OK tunel vivo: http://127.0.0.1:8000
[Sun Aug 23 15:02:44 CST 2026] OK tunel vivo: http://127.0.0.1:8000
[Sun Aug 23 15:04:44 CST 2026] OK tunel vivo: http://127.0.0.1:8000
[Sun Aug 23 15:06:46 CST 2026] OK tunel vivo: http://127.0.0.1:8000
[Sun Aug 23 15:08:44 CST 2026] OK tunel vivo: http://127.0.0.1:8000
[Sun Aug 23 15:10:45 CST 2026] OK tunel vivo: http://127.0.0.1:8000
[Sun Aug 23 15:12:42 CST 2026] OK tunel vivo: http://127.0.0.1:8000
[Sun Aug 23 15:14:43 CST 2026] OK tunel vivo: http://127.0.0.1:8000
[Sun Aug 23 15:16:43 CST 2026] OK tunel vivo: http://127.0.0.1:8000
[Sun Aug 23 15:18:45 CST 2026] OK tunel vivo: http://127.0.0.1:8000
[Sun Aug 23 15:20:44 CST 2026] OK tunel vivo: http://127.0.0.1:8000
[Sun Aug 23 15:22:45 CST 2026] OK tunel vivo: http://127.0.0.1:8000
[Sun Aug 23 15:24:45 CST 2026] OK tunel vivo: http://127.0.0.1:8000
[Sun Aug 23 15:26:45 CST 2026] OK tunel vivo: http://127.0.0.1:8000
[Sun Aug 23 15:28:46 CST 2026] OK tunel vivo: http://127.0.0.1:8000
[Sun Aug 23 15:30:46 CST 2026] OK tunel vivo: http://127.0.0.1:8000
[Sun Aug 23 15:32:42 CST 2026] OK tunel vivo: http://127.0.0.1:8000
[Sun Aug 23 15:34:43 CST 2026] OK tunel vivo: http://127.0.0.1:8000
[Sun Aug 23 15:36:43 CST 2026] OK tunel vivo: http://127.0.0.1:8000
[Sun Aug 23 15:38:43 CST 2026] OK tunel vivo: http://127.0.0.1:8000
[Sun Aug 23 15:40:43 CST 2026] OK tunel vivo: http://127.0.0.1:8000
[Sun Aug 23 15:42:43 CST 2026] OK tunel vivo: http://127.0.0.1:8000
[Sun Aug 23 15:44:46 CST 2026] OK tunel vivo: http://127.0.0.1:8000
[Sun Aug 23 15:46:48 CST 2026] OK tunel vivo: http://127.0.0.1:8000
[Sun Aug 23 15:48:45 CST 2026] OK tunel vivo: http://127.0.0.1:8000
[Sun Aug 23 15:50:45 CST 2026] OK tunel vivo: http://127.0.0.1:8000
[Sun Aug 23 15:52:47 CST 2026] OK tunel vivo: http://127.0.0.1:8000
[Sun Aug 23 15:54:44 CST 2026] OK tunel vivo: http://127.0.0.1:8000
[Sun Aug 23 15:56:50 CST 2026] OK tunel vivo: http://127.0.0.1:8000
[Sun Aug 23 15:58:48 CST 2026] OK tunel vivo: http://127.0.0.1:8000
[Sun Aug 23 16:00:45 CST 2026] OK tunel vivo: http://127.0.0.1:8000
[Sun Aug 23 16:02:48 CST 2026] OK tunel vivo: http://127.0.0.1:8000
[Sun Aug 23 16:04:48 CST 2026] OK tunel vivo: http://127.0.0.1:8000
[Sun Aug 23 16:06:45 CST 2026] OK tunel vivo: http://127.0.0.1:8000
[Sun Aug 23 16:08:51 CST 2026] TUNEL CAIDO (http://127.0.0.1:8000). Relanzando monitor...
[Sun Aug 23 16:08:54 CST 2026] Monitor relanzado (pid 4700)
[Sun Aug 23 16:18:49 CST 2026] OK tunel vivo: https://plates-elements-performer-structured.trycloudflare.com
[Sun Aug 23 16:20:46 CST 2026] OK tunel vivo: https://plates-elements-performer-structured.trycloudflare.com
[Sun Aug 23 16:22:48 CST 2026] OK tunel vivo: https://plates-elements-performer-structured.trycloudflare.com
[Sun Aug 23 16:24:51 CST 2026] OK tunel vivo: https://plates-elements-performer-structured.trycloudflare.com
[Sun Aug 23 16:26:55 CST 2026] OK tunel vivo: https://plates-elements-performer-structured.trycloudflare.com
[Sun Aug 23 16:28:48 CST 2026] OK tunel vivo: https://plates-elements-performer-structured.trycloudflare.com
[Sun Aug 23 16:30:49 CST 2026] OK tunel vivo: https://plates-elements-performer-structured.trycloudflare.com
[Sun Aug 23 16:32:47 CST 2026] OK tunel vivo: https://plates-elements-performer-structured.trycloudflare.com
[Sun Aug 23 16:34:51 CST 2026] OK tunel vivo: https://plates-elements-performer-structured.trycloudflare.com
[Sun Aug 23 16:36:52 CST 2026] OK tunel vivo: https://plates-elements-performer-structured.trycloudflare.com
[Sun Aug 23 16:38:53 CST 2026] OK tunel vivo: https://plates-elements-performer-structured.trycloudflare.com
[Sun Aug 23 16:40:59 CST 2026] TUNEL CAIDO (https://plates-elements-performer-structured.trycloudflare.com). Relanzando monitor...
[Sun Aug 23 16:41:01 CST 2026] Monitor relanzado (pid 6677)
[Sun Aug 23 16:45:33 CST 2026] TUNEL CAIDO (https://subscriptions-jewelry-eating-oregon.trycloudflare.com). Relanzando monitor...
[Sun Aug 23 16:45:36 CST 2026] Monitor relanzado (pid 7074)
[Sun Aug 23 16:49:03 CST 2026] TUNEL CAIDO (https://contacts-voice-praise-volleyball.trycloudflare.com). Relanzando monitor...
[Sun Aug 23 16:49:06 CST 2026] Monitor relanzado (pid 7397)
[Sun Aug 23 16:52:57 CST 2026] OK tunel vivo: https://vol-president-blacks-mandate.trycloudflare.com
[Sun Aug 23 16:54:53 CST 2026] OK tunel vivo: https://vol-president-blacks-mandate.trycloudflare.com
[Sun Aug 23 16:56:53 CST 2026] OK tunel vivo: https://vol-president-blacks-mandate.trycloudflare.com
[Sun Aug 23 16:58:53 CST 2026] OK tunel vivo: https://vol-president-blacks-mandate.trycloudflare.com
[Sun Aug 23 17:00:53 CST 2026] OK tunel vivo: https://vol-president-blacks-mandate.trycloudflare.com
[Sun Aug 23 17:02:53 CST 2026] OK tunel vivo: https://vol-president-blacks-mandate.trycloudflare.com
[Sun Aug 23 17:06:07 CST 2026] TUNEL CAIDO (https://vol-president-blacks-mandate.trycloudflare.com). Relanzando monitor...
[Sun Aug 23 17:07:38 CST 2026] OK tunel vivo: https://vol-president-blacks-mandate.trycloudflare.com
[Sun Aug 23 17:14:37 CST 2026] OK tunel vivo: https://vol-president-blacks-mandate.trycloudflare.com
[Sun Aug 23 17:22:24 CST 2026] OK tunel vivo: https://gives-academy-dpi-responses.trycloudflare.com
[Sun Aug 23 17:24:24 CST 2026] OK tunel vivo: https://gives-academy-dpi-responses.trycloudflare.com
[Sun Aug 23 17:26:27 CST 2026] OK tunel vivo: https://gives-academy-dpi-responses.trycloudflare.com
[Sun Aug 23 17:28:22 CST 2026] OK tunel vivo: https://gives-academy-dpi-responses.trycloudflare.com
[Sun Aug 23 17:30:24 CST 2026] OK tunel vivo: https://gives-academy-dpi-responses.trycloudflare.com
[Sun Aug 23 17:32:23 CST 2026] OK tunel vivo: https://gives-academy-dpi-responses.trycloudflare.com
[Sun Aug 23 17:34:53 CST 2026] TUNEL CAIDO (https://gives-academy-dpi-responses.trycloudflare.com). Relanzando monitor...
[Sun Aug 23 17:34:59 CST 2026] Monitor relanzado (pid 5955)
[Sun Aug 23 17:42:26 CST 2026] OK tunel vivo: https://vacation-strategies-provinces-sol.trycloudflare.com
[Sun Aug 23 17:44:27 CST 2026] OK tunel vivo: https://vacation-strategies-provinces-sol.trycloudflare.com
[Sun Aug 23 17:46:30 CST 2026] OK tunel vivo: https://vacation-strategies-provinces-sol.trycloudflare.com
[Sun Aug 23 17:48:29 CST 2026] OK tunel vivo: https://vacation-strategies-provinces-sol.trycloudflare.com
[Sun Aug 23 17:50:28 CST 2026] OK tunel vivo: https://vacation-strategies-provinces-sol.trycloudflare.com
[Sun Aug 23 17:52:30 CST 2026] OK tunel vivo: https://vacation-strategies-provinces-sol.trycloudflare.com
[Sun Aug 23 17:54:28 CST 2026] OK tunel vivo: https://vacation-strategies-provinces-sol.trycloudflare.com
[Sun Aug 23 17:56:31 CST 2026] OK tunel vivo: https://vacation-strategies-provinces-sol.trycloudflare.com
[Sun Aug 23 17:58:30 CST 2026] OK tunel vivo: https://vacation-strategies-provinces-sol.trycloudflare.com
[Sun Aug 23 18:00:32 CST 2026] OK tunel vivo: https://vacation-strategies-provinces-sol.trycloudflare.com
[Sun Aug 23 18:02:28 CST 2026] OK tunel vivo: https://vacation-strategies-provinces-sol.trycloudflare.com
[Sun Aug 23 18:04:34 CST 2026] OK tunel vivo: https://vacation-strategies-provinces-sol.trycloudflare.com
[Sun Aug 23 18:06:33 CST 2026] OK tunel vivo: https://vacation-strategies-provinces-sol.trycloudflare.com
[Sun Aug 23 18:08:38 CST 2026] TUNEL CAIDO (https://vacation-strategies-provinces-sol.trycloudflare.com). Relanzando monitor...
[Sun Aug 23 18:08:40 CST 2026] Monitor relanzado (pid 7745)
[Sun Aug 23 18:10:34 CST 2026] OK tunel vivo: https://programmer-explicit-specialties-stuffed.trycloudflare.com
[Sun Aug 23 18:12:36 CST 2026] OK tunel vivo: https://programmer-explicit-specialties-stuffed.trycloudflare.com
[Sun Aug 23 18:14:31 CST 2026] OK tunel vivo: https://programmer-explicit-specialties-stuffed.trycloudflare.com
[Sun Aug 23 18:16:40 CST 2026] TUNEL CAIDO (https://programmer-explicit-specialties-stuffed.trycloudflare.com). Relanzando monitor...
[Sun Aug 23 18:16:42 CST 2026] Monitor relanzado (pid 8262)
[Sun Aug 23 18:21:30 CST 2026] OK tunel vivo: https://programmer-explicit-specialties-stuffed.trycloudflare.com
[Sun Aug 23 18:24:32 CST 2026] OK tunel vivo: https://association-order-stomach-rescue.trycloudflare.com
[Sun Aug 23 18:26:33 CST 2026] OK tunel vivo: https://association-order-stomach-rescue.trycloudflare.com
[Sun Aug 23 18:28:35 CST 2026] OK tunel vivo: https://association-order-stomach-rescue.trycloudflare.com
[Sun Aug 23 18:30:33 CST 2026] OK tunel vivo: https://association-order-stomach-rescue.trycloudflare.com
[Sun Aug 23 18:32:32 CST 2026] OK tunel vivo: https://association-order-stomach-rescue.trycloudflare.com
[Sun Aug 23 18:34:35 CST 2026] OK tunel vivo: https://association-order-stomach-rescue.trycloudflare.com
[Sun Aug 23 18:36:36 CST 2026] OK tunel vivo: https://association-order-stomach-rescue.trycloudflare.com
[Sun Aug 23 18:38:34 CST 2026] OK tunel vivo: https://association-order-stomach-rescue.trycloudflare.com
[Sun Aug 23 18:40:39 CST 2026] OK tunel vivo: https://association-order-stomach-rescue.trycloudflare.com
[Sun Aug 23 18:42:38 CST 2026] OK tunel vivo: https://association-order-stomach-rescue.trycloudflare.com
[Sun Aug 23 18:44:35 CST 2026] OK tunel vivo: https://association-order-stomach-rescue.trycloudflare.com
[Sun Aug 23 18:46:37 CST 2026] OK tunel vivo: https://association-order-stomach-rescue.trycloudflare.com
[Sun Aug 23 18:48:39 CST 2026] OK tunel vivo: https://association-order-stomach-rescue.trycloudflare.com
[Sun Aug 23 18:50:35 CST 2026] OK tunel vivo: https://association-order-stomach-rescue.trycloudflare.com
[Sun Aug 23 18:52:37 CST 2026] OK tunel vivo: https://association-order-stomach-rescue.trycloudflare.com
[Sun Aug 23 18:54:37 CST 2026] OK tunel vivo: https://association-order-stomach-rescue.trycloudflare.com
[Sun Aug 23 18:56:37 CST 2026] OK tunel vivo: https://association-order-stomach-rescue.trycloudflare.com
[Sun Aug 23 18:58:37 CST 2026] OK tunel vivo: https://association-order-stomach-rescue.trycloudflare.com
[Sun Aug 23 19:00:37 CST 2026] OK tunel vivo: https://association-order-stomach-rescue.trycloudflare.com
[Sun Aug 23 19:02:37 CST 2026] OK tunel vivo: https://association-order-stomach-rescue.trycloudflare.com
[Sun Aug 23 19:04:38 CST 2026] OK tunel vivo: https://association-order-stomach-rescue.trycloudflare.com
[Sun Aug 23 19:06:42 CST 2026] OK tunel vivo: https://association-order-stomach-rescue.trycloudflare.com
[Sun Aug 23 19:08:43 CST 2026] OK tunel vivo: https://association-order-stomach-rescue.trycloudflare.com
[Sun Aug 23 19:10:39 CST 2026] OK tunel vivo: https://association-order-stomach-rescue.trycloudflare.com
[Sun Aug 23 19:12:38 CST 2026] OK tunel vivo: https://association-order-stomach-rescue.trycloudflare.com
[Sun Aug 23 19:14:40 CST 2026] OK tunel vivo: https://association-order-stomach-rescue.trycloudflare.com
[Sun Aug 23 19:16:43 CST 2026] OK tunel vivo: https://association-order-stomach-rescue.trycloudflare.com
[Sun Aug 23 19:18:40 CST 2026] OK tunel vivo: https://association-order-stomach-rescue.trycloudflare.com
[Sun Aug 23 19:20:47 CST 2026] OK tunel vivo: https://association-order-stomach-rescue.trycloudflare.com
[Sun Aug 23 19:22:49 CST 2026] OK tunel vivo: https://association-order-stomach-rescue.trycloudflare.com
[Sun Aug 23 19:24:47 CST 2026] OK tunel vivo: https://association-order-stomach-rescue.trycloudflare.com
[Sun Aug 23 19:26:43 CST 2026] OK tunel vivo: https://association-order-stomach-rescue.trycloudflare.com
[Sun Aug 23 19:28:48 CST 2026] TUNEL CAIDO (https://association-order-stomach-rescue.trycloudflare.com). Relanzando monitor...
[Sun Aug 23 19:28:51 CST 2026] Monitor relanzado (pid 11477)
[Sun Aug 23 19:30:44 CST 2026] OK tunel vivo: https://job-indicated-hampton-pushed.trycloudflare.com
[Sun Aug 23 19:32:41 CST 2026] OK tunel vivo: https://job-indicated-hampton-pushed.trycloudflare.com
[Sun Aug 23 19:34:42 CST 2026] OK tunel vivo: https://job-indicated-hampton-pushed.trycloudflare.com
[Sun Aug 23 19:36:40 CST 2026] OK tunel vivo: https://job-indicated-hampton-pushed.trycloudflare.com
[Sun Aug 23 19:38:43 CST 2026] OK tunel vivo: https://job-indicated-hampton-pushed.trycloudflare.com
[Sun Aug 23 19:40:43 CST 2026] OK tunel vivo: https://job-indicated-hampton-pushed.trycloudflare.com
[Sun Aug 23 19:42:42 CST 2026] OK tunel vivo: https://job-indicated-hampton-pushed.trycloudflare.com
[Sun Aug 23 19:44:40 CST 2026] OK tunel vivo: https://job-indicated-hampton-pushed.trycloudflare.com
[Sun Aug 23 19:46:42 CST 2026] OK tunel vivo: https://job-indicated-hampton-pushed.trycloudflare.com
[Sun Aug 23 19:48:47 CST 2026] OK tunel vivo: https://job-indicated-hampton-pushed.trycloudflare.com
[Sun Aug 23 19:50:45 CST 2026] OK tunel vivo: https://job-indicated-hampton-pushed.trycloudflare.com
[Sun Aug 23 19:52:44 CST 2026] OK tunel vivo: https://job-indicated-hampton-pushed.trycloudflare.com
[Sun Aug 23 19:54:44 CST 2026] OK tunel vivo: https://job-indicated-hampton-pushed.trycloudflare.com
[Sun Aug 23 19:56:42 CST 2026] OK tunel vivo: https://job-indicated-hampton-pushed.trycloudflare.com
[Sun Aug 23 19:58:42 CST 2026] OK tunel vivo: https://job-indicated-hampton-pushed.trycloudflare.com
[Sun Aug 23 20:00:46 CST 2026] OK tunel vivo: https://job-indicated-hampton-pushed.trycloudflare.com
[Sun Aug 23 20:02:45 CST 2026] OK tunel vivo: https://job-indicated-hampton-pushed.trycloudflare.com
[Sun Aug 23 20:04:41 CST 2026] OK tunel vivo: https://job-indicated-hampton-pushed.trycloudflare.com
[Sun Aug 23 20:06:45 CST 2026] OK tunel vivo: https://job-indicated-hampton-pushed.trycloudflare.com
[Sun Aug 23 20:08:44 CST 2026] OK tunel vivo: https://job-indicated-hampton-pushed.trycloudflare.com
[Sun Aug 23 20:10:42 CST 2026] OK tunel vivo: https://job-indicated-hampton-pushed.trycloudflare.com
[Sun Aug 23 20:12:45 CST 2026] OK tunel vivo: https://job-indicated-hampton-pushed.trycloudflare.com
[Sun Aug 23 20:14:45 CST 2026] OK tunel vivo: https://job-indicated-hampton-pushed.trycloudflare.com
[Sun Aug 23 20:16:43 CST 2026] OK tunel vivo: https://job-indicated-hampton-pushed.trycloudflare.com
[Sun Aug 23 20:18:43 CST 2026] OK tunel vivo: https://job-indicated-hampton-pushed.trycloudflare.com
[Sun Aug 23 20:20:43 CST 2026] OK tunel vivo: https://job-indicated-hampton-pushed.trycloudflare.com
[Sun Aug 23 20:22:46 CST 2026] OK tunel vivo: https://job-indicated-hampton-pushed.trycloudflare.com
[Sun Aug 23 20:24:47 CST 2026] OK tunel vivo: https://job-indicated-hampton-pushed.trycloudflare.com
[Sun Aug 23 20:26:44 CST 2026] OK tunel vivo: https://job-indicated-hampton-pushed.trycloudflare.com
[Sun Aug 23 20:28:47 CST 2026] OK tunel vivo: https://job-indicated-hampton-pushed.trycloudflare.com
[Sun Aug 23 20:30:47 CST 2026] OK tunel vivo: https://job-indicated-hampton-pushed.trycloudflare.com
[Sun Aug 23 20:32:47 CST 2026] OK tunel vivo: https://job-indicated-hampton-pushed.trycloudflare.com
[Sun Aug 23 20:34:45 CST 2026] OK tunel vivo: https://job-indicated-hampton-pushed.trycloudflare.com
[Sun Aug 23 20:36:47 CST 2026] OK tunel vivo: https://job-indicated-hampton-pushed.trycloudflare.com
[Sun Aug 23 20:38:48 CST 2026] OK tunel vivo: https://job-indicated-hampton-pushed.trycloudflare.com
[Sun Aug 23 20:40:53 CST 2026] TUNEL CAIDO (https://job-indicated-hampton-pushed.trycloudflare.com). Relanzando monitor...
[Sun Aug 23 20:40:56 CST 2026] Monitor relanzado (pid 14442)
[Sun Aug 23 20:42:50 CST 2026] OK tunel vivo: https://armor-mat-bibliography-seq.trycloudflare.com
[Sun Aug 23 20:44:45 CST 2026] OK tunel vivo: https://armor-mat-bibliography-seq.trycloudflare.com
[Sun Aug 23 20:46:46 CST 2026] OK tunel vivo: https://armor-mat-bibliography-seq.trycloudflare.com
[Sun Aug 23 20:48:46 CST 2026] OK tunel vivo: https://armor-mat-bibliography-seq.trycloudflare.com
[Sun Aug 23 20:50:47 CST 2026] OK tunel vivo: https://armor-mat-bibliography-seq.trycloudflare.com
[Sun Aug 23 20:52:45 CST 2026] OK tunel vivo: https://armor-mat-bibliography-seq.trycloudflare.com
[Sun Aug 23 20:54:52 CST 2026] OK tunel vivo: https://armor-mat-bibliography-seq.trycloudflare.com
[Sun Aug 23 20:56:45 CST 2026] OK tunel vivo: https://armor-mat-bibliography-seq.trycloudflare.com
[Sun Aug 23 20:58:47 CST 2026] OK tunel vivo: https://armor-mat-bibliography-seq.trycloudflare.com
[Sun Aug 23 21:00:47 CST 2026] OK tunel vivo: https://armor-mat-bibliography-seq.trycloudflare.com
[Sun Aug 23 21:02:46 CST 2026] OK tunel vivo: https://armor-mat-bibliography-seq.trycloudflare.com
[Sun Aug 23 21:04:49 CST 2026] OK tunel vivo: https://armor-mat-bibliography-seq.trycloudflare.com
[Sun Aug 23 21:06:50 CST 2026] OK tunel vivo: https://armor-mat-bibliography-seq.trycloudflare.com
[Sun Aug 23 21:08:46 CST 2026] OK tunel vivo: https://armor-mat-bibliography-seq.trycloudflare.com
[Sun Aug 23 21:10:47 CST 2026] OK tunel vivo: https://armor-mat-bibliography-seq.trycloudflare.com
[Sun Aug 23 21:12:47 CST 2026] OK tunel vivo: https://armor-mat-bibliography-seq.trycloudflare.com
[Sun Aug 23 21:14:46 CST 2026] OK tunel vivo: https://armor-mat-bibliography-seq.trycloudflare.com
[Sun Aug 23 21:16:49 CST 2026] OK tunel vivo: https://armor-mat-bibliography-seq.trycloudflare.com
[Sun Aug 23 21:18:51 CST 2026] OK tunel vivo: https://armor-mat-bibliography-seq.trycloudflare.com
[Sun Aug 23 21:20:47 CST 2026] OK tunel vivo: https://armor-mat-bibliography-seq.trycloudflare.com
[Sun Aug 23 21:22:49 CST 2026] OK tunel vivo: https://armor-mat-bibliography-seq.trycloudflare.com
[Sun Aug 23 21:24:51 CST 2026] OK tunel vivo: https://armor-mat-bibliography-seq.trycloudflare.com
[Sun Aug 23 21:26:47 CST 2026] OK tunel vivo: https://armor-mat-bibliography-seq.trycloudflare.com
[Sun Aug 23 21:28:47 CST 2026] OK tunel vivo: https://armor-mat-bibliography-seq.trycloudflare.com
[Sun Aug 23 21:30:50 CST 2026] OK tunel vivo: https://armor-mat-bibliography-seq.trycloudflare.com
[Sun Aug 23 21:32:48 CST 2026] OK tunel vivo: https://armor-mat-bibliography-seq.trycloudflare.com
[Sun Aug 23 21:34:51 CST 2026] OK tunel vivo: https://armor-mat-bibliography-seq.trycloudflare.com
[Sun Aug 23 21:37:03 CST 2026] TUNEL CAIDO (https://armor-mat-bibliography-seq.trycloudflare.com). Relanzando monitor...
[Sun Aug 23 21:37:06 CST 2026] Monitor relanzado (pid 16306)
[Sun Aug 23 21:38:59 CST 2026] TUNEL CAIDO (https://forge-moreover-resident-mag.trycloudflare.com). Relanzando monitor...
[Sun Aug 23 21:39:01 CST 2026] Monitor relanzado (pid 16632)
[Sun Aug 23 21:40:58 CST 2026] OK tunel vivo: https://shown-walter-reference-len.trycloudflare.com
[Sun Aug 23 21:42:59 CST 2026] TUNEL CAIDO (https://shown-walter-reference-len.trycloudflare.com). Relanzando monitor...
[Sun Aug 23 21:43:01 CST 2026] Monitor relanzado (pid 16939)
[Sun Aug 23 21:44:54 CST 2026] OK tunel vivo: https://deaths-demonstrates-aquarium-mill.trycloudflare.com
[Sun Aug 23 21:46:56 CST 2026] OK tunel vivo: https://deaths-demonstrates-aquarium-mill.trycloudflare.com
[Sun Aug 23 21:48:55 CST 2026] OK tunel vivo: https://deaths-demonstrates-aquarium-mill.trycloudflare.com
[Sun Aug 23 21:50:52 CST 2026] OK tunel vivo: https://deaths-demonstrates-aquarium-mill.trycloudflare.com
[Sun Aug 23 21:52:57 CST 2026] OK tunel vivo: https://deaths-demonstrates-aquarium-mill.trycloudflare.com
[Sun Aug 23 21:54:57 CST 2026] OK tunel vivo: https://deaths-demonstrates-aquarium-mill.trycloudflare.com
[Sun Aug 23 21:56:54 CST 2026] OK tunel vivo: https://deaths-demonstrates-aquarium-mill.trycloudflare.com
[Sun Aug 23 21:58:53 CST 2026] OK tunel vivo: https://deaths-demonstrates-aquarium-mill.trycloudflare.com
[Sun Aug 23 22:00:54 CST 2026] OK tunel vivo: https://deaths-demonstrates-aquarium-mill.trycloudflare.com
[Sun Aug 23 22:02:54 CST 2026] OK tunel vivo: https://deaths-demonstrates-aquarium-mill.trycloudflare.com
[Sun Aug 23 22:04:54 CST 2026] OK tunel vivo: https://deaths-demonstrates-aquarium-mill.trycloudflare.com
[Sun Aug 23 22:06:53 CST 2026] OK tunel vivo: https://deaths-demonstrates-aquarium-mill.trycloudflare.com
[Sun Aug 23 22:08:56 CST 2026] OK tunel vivo: https://deaths-demonstrates-aquarium-mill.trycloudflare.com
[Sun Aug 23 22:10:55 CST 2026] OK tunel vivo: https://deaths-demonstrates-aquarium-mill.trycloudflare.com
[Sun Aug 23 22:12:55 CST 2026] OK tunel vivo: https://deaths-demonstrates-aquarium-mill.trycloudflare.com
[Sun Aug 23 22:15:00 CST 2026] TUNEL CAIDO (https://deaths-demonstrates-aquarium-mill.trycloudflare.com). Relanzando monitor...
[Sun Aug 23 22:15:02 CST 2026] Monitor relanzado (pid 17894)
[Sun Aug 23 22:16:52 CST 2026] OK tunel vivo: https://chambers-expansion-flush-ace.trycloudflare.com
[Sun Aug 23 22:18:55 CST 2026] OK tunel vivo: https://chambers-expansion-flush-ace.trycloudflare.com
[Sun Aug 23 22:21:04 CST 2026] TUNEL CAIDO (https://chambers-expansion-flush-ace.trycloudflare.com). Relanzando monitor...
[Sun Aug 23 22:21:06 CST 2026] Monitor relanzado (pid 18405)
[Sun Aug 23 22:22:53 CST 2026] OK tunel vivo: https://hospital-property-updates-society.trycloudflare.com
[Sun Aug 23 22:24:56 CST 2026] OK tunel vivo: https://hospital-property-updates-society.trycloudflare.com
[Sun Aug 23 22:26:53 CST 2026] OK tunel vivo: https://hospital-property-updates-society.trycloudflare.com
[Sun Aug 23 22:28:53 CST 2026] OK tunel vivo: https://hospital-property-updates-society.trycloudflare.com
[Sun Aug 23 22:30:54 CST 2026] OK tunel vivo: https://hospital-property-updates-society.trycloudflare.com
[Sun Aug 23 22:32:54 CST 2026] OK tunel vivo: https://hospital-property-updates-society.trycloudflare.com
[Sun Aug 23 22:34:53 CST 2026] OK tunel vivo: https://hospital-property-updates-society.trycloudflare.com
[Sun Aug 23 22:36:54 CST 2026] OK tunel vivo: https://hospital-property-updates-society.trycloudflare.com
[Sun Aug 23 22:38:57 CST 2026] OK tunel vivo: https://hospital-property-updates-society.trycloudflare.com
[Sun Aug 23 22:40:57 CST 2026] OK tunel vivo: https://hospital-property-updates-society.trycloudflare.com
[Sun Aug 23 22:42:53 CST 2026] OK tunel vivo: https://hospital-property-updates-society.trycloudflare.com
[Sun Aug 23 22:44:53 CST 2026] OK tunel vivo: https://hospital-property-updates-society.trycloudflare.com
[Sun Aug 23 22:46:56 CST 2026] OK tunel vivo: https://hospital-property-updates-society.trycloudflare.com
[Sun Aug 23 22:48:56 CST 2026] OK tunel vivo: https://hospital-property-updates-society.trycloudflare.com
[Sun Aug 23 22:50:55 CST 2026] OK tunel vivo: https://hospital-property-updates-society.trycloudflare.com
[Sun Aug 23 22:52:56 CST 2026] OK tunel vivo: https://hospital-property-updates-society.trycloudflare.com
[Sun Aug 23 22:54:55 CST 2026] OK tunel vivo: https://hospital-property-updates-society.trycloudflare.com
[Sun Aug 23 22:56:56 CST 2026] OK tunel vivo: https://hospital-property-updates-society.trycloudflare.com
[Sun Aug 23 22:58:54 CST 2026] OK tunel vivo: https://hospital-property-updates-society.trycloudflare.com
[Sun Aug 23 23:00:55 CST 2026] OK tunel vivo: https://hospital-property-updates-society.trycloudflare.com
[Sun Aug 23 23:02:55 CST 2026] OK tunel vivo: https://hospital-property-updates-society.trycloudflare.com
[Sun Aug 23 23:04:57 CST 2026] OK tunel vivo: https://hospital-property-updates-society.trycloudflare.com
[Sun Aug 23 23:06:57 CST 2026] OK tunel vivo: https://hospital-property-updates-society.trycloudflare.com
[Sun Aug 23 23:08:55 CST 2026] OK tunel vivo: https://hospital-property-updates-society.trycloudflare.com
[Sun Aug 23 23:10:54 CST 2026] OK tunel vivo: https://hospital-property-updates-society.trycloudflare.com
[Sun Aug 23 23:12:55 CST 2026] OK tunel vivo: https://hospital-property-updates-society.trycloudflare.com
[Sun Aug 23 23:14:54 CST 2026] OK tunel vivo: https://hospital-property-updates-society.trycloudflare.com
[Sun Aug 23 23:16:55 CST 2026] OK tunel vivo: https://hospital-property-updates-society.trycloudflare.com
[Sun Aug 23 23:18:55 CST 2026] OK tunel vivo: https://hospital-property-updates-society.trycloudflare.com
[Sun Aug 23 23:20:54 CST 2026] OK tunel vivo: https://hospital-property-updates-society.trycloudflare.com
[Sun Aug 23 23:22:58 CST 2026] OK tunel vivo: https://hospital-property-updates-society.trycloudflare.com
[Sun Aug 23 23:24:57 CST 2026] OK tunel vivo: https://hospital-property-updates-society.trycloudflare.com
[Sun Aug 23 23:26:58 CST 2026] OK tunel vivo: https://hospital-property-updates-society.trycloudflare.com
[Sun Aug 23 23:28:55 CST 2026] OK tunel vivo: https://hospital-property-updates-society.trycloudflare.com
[Sun Aug 23 23:30:56 CST 2026] OK tunel vivo: https://hospital-property-updates-society.trycloudflare.com
[Sun Aug 23 23:32:56 CST 2026] OK tunel vivo: https://hospital-property-updates-society.trycloudflare.com
[Sun Aug 23 23:34:55 CST 2026] OK tunel vivo: https://hospital-property-updates-society.trycloudflare.com
[Sun Aug 23 23:36:59 CST 2026] OK tunel vivo: https://hospital-property-updates-society.trycloudflare.com
[Sun Aug 23 23:38:57 CST 2026] OK tunel vivo: https://hospital-property-updates-society.trycloudflare.com
[Sun Aug 23 23:40:58 CST 2026] OK tunel vivo: https://hospital-property-updates-society.trycloudflare.com
[Sun Aug 23 23:42:58 CST 2026] OK tunel vivo: https://hospital-property-updates-society.trycloudflare.com
[Sun Aug 23 23:44:58 CST 2026] OK tunel vivo: https://hospital-property-updates-society.trycloudflare.com
[Sun Aug 23 23:47:05 CST 2026] TUNEL CAIDO (https://hospital-property-updates-society.trycloudflare.com). Relanzando monitor...
[Sun Aug 23 23:47:07 CST 2026] Monitor relanzado (pid 21227)
[Sun Aug 23 23:49:02 CST 2026] TUNEL CAIDO (https://boost-settle-corresponding-exploring.trycloudflare.com). Relanzando monitor...
[Sun Aug 23 23:49:04 CST 2026] Monitor relanzado (pid 21382)
[Sun Aug 23 23:50:58 CST 2026] OK tunel vivo: https://donor-modems-sure-sorted.trycloudflare.com
[Sun Aug 23 23:53:07 CST 2026] TUNEL CAIDO (https://donor-modems-sure-sorted.trycloudflare.com). Relanzando monitor...
[Sun Aug 23 23:53:09 CST 2026] Monitor relanzado (pid 21927)
[Sun Aug 23 23:55:07 CST 2026] TUNEL CAIDO (https://junction-slightly-reliability-down.trycloudflare.com). Relanzando monitor...
[Sun Aug 23 23:55:09 CST 2026] Monitor relanzado (pid 22134)
[Sun Aug 23 23:56:58 CST 2026] OK tunel vivo: https://adventure-essentials-apps-postage.trycloudflare.com
[Sun Aug 23 23:59:01 CST 2026] TUNEL CAIDO (https://adventure-essentials-apps-postage.trycloudflare.com). Relanzando monitor...
[Sun Aug 23 23:59:03 CST 2026] Monitor relanzado (pid 22368)
[Mon Aug 24 00:00:58 CST 2026] OK tunel vivo: https://able-diff-express-gaming.trycloudflare.com
[Mon Aug 24 00:02:57 CST 2026] OK tunel vivo: https://able-diff-express-gaming.trycloudflare.com
[Mon Aug 24 00:04:10 CST 2026] OK tunel vivo: https://able-diff-express-gaming.trycloudflare.com
[Mon Aug 24 00:06:09 CST 2026] OK tunel vivo: https://able-diff-express-gaming.trycloudflare.com
[Mon Aug 24 00:08:18 CST 2026] TUNEL CAIDO (https://able-diff-express-gaming.trycloudflare.com). Relanzando monitor...
[Mon Aug 24 00:08:21 CST 2026] Monitor relanzado (pid 22844)
[Mon Aug 24 00:10:17 CST 2026] OK tunel vivo: https://practices-dallas-fancy-mens.trycloudflare.com
[Mon Aug 24 00:12:10 CST 2026] OK tunel vivo: https://practices-dallas-fancy-mens.trycloudflare.com
[Mon Aug 24 00:14:11 CST 2026] OK tunel vivo: https://practices-dallas-fancy-mens.trycloudflare.com
[Mon Aug 24 00:16:13 CST 2026] OK tunel vivo: https://practices-dallas-fancy-mens.trycloudflare.com
[Mon Aug 24 00:18:11 CST 2026] OK tunel vivo: https://practices-dallas-fancy-mens.trycloudflare.com
[Mon Aug 24 00:20:22 CST 2026] TUNEL CAIDO (https://practices-dallas-fancy-mens.trycloudflare.com). Relanzando monitor...
[Mon Aug 24 00:20:25 CST 2026] Monitor relanzado (pid 24019)
[Mon Aug 24 00:22:16 CST 2026] TUNEL CAIDO (https://pending-games-sep-podcasts.trycloudflare.com). Relanzando monitor...
[Mon Aug 24 00:22:18 CST 2026] Monitor relanzado (pid 24156)
[Mon Aug 24 00:24:13 CST 2026] OK tunel vivo: https://kennedy-investment-motorcycles-devoted.trycloudflare.com
[Mon Aug 24 00:26:12 CST 2026] OK tunel vivo: https://kennedy-investment-motorcycles-devoted.trycloudflare.com
[Mon Aug 24 00:28:14 CST 2026] OK tunel vivo: https://kennedy-investment-motorcycles-devoted.trycloudflare.com
[Mon Aug 24 00:30:19 CST 2026] TUNEL CAIDO (https://kennedy-investment-motorcycles-devoted.trycloudflare.com). Relanzando monitor...
[Mon Aug 24 00:30:22 CST 2026] Monitor relanzado (pid 24536)
[Mon Aug 24 00:38:09 CST 2026] TUNEL CAIDO (https://seven-launches-accounting-forms.trycloudflare.com). Relanzando monitor...
[Mon Aug 24 00:38:11 CST 2026] Monitor relanzado (pid 25001)
[Mon Aug 24 00:40:13 CST 2026] OK tunel vivo: https://worldwide-hanging-prague-jurisdiction.trycloudflare.com
[Mon Aug 24 00:42:13 CST 2026] OK tunel vivo: https://worldwide-hanging-prague-jurisdiction.trycloudflare.com
[Mon Aug 24 00:44:14 CST 2026] OK tunel vivo: https://worldwide-hanging-prague-jurisdiction.trycloudflare.com
[Mon Aug 24 00:46:14 CST 2026] OK tunel vivo: https://worldwide-hanging-prague-jurisdiction.trycloudflare.com
[Mon Aug 24 00:48:14 CST 2026] OK tunel vivo: https://worldwide-hanging-prague-jurisdiction.trycloudflare.com
[Mon Aug 24 00:50:16 CST 2026] OK tunel vivo: https://worldwide-hanging-prague-jurisdiction.trycloudflare.com
[Mon Aug 24 00:52:19 CST 2026] OK tunel vivo: https://worldwide-hanging-prague-jurisdiction.trycloudflare.com
[Mon Aug 24 00:54:14 CST 2026] OK tunel vivo: https://worldwide-hanging-prague-jurisdiction.trycloudflare.com
[Mon Aug 24 00:56:22 CST 2026] OK tunel vivo: https://worldwide-hanging-prague-jurisdiction.trycloudflare.com
[Mon Aug 24 01:00:27 CST 2026] OK tunel vivo: https://worldwide-hanging-prague-jurisdiction.trycloudflare.com
[Mon Aug 24 01:02:26 CST 2026] OK tunel vivo: https://worldwide-hanging-prague-jurisdiction.trycloudflare.com
[Mon Aug 24 01:04:24 CST 2026] OK tunel vivo: https://worldwide-hanging-prague-jurisdiction.trycloudflare.com
[Mon Aug 24 01:06:23 CST 2026] OK tunel vivo: https://worldwide-hanging-prague-jurisdiction.trycloudflare.com
[Mon Aug 24 01:08:23 CST 2026] OK tunel vivo: https://worldwide-hanging-prague-jurisdiction.trycloudflare.com
[Mon Aug 24 01:10:24 CST 2026] OK tunel vivo: https://worldwide-hanging-prague-jurisdiction.trycloudflare.com
[Mon Aug 24 01:12:26 CST 2026] OK tunel vivo: https://worldwide-hanging-prague-jurisdiction.trycloudflare.com
[Mon Aug 24 01:14:26 CST 2026] OK tunel vivo: https://worldwide-hanging-prague-jurisdiction.trycloudflare.com
[Mon Aug 24 01:16:25 CST 2026] TUNEL CAIDO (https://worldwide-hanging-prague-jurisdiction.trycloudflare.com). Relanzando monitor...
[Mon Aug 24 01:16:27 CST 2026] Monitor relanzado (pid 3216)
[Mon Aug 24 01:18:26 CST 2026] OK tunel vivo: https://tour-formed-auto-vids.trycloudflare.com
[Mon Aug 24 01:20:25 CST 2026] OK tunel vivo: https://tour-formed-auto-vids.trycloudflare.com
[Mon Aug 24 01:22:26 CST 2026] OK tunel vivo: https://tour-formed-auto-vids.trycloudflare.com
[Mon Aug 24 01:24:25 CST 2026] OK tunel vivo: https://tour-formed-auto-vids.trycloudflare.com
[Mon Aug 24 01:26:26 CST 2026] OK tunel vivo: https://tour-formed-auto-vids.trycloudflare.com
[Mon Aug 24 01:28:26 CST 2026] OK tunel vivo: https://tour-formed-auto-vids.trycloudflare.com
[Mon Aug 24 01:30:26 CST 2026] OK tunel vivo: https://tour-formed-auto-vids.trycloudflare.com
[Mon Aug 24 01:32:28 CST 2026] OK tunel vivo: https://tour-formed-auto-vids.trycloudflare.com
[Mon Aug 24 01:34:27 CST 2026] OK tunel vivo: https://tour-formed-auto-vids.trycloudflare.com
[Mon Aug 24 01:36:26 CST 2026] OK tunel vivo: https://tour-formed-auto-vids.trycloudflare.com
[Mon Aug 24 01:38:28 CST 2026] OK tunel vivo: https://tour-formed-auto-vids.trycloudflare.com
[Mon Aug 24 01:40:26 CST 2026] OK tunel vivo: https://tour-formed-auto-vids.trycloudflare.com
[Mon Aug 24 01:42:27 CST 2026] OK tunel vivo: https://tour-formed-auto-vids.trycloudflare.com
[Mon Aug 24 01:44:36 CST 2026] TUNEL CAIDO (https://tour-formed-auto-vids.trycloudflare.com). Relanzando monitor...
[Mon Aug 24 01:44:38 CST 2026] Monitor relanzado (pid 4309)
[Mon Aug 24 01:46:32 CST 2026] OK tunel vivo: https://poll-blink-orbit-seventh.trycloudflare.com
[Mon Aug 24 01:48:27 CST 2026] OK tunel vivo: https://poll-blink-orbit-seventh.trycloudflare.com
[Mon Aug 24 01:50:28 CST 2026] OK tunel vivo: https://poll-blink-orbit-seventh.trycloudflare.com
[Mon Aug 24 01:52:36 CST 2026] TUNEL CAIDO (https://poll-blink-orbit-seventh.trycloudflare.com). Relanzando monitor...
[Mon Aug 24 01:52:38 CST 2026] Monitor relanzado (pid 4682)
[Mon Aug 24 01:54:27 CST 2026] OK tunel vivo: https://robert-experienced-fusion-revisions.trycloudflare.com
[Mon Aug 24 01:56:29 CST 2026] OK tunel vivo: https://robert-experienced-fusion-revisions.trycloudflare.com
[Mon Aug 24 01:58:28 CST 2026] OK tunel vivo: https://robert-experienced-fusion-revisions.trycloudflare.com
[Mon Aug 24 02:00:30 CST 2026] OK tunel vivo: https://robert-experienced-fusion-revisions.trycloudflare.com
[Mon Aug 24 02:02:29 CST 2026] OK tunel vivo: https://robert-experienced-fusion-revisions.trycloudflare.com
[Mon Aug 24 02:04:27 CST 2026] OK tunel vivo: https://robert-experienced-fusion-revisions.trycloudflare.com
[Mon Aug 24 02:06:35 CST 2026] OK tunel vivo: https://robert-experienced-fusion-revisions.trycloudflare.com
[Mon Aug 24 02:08:33 CST 2026] OK tunel vivo: https://robert-experienced-fusion-revisions.trycloudflare.com
[Mon Aug 24 02:10:29 CST 2026] OK tunel vivo: https://robert-experienced-fusion-revisions.trycloudflare.com
[Mon Aug 24 02:12:28 CST 2026] OK tunel vivo: https://robert-experienced-fusion-revisions.trycloudflare.com
[Mon Aug 24 02:14:29 CST 2026] OK tunel vivo: https://robert-experienced-fusion-revisions.trycloudflare.com
[Mon Aug 24 02:16:29 CST 2026] OK tunel vivo: https://robert-experienced-fusion-revisions.trycloudflare.com
[Mon Aug 24 02:18:30 CST 2026] OK tunel vivo: https://robert-experienced-fusion-revisions.trycloudflare.com
[Mon Aug 24 02:20:32 CST 2026] OK tunel vivo: https://robert-experienced-fusion-revisions.trycloudflare.com
[Mon Aug 24 02:22:29 CST 2026] OK tunel vivo: https://robert-experienced-fusion-revisions.trycloudflare.com
[Mon Aug 24 02:24:17 CST 2026] OK tunel vivo: https://robert-experienced-fusion-revisions.trycloudflare.com
[Mon Aug 24 02:26:13 CST 2026] OK tunel vivo: https://robert-experienced-fusion-revisions.trycloudflare.com
[Mon Aug 24 02:28:11 CST 2026] OK tunel vivo: https://robert-experienced-fusion-revisions.trycloudflare.com
[Mon Aug 24 02:30:11 CST 2026] OK tunel vivo: https://robert-experienced-fusion-revisions.trycloudflare.com
[Mon Aug 24 02:32:08 CST 2026] OK tunel vivo: https://robert-experienced-fusion-revisions.trycloudflare.com
[Mon Aug 24 02:34:10 CST 2026] OK tunel vivo: https://robert-experienced-fusion-revisions.trycloudflare.com
[Mon Aug 24 02:36:10 CST 2026] OK tunel vivo: https://robert-experienced-fusion-revisions.trycloudflare.com
[Mon Aug 24 02:38:10 CST 2026] OK tunel vivo: https://robert-experienced-fusion-revisions.trycloudflare.com
[Mon Aug 24 02:40:11 CST 2026] OK tunel vivo: https://robert-experienced-fusion-revisions.trycloudflare.com
[Mon Aug 24 02:42:12 CST 2026] OK tunel vivo: https://robert-experienced-fusion-revisions.trycloudflare.com
[Mon Aug 24 02:44:11 CST 2026] OK tunel vivo: https://robert-experienced-fusion-revisions.trycloudflare.com
[Mon Aug 24 02:46:12 CST 2026] OK tunel vivo: https://robert-experienced-fusion-revisions.trycloudflare.com
[Mon Aug 24 02:48:15 CST 2026] OK tunel vivo: https://robert-experienced-fusion-revisions.trycloudflare.com
[Mon Aug 24 02:50:13 CST 2026] OK tunel vivo: https://robert-experienced-fusion-revisions.trycloudflare.com
[Mon Aug 24 02:52:13 CST 2026] OK tunel vivo: https://robert-experienced-fusion-revisions.trycloudflare.com
[Mon Aug 24 02:54:16 CST 2026] OK tunel vivo: https://robert-experienced-fusion-revisions.trycloudflare.com
[Mon Aug 24 02:56:15 CST 2026] OK tunel vivo: https://robert-experienced-fusion-revisions.trycloudflare.com
[Mon Aug 24 02:58:21 CST 2026] OK tunel vivo: https://robert-experienced-fusion-revisions.trycloudflare.com
[Mon Aug 24 03:00:17 CST 2026] OK tunel vivo: https://robert-experienced-fusion-revisions.trycloudflare.com
[Mon Aug 24 03:02:15 CST 2026] OK tunel vivo: https://robert-experienced-fusion-revisions.trycloudflare.com
[Mon Aug 24 03:04:15 CST 2026] OK tunel vivo: https://robert-experienced-fusion-revisions.trycloudflare.com
[Mon Aug 24 03:06:16 CST 2026] OK tunel vivo: https://robert-experienced-fusion-revisions.trycloudflare.com
[Mon Aug 24 03:08:17 CST 2026] OK tunel vivo: https://robert-experienced-fusion-revisions.trycloudflare.com
[Mon Aug 24 03:10:24 CST 2026] OK tunel vivo: https://robert-experienced-fusion-revisions.trycloudflare.com
[Mon Aug 24 03:12:27 CST 2026] TUNEL CAIDO (https://robert-experienced-fusion-revisions.trycloudflare.com). Relanzando monitor...
[Mon Aug 24 03:12:30 CST 2026] Monitor relanzado (pid 7740)
[Mon Aug 24 03:14:19 CST 2026] OK tunel vivo: https://ind-gibson-isbn-discussed.trycloudflare.com
[Mon Aug 24 03:16:20 CST 2026] OK tunel vivo: https://ind-gibson-isbn-discussed.trycloudflare.com
[Mon Aug 24 03:18:19 CST 2026] OK tunel vivo: https://ind-gibson-isbn-discussed.trycloudflare.com
[Mon Aug 24 03:20:20 CST 2026] OK tunel vivo: https://ind-gibson-isbn-discussed.trycloudflare.com
[Mon Aug 24 03:22:23 CST 2026] OK tunel vivo: https://ind-gibson-isbn-discussed.trycloudflare.com
[Mon Aug 24 03:24:19 CST 2026] OK tunel vivo: https://ind-gibson-isbn-discussed.trycloudflare.com
[Mon Aug 24 03:26:18 CST 2026] OK tunel vivo: https://ind-gibson-isbn-discussed.trycloudflare.com
[Mon Aug 24 03:28:19 CST 2026] OK tunel vivo: https://ind-gibson-isbn-discussed.trycloudflare.com
[Mon Aug 24 03:30:25 CST 2026] OK tunel vivo: https://ind-gibson-isbn-discussed.trycloudflare.com
[Mon Aug 24 03:32:28 CST 2026] TUNEL CAIDO (https://ind-gibson-isbn-discussed.trycloudflare.com). Relanzando monitor...
[Mon Aug 24 03:32:30 CST 2026] Monitor relanzado (pid 9096)
[Mon Aug 24 03:34:26 CST 2026] TUNEL CAIDO (https://cas-cartoons-garage-countries.trycloudflare.com). Relanzando monitor...
[Mon Aug 24 03:34:28 CST 2026] Monitor relanzado (pid 9364)
[Mon Aug 24 03:36:27 CST 2026] TUNEL CAIDO (https://varying-strand-rated-cycles.trycloudflare.com). Relanzando monitor...
[Mon Aug 24 03:36:29 CST 2026] Monitor relanzado (pid 9566)
[Mon Aug 24 03:38:21 CST 2026] OK tunel vivo: https://marc-apr-monte-boulevard.trycloudflare.com
[Mon Aug 24 03:40:21 CST 2026] OK tunel vivo: https://marc-apr-monte-boulevard.trycloudflare.com
[Mon Aug 24 03:42:20 CST 2026] OK tunel vivo: https://marc-apr-monte-boulevard.trycloudflare.com
[Mon Aug 24 03:44:21 CST 2026] OK tunel vivo: https://marc-apr-monte-boulevard.trycloudflare.com
[Mon Aug 24 03:46:26 CST 2026] OK tunel vivo: https://marc-apr-monte-boulevard.trycloudflare.com
[Mon Aug 24 03:48:21 CST 2026] OK tunel vivo: https://marc-apr-monte-boulevard.trycloudflare.com
[Mon Aug 24 03:50:21 CST 2026] OK tunel vivo: https://marc-apr-monte-boulevard.trycloudflare.com
[Mon Aug 24 03:52:24 CST 2026] OK tunel vivo: https://marc-apr-monte-boulevard.trycloudflare.com
[Mon Aug 24 03:54:25 CST 2026] OK tunel vivo: https://marc-apr-monte-boulevard.trycloudflare.com
[Mon Aug 24 03:56:24 CST 2026] OK tunel vivo: https://marc-apr-monte-boulevard.trycloudflare.com
[Mon Aug 24 03:58:24 CST 2026] OK tunel vivo: https://marc-apr-monte-boulevard.trycloudflare.com
[Mon Aug 24 04:00:28 CST 2026] OK tunel vivo: https://marc-apr-monte-boulevard.trycloudflare.com
[Mon Aug 24 04:02:32 CST 2026] OK tunel vivo: https://marc-apr-monte-boulevard.trycloudflare.com
[Mon Aug 24 04:04:47 CST 2026] TUNEL CAIDO (https://marc-apr-monte-boulevard.trycloudflare.com). Relanzando monitor...
[Mon Aug 24 04:04:52 CST 2026] Monitor relanzado (pid 12226)
[Mon Aug 24 04:08:31 CST 2026] OK tunel vivo: https://marc-apr-monte-boulevard.trycloudflare.com
[Mon Aug 24 04:10:32 CST 2026] OK tunel vivo: https://marc-apr-monte-boulevard.trycloudflare.com
[Mon Aug 24 04:12:29 CST 2026] OK tunel vivo: https://marc-apr-monte-boulevard.trycloudflare.com
[Mon Aug 24 04:18:35 CST 2026] OK tunel vivo: https://entry-shortcuts-souls-suits.trycloudflare.com
[Mon Aug 24 04:20:49 CST 2026] TUNEL CAIDO (https://entry-shortcuts-souls-suits.trycloudflare.com). Relanzando monitor...
[Mon Aug 24 04:20:52 CST 2026] Monitor relanzado (pid 15220)
[Mon Aug 24 04:22:33 CST 2026] OK tunel vivo: https://lifestyle-wendy-size-statutes.trycloudflare.com
[Mon Aug 24 04:24:33 CST 2026] OK tunel vivo: https://lifestyle-wendy-size-statutes.trycloudflare.com
[Mon Aug 24 04:26:34 CST 2026] OK tunel vivo: https://lifestyle-wendy-size-statutes.trycloudflare.com
[Mon Aug 24 04:28:34 CST 2026] OK tunel vivo: https://lifestyle-wendy-size-statutes.trycloudflare.com
[Mon Aug 24 04:30:36 CST 2026] OK tunel vivo: https://lifestyle-wendy-size-statutes.trycloudflare.com
[Mon Aug 24 04:32:32 CST 2026] OK tunel vivo: https://lifestyle-wendy-size-statutes.trycloudflare.com
[Mon Aug 24 04:34:35 CST 2026] OK tunel vivo: https://lifestyle-wendy-size-statutes.trycloudflare.com
[Mon Aug 24 04:36:33 CST 2026] OK tunel vivo: https://lifestyle-wendy-size-statutes.trycloudflare.com
[Mon Aug 24 04:38:31 CST 2026] OK tunel vivo: https://lifestyle-wendy-size-statutes.trycloudflare.com
[Mon Aug 24 04:40:34 CST 2026] OK tunel vivo: https://lifestyle-wendy-size-statutes.trycloudflare.com
[Mon Aug 24 04:42:34 CST 2026] OK tunel vivo: https://lifestyle-wendy-size-statutes.trycloudflare.com
[Mon Aug 24 04:44:32 CST 2026] OK tunel vivo: https://lifestyle-wendy-size-statutes.trycloudflare.com
[Mon Aug 24 04:46:35 CST 2026] OK tunel vivo: https://lifestyle-wendy-size-statutes.trycloudflare.com
[Mon Aug 24 04:48:33 CST 2026] OK tunel vivo: https://lifestyle-wendy-size-statutes.trycloudflare.com
[Mon Aug 24 04:50:33 CST 2026] OK tunel vivo: https://lifestyle-wendy-size-statutes.trycloudflare.com
[Mon Aug 24 04:52:35 CST 2026] OK tunel vivo: https://lifestyle-wendy-size-statutes.trycloudflare.com
[Mon Aug 24 04:54:33 CST 2026] OK tunel vivo: https://lifestyle-wendy-size-statutes.trycloudflare.com
[Mon Aug 24 04:56:33 CST 2026] OK tunel vivo: https://lifestyle-wendy-size-statutes.trycloudflare.com
[Mon Aug 24 04:58:33 CST 2026] OK tunel vivo: https://lifestyle-wendy-size-statutes.trycloudflare.com
[Mon Aug 24 05:00:36 CST 2026] OK tunel vivo: https://lifestyle-wendy-size-statutes.trycloudflare.com
[Mon Aug 24 05:02:34 CST 2026] OK tunel vivo: https://lifestyle-wendy-size-statutes.trycloudflare.com
[Mon Aug 24 05:04:33 CST 2026] OK tunel vivo: https://lifestyle-wendy-size-statutes.trycloudflare.com
[Mon Aug 24 05:06:36 CST 2026] OK tunel vivo: https://lifestyle-wendy-size-statutes.trycloudflare.com
[Mon Aug 24 05:08:33 CST 2026] OK tunel vivo: https://lifestyle-wendy-size-statutes.trycloudflare.com
[Mon Aug 24 05:10:35 CST 2026] OK tunel vivo: https://lifestyle-wendy-size-statutes.trycloudflare.com
[Mon Aug 24 05:12:36 CST 2026] OK tunel vivo: https://lifestyle-wendy-size-statutes.trycloudflare.com
[Mon Aug 24 05:14:34 CST 2026] OK tunel vivo: https://lifestyle-wendy-size-statutes.trycloudflare.com
[Mon Aug 24 05:16:34 CST 2026] OK tunel vivo: https://lifestyle-wendy-size-statutes.trycloudflare.com
[Mon Aug 24 05:18:36 CST 2026] OK tunel vivo: https://lifestyle-wendy-size-statutes.trycloudflare.com
[Mon Aug 24 05:20:34 CST 2026] OK tunel vivo: https://lifestyle-wendy-size-statutes.trycloudflare.com
[Mon Aug 24 05:22:36 CST 2026] OK tunel vivo: https://lifestyle-wendy-size-statutes.trycloudflare.com
[Mon Aug 24 05:24:36 CST 2026] OK tunel vivo: https://lifestyle-wendy-size-statutes.trycloudflare.com
[Mon Aug 24 05:26:34 CST 2026] OK tunel vivo: https://lifestyle-wendy-size-statutes.trycloudflare.com
[Mon Aug 24 05:28:38 CST 2026] OK tunel vivo: https://lifestyle-wendy-size-statutes.trycloudflare.com
[Mon Aug 24 05:30:35 CST 2026] OK tunel vivo: https://lifestyle-wendy-size-statutes.trycloudflare.com
[Mon Aug 24 05:32:37 CST 2026] OK tunel vivo: https://lifestyle-wendy-size-statutes.trycloudflare.com
[Mon Aug 24 05:34:35 CST 2026] OK tunel vivo: https://lifestyle-wendy-size-statutes.trycloudflare.com
[Mon Aug 24 05:36:41 CST 2026] OK tunel vivo: https://lifestyle-wendy-size-statutes.trycloudflare.com
[Mon Aug 24 05:38:43 CST 2026] OK tunel vivo: https://lifestyle-wendy-size-statutes.trycloudflare.com
[Mon Aug 24 05:40:38 CST 2026] OK tunel vivo: https://lifestyle-wendy-size-statutes.trycloudflare.com
[Mon Aug 24 05:42:37 CST 2026] OK tunel vivo: https://lifestyle-wendy-size-statutes.trycloudflare.com
[Mon Aug 24 05:44:38 CST 2026] OK tunel vivo: https://lifestyle-wendy-size-statutes.trycloudflare.com
[Mon Aug 24 05:46:43 CST 2026] OK tunel vivo: https://lifestyle-wendy-size-statutes.trycloudflare.com
[Mon Aug 24 05:48:42 CST 2026] TUNEL CAIDO (https://lifestyle-wendy-size-statutes.trycloudflare.com). Relanzando monitor...
[Mon Aug 24 05:48:45 CST 2026] Monitor relanzado (pid 22629)
[Mon Aug 24 05:52:43 CST 2026] OK tunel vivo: https://ronald-downloading-restaurant-matter.trycloudflare.com
[Mon Aug 24 05:54:39 CST 2026] OK tunel vivo: https://ronald-downloading-restaurant-matter.trycloudflare.com
[Mon Aug 24 05:56:38 CST 2026] OK tunel vivo: https://ronald-downloading-restaurant-matter.trycloudflare.com
[Mon Aug 24 05:58:40 CST 2026] OK tunel vivo: https://ronald-downloading-restaurant-matter.trycloudflare.com
[Mon Aug 24 06:00:41 CST 2026] OK tunel vivo: https://ronald-downloading-restaurant-matter.trycloudflare.com
[Mon Aug 24 06:02:38 CST 2026] OK tunel vivo: https://ronald-downloading-restaurant-matter.trycloudflare.com
[Mon Aug 24 06:04:38 CST 2026] OK tunel vivo: https://ronald-downloading-restaurant-matter.trycloudflare.com
[Mon Aug 24 06:06:39 CST 2026] OK tunel vivo: https://ronald-downloading-restaurant-matter.trycloudflare.com
[Mon Aug 24 06:08:40 CST 2026] OK tunel vivo: https://ronald-downloading-restaurant-matter.trycloudflare.com
[Mon Aug 24 06:10:38 CST 2026] OK tunel vivo: https://ronald-downloading-restaurant-matter.trycloudflare.com
[Mon Aug 24 06:12:40 CST 2026] OK tunel vivo: https://ronald-downloading-restaurant-matter.trycloudflare.com
[Mon Aug 24 06:14:42 CST 2026] OK tunel vivo: https://ronald-downloading-restaurant-matter.trycloudflare.com
[Mon Aug 24 06:16:41 CST 2026] OK tunel vivo: https://ronald-downloading-restaurant-matter.trycloudflare.com
[Mon Aug 24 06:18:41 CST 2026] OK tunel vivo: https://ronald-downloading-restaurant-matter.trycloudflare.com
[Mon Aug 24 06:20:41 CST 2026] OK tunel vivo: https://ronald-downloading-restaurant-matter.trycloudflare.com
[Mon Aug 24 06:22:42 CST 2026] OK tunel vivo: https://ronald-downloading-restaurant-matter.trycloudflare.com
[Mon Aug 24 06:24:45 CST 2026] TUNEL CAIDO (https://ronald-downloading-restaurant-matter.trycloudflare.com). Relanzando monitor...
[Mon Aug 24 06:24:47 CST 2026] Monitor relanzado (pid 30815)
[Mon Aug 24 06:26:42 CST 2026] OK tunel vivo: https://cartridges-divx-attachment-distinguished.trycloudflare.com
[Mon Aug 24 06:28:40 CST 2026] OK tunel vivo: https://cartridges-divx-attachment-distinguished.trycloudflare.com
[Mon Aug 24 06:30:40 CST 2026] OK tunel vivo: https://cartridges-divx-attachment-distinguished.trycloudflare.com
[Mon Aug 24 06:32:42 CST 2026] OK tunel vivo: https://cartridges-divx-attachment-distinguished.trycloudflare.com
[Mon Aug 24 06:34:44 CST 2026] TUNEL CAIDO (https://cartridges-divx-attachment-distinguished.trycloudflare.com). Relanzando monitor...
[Mon Aug 24 06:34:47 CST 2026] Monitor relanzado (pid 32513)
[Mon Aug 24 06:36:39 CST 2026] OK tunel vivo: https://disabilities-branches-handled-technician.trycloudflare.com
[Mon Aug 24 06:38:39 CST 2026] OK tunel vivo: https://disabilities-branches-handled-technician.trycloudflare.com
[Mon Aug 24 06:40:40 CST 2026] OK tunel vivo: https://disabilities-branches-handled-technician.trycloudflare.com
[Mon Aug 24 06:42:38 CST 2026] OK tunel vivo: https://disabilities-branches-handled-technician.trycloudflare.com
[Mon Aug 24 06:44:41 CST 2026] OK tunel vivo: https://disabilities-branches-handled-technician.trycloudflare.com
[Mon Aug 24 06:46:41 CST 2026] OK tunel vivo: https://disabilities-branches-handled-technician.trycloudflare.com
[Mon Aug 24 06:48:40 CST 2026] OK tunel vivo: https://disabilities-branches-handled-technician.trycloudflare.com
[Mon Aug 24 06:50:39 CST 2026] OK tunel vivo: https://disabilities-branches-handled-technician.trycloudflare.com
[Mon Aug 24 06:52:10 CST 2026] OK tunel vivo: https://disabilities-branches-handled-technician.trycloudflare.com
[Mon Aug 24 06:54:08 CST 2026] OK tunel vivo: https://disabilities-branches-handled-technician.trycloudflare.com
[Mon Aug 24 06:56:10 CST 2026] OK tunel vivo: https://disabilities-branches-handled-technician.trycloudflare.com
[Mon Aug 24 06:58:10 CST 2026] OK tunel vivo: https://disabilities-branches-handled-technician.trycloudflare.com
[Mon Aug 24 07:00:13 CST 2026] OK tunel vivo: https://disabilities-branches-handled-technician.trycloudflare.com
[Mon Aug 24 07:02:13 CST 2026] OK tunel vivo: https://disabilities-branches-handled-technician.trycloudflare.com
[Mon Aug 24 07:04:13 CST 2026] OK tunel vivo: https://disabilities-branches-handled-technician.trycloudflare.com
[Mon Aug 24 07:06:11 CST 2026] OK tunel vivo: https://disabilities-branches-handled-technician.trycloudflare.com
[Mon Aug 24 07:08:12 CST 2026] OK tunel vivo: https://disabilities-branches-handled-technician.trycloudflare.com
[Mon Aug 24 07:10:35 CST 2026] OK tunel vivo: https://disabilities-branches-handled-technician.trycloudflare.com
[Mon Aug 24 07:12:14 CST 2026] OK tunel vivo: https://disabilities-branches-handled-technician.trycloudflare.com
[Mon Aug 24 07:14:13 CST 2026] OK tunel vivo: https://disabilities-branches-handled-technician.trycloudflare.com
[Mon Aug 24 07:16:17 CST 2026] OK tunel vivo: https://disabilities-branches-handled-technician.trycloudflare.com
[Mon Aug 24 07:18:15 CST 2026] OK tunel vivo: https://disabilities-branches-handled-technician.trycloudflare.com
[Mon Aug 24 07:20:16 CST 2026] OK tunel vivo: https://disabilities-branches-handled-technician.trycloudflare.com
[Mon Aug 24 07:22:14 CST 2026] OK tunel vivo: https://disabilities-branches-handled-technician.trycloudflare.com
[Mon Aug 24 07:24:15 CST 2026] OK tunel vivo: https://disabilities-branches-handled-technician.trycloudflare.com
[Mon Aug 24 07:26:16 CST 2026] OK tunel vivo: https://disabilities-branches-handled-technician.trycloudflare.com
[Mon Aug 24 07:28:15 CST 2026] OK tunel vivo: https://disabilities-branches-handled-technician.trycloudflare.com
[Mon Aug 24 07:30:15 CST 2026] OK tunel vivo: https://disabilities-branches-handled-technician.trycloudflare.com
[Mon Aug 24 07:32:15 CST 2026] OK tunel vivo: https://disabilities-branches-handled-technician.trycloudflare.com
[Mon Aug 24 07:34:18 CST 2026] OK tunel vivo: https://disabilities-branches-handled-technician.trycloudflare.com
[Mon Aug 24 07:36:15 CST 2026] OK tunel vivo: https://disabilities-branches-handled-technician.trycloudflare.com
[Mon Aug 24 07:38:15 CST 2026] OK tunel vivo: https://disabilities-branches-handled-technician.trycloudflare.com
[Mon Aug 24 07:40:17 CST 2026] OK tunel vivo: https://disabilities-branches-handled-technician.trycloudflare.com
[Mon Aug 24 07:42:16 CST 2026] OK tunel vivo: https://disabilities-branches-handled-technician.trycloudflare.com
[Mon Aug 24 07:44:18 CST 2026] OK tunel vivo: https://disabilities-branches-handled-technician.trycloudflare.com
[Mon Aug 24 07:46:18 CST 2026] OK tunel vivo: https://disabilities-branches-handled-technician.trycloudflare.com
[Mon Aug 24 07:48:18 CST 2026] OK tunel vivo: https://disabilities-branches-handled-technician.trycloudflare.com
[Mon Aug 24 07:50:19 CST 2026] OK tunel vivo: https://disabilities-branches-handled-technician.trycloudflare.com
[Mon Aug 24 07:52:19 CST 2026] OK tunel vivo: https://disabilities-branches-handled-technician.trycloudflare.com
[Mon Aug 24 07:54:19 CST 2026] OK tunel vivo: https://disabilities-branches-handled-technician.trycloudflare.com
[Mon Aug 24 07:56:18 CST 2026] OK tunel vivo: https://disabilities-branches-handled-technician.trycloudflare.com
[Mon Aug 24 07:58:22 CST 2026] OK tunel vivo: https://disabilities-branches-handled-technician.trycloudflare.com
[Mon Aug 24 08:00:37 CST 2026] OK tunel vivo: https://disabilities-branches-handled-technician.trycloudflare.com
[Mon Aug 24 08:02:21 CST 2026] OK tunel vivo: https://disabilities-branches-handled-technician.trycloudflare.com
[Mon Aug 24 08:04:29 CST 2026] OK tunel vivo: https://disabilities-branches-handled-technician.trycloudflare.com
[Mon Aug 24 08:06:21 CST 2026] OK tunel vivo: https://disabilities-branches-handled-technician.trycloudflare.com
[Mon Aug 24 08:08:23 CST 2026] OK tunel vivo: https://disabilities-branches-handled-technician.trycloudflare.com
[Mon Aug 24 08:10:23 CST 2026] OK tunel vivo: https://disabilities-branches-handled-technician.trycloudflare.com
[Mon Aug 24 08:12:22 CST 2026] OK tunel vivo: https://disabilities-branches-handled-technician.trycloudflare.com
[Mon Aug 24 08:14:24 CST 2026] OK tunel vivo: https://disabilities-branches-handled-technician.trycloudflare.com
[Mon Aug 24 08:16:24 CST 2026] OK tunel vivo: https://disabilities-branches-handled-technician.trycloudflare.com
[Mon Aug 24 08:18:30 CST 2026] OK tunel vivo: https://disabilities-branches-handled-technician.trycloudflare.com
[Mon Aug 24 08:20:26 CST 2026] OK tunel vivo: https://disabilities-branches-handled-technician.trycloudflare.com
[Mon Aug 24 08:22:24 CST 2026] OK tunel vivo: https://disabilities-branches-handled-technician.trycloudflare.com
[Mon Aug 24 08:24:25 CST 2026] OK tunel vivo: https://disabilities-branches-handled-technician.trycloudflare.com
[Mon Aug 24 08:26:27 CST 2026] OK tunel vivo: https://disabilities-branches-handled-technician.trycloudflare.com
[Mon Aug 24 08:28:26 CST 2026] OK tunel vivo: https://disabilities-branches-handled-technician.trycloudflare.com
[Mon Aug 24 08:30:31 CST 2026] OK tunel vivo: https://disabilities-branches-handled-technician.trycloudflare.com
[Mon Aug 24 08:32:26 CST 2026] OK tunel vivo: https://disabilities-branches-handled-technician.trycloudflare.com
[Mon Aug 24 08:34:29 CST 2026] OK tunel vivo: https://disabilities-branches-handled-technician.trycloudflare.com
[Mon Aug 24 08:36:27 CST 2026] OK tunel vivo: https://disabilities-branches-handled-technician.trycloudflare.com
[Mon Aug 24 08:38:29 CST 2026] OK tunel vivo: https://disabilities-branches-handled-technician.trycloudflare.com
[Mon Aug 24 08:40:27 CST 2026] OK tunel vivo: https://disabilities-branches-handled-technician.trycloudflare.com
[Mon Aug 24 08:42:28 CST 2026] OK tunel vivo: https://disabilities-branches-handled-technician.trycloudflare.com
[Mon Aug 24 08:44:30 CST 2026] OK tunel vivo: https://disabilities-branches-handled-technician.trycloudflare.com
[Mon Aug 24 08:46:29 CST 2026] OK tunel vivo: https://disabilities-branches-handled-technician.trycloudflare.com
[Mon Aug 24 08:48:33 CST 2026] OK tunel vivo: https://disabilities-branches-handled-technician.trycloudflare.com
[Mon Aug 24 08:50:31 CST 2026] OK tunel vivo: https://disabilities-branches-handled-technician.trycloudflare.com
[Mon Aug 24 08:52:47 CST 2026] OK tunel vivo: https://disabilities-branches-handled-technician.trycloudflare.com
[Mon Aug 24 08:54:46 CST 2026] OK tunel vivo: https://disabilities-branches-handled-technician.trycloudflare.com
[Mon Aug 24 08:56:40 CST 2026] OK tunel vivo: https://disabilities-branches-handled-technician.trycloudflare.com
[Mon Aug 24 08:58:38 CST 2026] OK tunel vivo: https://disabilities-branches-handled-technician.trycloudflare.com
[Mon Aug 24 09:00:45 CST 2026] OK tunel vivo: https://disabilities-branches-handled-technician.trycloudflare.com
[Mon Aug 24 09:12:51 CST 2026] OK tunel vivo: https://disabilities-branches-handled-technician.trycloudflare.com
[Mon Aug 24 09:16:12 CST 2026] OK tunel vivo: https://disabilities-branches-handled-technician.trycloudflare.com
[Mon Aug 24 12:57:17 CST 2026] TUNEL CAIDO (https://disabilities-branches-handled-technician.trycloudflare.com). Relanzando monitor...
[Mon Aug 24 12:57:20 CST 2026] Monitor relanzado (pid 2306)
[Mon Aug 24 13:02:49 CST 2026] OK tunel vivo: https://salem-tvs-kevin-pole.trycloudflare.com
[Mon Aug 24 13:04:27 CST 2026] OK tunel vivo: https://salem-tvs-kevin-pole.trycloudflare.com
[Mon Aug 24 13:06:28 CST 2026] OK tunel vivo: https://salem-tvs-kevin-pole.trycloudflare.com
[Mon Aug 24 13:08:40 CST 2026] TUNEL CAIDO (https://salem-tvs-kevin-pole.trycloudflare.com). Relanzando monitor...
[Mon Aug 24 13:08:42 CST 2026] Monitor relanzado (pid 4434)
[Mon Aug 24 13:16:26 CST 2026] OK tunel vivo: https://wise-martin-configure-camps.trycloudflare.com
[Mon Aug 24 13:18:25 CST 2026] OK tunel vivo: https://wise-martin-configure-camps.trycloudflare.com
[Mon Aug 24 13:20:53 CST 2026] TUNEL CAIDO (https://wise-martin-configure-camps.trycloudflare.com). Relanzando monitor...
[Mon Aug 24 13:20:56 CST 2026] Monitor relanzado (pid 6592)
[Mon Aug 24 13:22:28 CST 2026] OK tunel vivo: https://struggle-mem-johnston-gate.trycloudflare.com
[Mon Aug 24 13:24:29 CST 2026] OK tunel vivo: https://struggle-mem-johnston-gate.trycloudflare.com
[Mon Aug 24 13:26:28 CST 2026] OK tunel vivo: https://struggle-mem-johnston-gate.trycloudflare.com
[Mon Aug 24 13:28:28 CST 2026] OK tunel vivo: https://struggle-mem-johnston-gate.trycloudflare.com
[Mon Aug 24 13:30:29 CST 2026] OK tunel vivo: https://struggle-mem-johnston-gate.trycloudflare.com
[Mon Aug 24 13:32:48 CST 2026] TUNEL CAIDO (https://struggle-mem-johnston-gate.trycloudflare.com). Relanzando monitor...
[Mon Aug 24 13:32:51 CST 2026] Monitor relanzado (pid 10198)
[Mon Aug 24 13:34:32 CST 2026] OK tunel vivo: https://surely-cache-mechanical-blond.trycloudflare.com
[Mon Aug 24 13:36:33 CST 2026] OK tunel vivo: https://surely-cache-mechanical-blond.trycloudflare.com
[Mon Aug 24 13:38:35 CST 2026] OK tunel vivo: https://surely-cache-mechanical-blond.trycloudflare.com
[Mon Aug 24 13:40:37 CST 2026] OK tunel vivo: https://surely-cache-mechanical-blond.trycloudflare.com
[Mon Aug 24 13:42:39 CST 2026] OK tunel vivo: https://surely-cache-mechanical-blond.trycloudflare.com
[Mon Aug 24 13:44:37 CST 2026] OK tunel vivo: https://surely-cache-mechanical-blond.trycloudflare.com
[Mon Aug 24 13:46:33 CST 2026] OK tunel vivo: https://surely-cache-mechanical-blond.trycloudflare.com
[Mon Aug 24 13:48:38 CST 2026] OK tunel vivo: https://surely-cache-mechanical-blond.trycloudflare.com
[Mon Aug 24 13:50:37 CST 2026] OK tunel vivo: https://surely-cache-mechanical-blond.trycloudflare.com
[Mon Aug 24 13:52:34 CST 2026] OK tunel vivo: https://surely-cache-mechanical-blond.trycloudflare.com
[Mon Aug 24 13:54:35 CST 2026] OK tunel vivo: https://surely-cache-mechanical-blond.trycloudflare.com
[Mon Aug 24 13:56:37 CST 2026] OK tunel vivo: https://surely-cache-mechanical-blond.trycloudflare.com
[Mon Aug 24 13:58:36 CST 2026] OK tunel vivo: https://surely-cache-mechanical-blond.trycloudflare.com
[Mon Aug 24 14:00:37 CST 2026] OK tunel vivo: https://surely-cache-mechanical-blond.trycloudflare.com
[Mon Aug 24 14:02:40 CST 2026] OK tunel vivo: https://surely-cache-mechanical-blond.trycloudflare.com
[Mon Aug 24 14:04:40 CST 2026] OK tunel vivo: https://surely-cache-mechanical-blond.trycloudflare.com
[Mon Aug 24 14:06:40 CST 2026] OK tunel vivo: https://surely-cache-mechanical-blond.trycloudflare.com
[Mon Aug 24 14:08:43 CST 2026] OK tunel vivo: https://surely-cache-mechanical-blond.trycloudflare.com
[Mon Aug 24 14:10:37 CST 2026] OK tunel vivo: https://surely-cache-mechanical-blond.trycloudflare.com
[Mon Aug 24 14:12:37 CST 2026] OK tunel vivo: https://surely-cache-mechanical-blond.trycloudflare.com
[Mon Aug 24 14:14:47 CST 2026] OK tunel vivo: https://surely-cache-mechanical-blond.trycloudflare.com
[Mon Aug 24 14:16:40 CST 2026] OK tunel vivo: https://surely-cache-mechanical-blond.trycloudflare.com
[Mon Aug 24 14:18:40 CST 2026] OK tunel vivo: https://surely-cache-mechanical-blond.trycloudflare.com
[Mon Aug 24 14:20:40 CST 2026] OK tunel vivo: https://surely-cache-mechanical-blond.trycloudflare.com
[Mon Aug 24 14:22:40 CST 2026] OK tunel vivo: https://surely-cache-mechanical-blond.trycloudflare.com
[Mon Aug 24 14:24:40 CST 2026] OK tunel vivo: https://surely-cache-mechanical-blond.trycloudflare.com
[Mon Aug 24 14:26:43 CST 2026] OK tunel vivo: https://surely-cache-mechanical-blond.trycloudflare.com
[Mon Aug 24 14:28:43 CST 2026] OK tunel vivo: https://surely-cache-mechanical-blond.trycloudflare.com
[Mon Aug 24 14:30:46 CST 2026] OK tunel vivo: https://surely-cache-mechanical-blond.trycloudflare.com
[Mon Aug 24 14:32:46 CST 2026] OK tunel vivo: https://surely-cache-mechanical-blond.trycloudflare.com
[Mon Aug 24 14:34:42 CST 2026] OK tunel vivo: https://surely-cache-mechanical-blond.trycloudflare.com
[Mon Aug 24 14:36:44 CST 2026] OK tunel vivo: https://surely-cache-mechanical-blond.trycloudflare.com
[Mon Aug 24 14:38:44 CST 2026] OK tunel vivo: https://surely-cache-mechanical-blond.trycloudflare.com
[Mon Aug 24 14:40:46 CST 2026] OK tunel vivo: https://surely-cache-mechanical-blond.trycloudflare.com
[Mon Aug 24 14:42:45 CST 2026] OK tunel vivo: https://surely-cache-mechanical-blond.trycloudflare.com
[Mon Aug 24 14:44:43 CST 2026] OK tunel vivo: https://surely-cache-mechanical-blond.trycloudflare.com
[Mon Aug 24 14:46:43 CST 2026] OK tunel vivo: https://surely-cache-mechanical-blond.trycloudflare.com
[Mon Aug 24 14:48:44 CST 2026] OK tunel vivo: https://surely-cache-mechanical-blond.trycloudflare.com
[Mon Aug 24 14:50:48 CST 2026] OK tunel vivo: https://surely-cache-mechanical-blond.trycloudflare.com
[Mon Aug 24 14:52:44 CST 2026] OK tunel vivo: https://surely-cache-mechanical-blond.trycloudflare.com
[Mon Aug 24 14:54:45 CST 2026] OK tunel vivo: https://surely-cache-mechanical-blond.trycloudflare.com
[Mon Aug 24 14:56:48 CST 2026] OK tunel vivo: https://surely-cache-mechanical-blond.trycloudflare.com
[Mon Aug 24 14:58:46 CST 2026] OK tunel vivo: https://surely-cache-mechanical-blond.trycloudflare.com
[Mon Aug 24 15:00:59 CST 2026] OK tunel vivo: https://surely-cache-mechanical-blond.trycloudflare.com
[Mon Aug 24 15:02:46 CST 2026] OK tunel vivo: https://surely-cache-mechanical-blond.trycloudflare.com
[Mon Aug 24 15:04:48 CST 2026] OK tunel vivo: https://surely-cache-mechanical-blond.trycloudflare.com
[Mon Aug 24 15:06:49 CST 2026] OK tunel vivo: https://surely-cache-mechanical-blond.trycloudflare.com
[Mon Aug 24 15:08:46 CST 2026] OK tunel vivo: https://surely-cache-mechanical-blond.trycloudflare.com
[Mon Aug 24 15:10:50 CST 2026] OK tunel vivo: https://surely-cache-mechanical-blond.trycloudflare.com
[Mon Aug 24 15:12:48 CST 2026] OK tunel vivo: https://surely-cache-mechanical-blond.trycloudflare.com
[Mon Aug 24 15:14:51 CST 2026] OK tunel vivo: https://surely-cache-mechanical-blond.trycloudflare.com
[Mon Aug 24 15:16:48 CST 2026] OK tunel vivo: https://surely-cache-mechanical-blond.trycloudflare.com
[Mon Aug 24 15:18:50 CST 2026] OK tunel vivo: https://surely-cache-mechanical-blond.trycloudflare.com
[Mon Aug 24 15:20:48 CST 2026] OK tunel vivo: https://surely-cache-mechanical-blond.trycloudflare.com
[Mon Aug 24 15:22:49 CST 2026] OK tunel vivo: https://surely-cache-mechanical-blond.trycloudflare.com
[Mon Aug 24 15:24:49 CST 2026] OK tunel vivo: https://surely-cache-mechanical-blond.trycloudflare.com
[Mon Aug 24 15:26:51 CST 2026] OK tunel vivo: https://surely-cache-mechanical-blond.trycloudflare.com
[Mon Aug 24 15:28:50 CST 2026] OK tunel vivo: https://surely-cache-mechanical-blond.trycloudflare.com
[Mon Aug 24 15:30:49 CST 2026] OK tunel vivo: https://surely-cache-mechanical-blond.trycloudflare.com
[Mon Aug 24 15:32:48 CST 2026] OK tunel vivo: https://surely-cache-mechanical-blond.trycloudflare.com
[Mon Aug 24 15:34:50 CST 2026] OK tunel vivo: https://surely-cache-mechanical-blond.trycloudflare.com
[Mon Aug 24 15:36:52 CST 2026] OK tunel vivo: https://surely-cache-mechanical-blond.trycloudflare.com
[Mon Aug 24 15:38:52 CST 2026] OK tunel vivo: https://surely-cache-mechanical-blond.trycloudflare.com
[Mon Aug 24 15:40:50 CST 2026] OK tunel vivo: https://surely-cache-mechanical-blond.trycloudflare.com
[Mon Aug 24 15:42:55 CST 2026] OK tunel vivo: https://surely-cache-mechanical-blond.trycloudflare.com
[Mon Aug 24 15:44:51 CST 2026] OK tunel vivo: https://surely-cache-mechanical-blond.trycloudflare.com
[Mon Aug 24 15:46:53 CST 2026] OK tunel vivo: https://surely-cache-mechanical-blond.trycloudflare.com
[Mon Aug 24 15:48:58 CST 2026] OK tunel vivo: https://surely-cache-mechanical-blond.trycloudflare.com
[Mon Aug 24 15:50:55 CST 2026] OK tunel vivo: https://surely-cache-mechanical-blond.trycloudflare.com
[Mon Aug 24 15:52:52 CST 2026] OK tunel vivo: https://surely-cache-mechanical-blond.trycloudflare.com
[Mon Aug 24 15:54:55 CST 2026] OK tunel vivo: https://surely-cache-mechanical-blond.trycloudflare.com
[Mon Aug 24 15:56:55 CST 2026] OK tunel vivo: https://surely-cache-mechanical-blond.trycloudflare.com
[Mon Aug 24 15:58:56 CST 2026] OK tunel vivo: https://surely-cache-mechanical-blond.trycloudflare.com
[Mon Aug 24 16:00:55 CST 2026] OK tunel vivo: https://surely-cache-mechanical-blond.trycloudflare.com
[Mon Aug 24 16:02:53 CST 2026] OK tunel vivo: https://surely-cache-mechanical-blond.trycloudflare.com
[Mon Aug 24 16:04:56 CST 2026] OK tunel vivo: https://surely-cache-mechanical-blond.trycloudflare.com
[Mon Aug 24 16:06:53 CST 2026] OK tunel vivo: https://surely-cache-mechanical-blond.trycloudflare.com
[Mon Aug 24 16:08:53 CST 2026] OK tunel vivo: https://surely-cache-mechanical-blond.trycloudflare.com
[Mon Aug 24 16:10:57 CST 2026] OK tunel vivo: https://surely-cache-mechanical-blond.trycloudflare.com
[Mon Aug 24 16:12:56 CST 2026] OK tunel vivo: https://surely-cache-mechanical-blond.trycloudflare.com
[Mon Aug 24 16:14:55 CST 2026] OK tunel vivo: https://surely-cache-mechanical-blond.trycloudflare.com
[Mon Aug 24 16:16:55 CST 2026] OK tunel vivo: https://surely-cache-mechanical-blond.trycloudflare.com
[Mon Aug 24 16:18:59 CST 2026] OK tunel vivo: https://surely-cache-mechanical-blond.trycloudflare.com
[Mon Aug 24 16:21:00 CST 2026] OK tunel vivo: https://surely-cache-mechanical-blond.trycloudflare.com
[Mon Aug 24 16:22:57 CST 2026] OK tunel vivo: https://surely-cache-mechanical-blond.trycloudflare.com
[Mon Aug 24 16:24:56 CST 2026] OK tunel vivo: https://surely-cache-mechanical-blond.trycloudflare.com
[Mon Aug 24 16:26:58 CST 2026] OK tunel vivo: https://surely-cache-mechanical-blond.trycloudflare.com
[Mon Aug 24 16:28:59 CST 2026] OK tunel vivo: https://surely-cache-mechanical-blond.trycloudflare.com
[Mon Aug 24 16:30:58 CST 2026] OK tunel vivo: https://surely-cache-mechanical-blond.trycloudflare.com
[Mon Aug 24 16:33:00 CST 2026] OK tunel vivo: https://surely-cache-mechanical-blond.trycloudflare.com
[Mon Aug 24 16:34:59 CST 2026] OK tunel vivo: https://surely-cache-mechanical-blond.trycloudflare.com
[Mon Aug 24 16:36:58 CST 2026] OK tunel vivo: https://surely-cache-mechanical-blond.trycloudflare.com
[Mon Aug 24 16:38:59 CST 2026] OK tunel vivo: https://surely-cache-mechanical-blond.trycloudflare.com
[Mon Aug 24 16:40:58 CST 2026] OK tunel vivo: https://surely-cache-mechanical-blond.trycloudflare.com
[Mon Aug 24 16:43:05 CST 2026] OK tunel vivo: https://surely-cache-mechanical-blond.trycloudflare.com
[Mon Aug 24 16:45:02 CST 2026] OK tunel vivo: https://surely-cache-mechanical-blond.trycloudflare.com
[Mon Aug 24 16:47:01 CST 2026] OK tunel vivo: https://surely-cache-mechanical-blond.trycloudflare.com
[Mon Aug 24 16:49:02 CST 2026] OK tunel vivo: https://surely-cache-mechanical-blond.trycloudflare.com
[Mon Aug 24 16:51:03 CST 2026] OK tunel vivo: https://surely-cache-mechanical-blond.trycloudflare.com
[Mon Aug 24 16:53:02 CST 2026] OK tunel vivo: https://surely-cache-mechanical-blond.trycloudflare.com
[Mon Aug 24 16:55:06 CST 2026] OK tunel vivo: https://surely-cache-mechanical-blond.trycloudflare.com
[Mon Aug 24 16:57:00 CST 2026] OK tunel vivo: https://surely-cache-mechanical-blond.trycloudflare.com
[Mon Aug 24 16:59:01 CST 2026] OK tunel vivo: https://surely-cache-mechanical-blond.trycloudflare.com
[Mon Aug 24 17:01:05 CST 2026] OK tunel vivo: https://surely-cache-mechanical-blond.trycloudflare.com
[Mon Aug 24 17:03:04 CST 2026] OK tunel vivo: https://surely-cache-mechanical-blond.trycloudflare.com
[Mon Aug 24 17:05:02 CST 2026] OK tunel vivo: https://surely-cache-mechanical-blond.trycloudflare.com
[Mon Aug 24 17:07:00 CST 2026] OK tunel vivo: https://surely-cache-mechanical-blond.trycloudflare.com
[Mon Aug 24 17:09:03 CST 2026] OK tunel vivo: https://surely-cache-mechanical-blond.trycloudflare.com
[Mon Aug 24 17:11:02 CST 2026] OK tunel vivo: https://surely-cache-mechanical-blond.trycloudflare.com
[Mon Aug 24 17:13:01 CST 2026] OK tunel vivo: https://surely-cache-mechanical-blond.trycloudflare.com
[Mon Aug 24 17:15:02 CST 2026] OK tunel vivo: https://surely-cache-mechanical-blond.trycloudflare.com
[Mon Aug 24 17:17:01 CST 2026] OK tunel vivo: https://surely-cache-mechanical-blond.trycloudflare.com
[Mon Aug 24 17:19:01 CST 2026] OK tunel vivo: https://surely-cache-mechanical-blond.trycloudflare.com
[Mon Aug 24 17:21:03 CST 2026] OK tunel vivo: https://surely-cache-mechanical-blond.trycloudflare.com
[Mon Aug 24 17:23:04 CST 2026] OK tunel vivo: https://surely-cache-mechanical-blond.trycloudflare.com
[Mon Aug 24 17:25:02 CST 2026] OK tunel vivo: https://surely-cache-mechanical-blond.trycloudflare.com
[Mon Aug 24 17:27:07 CST 2026] OK tunel vivo: https://surely-cache-mechanical-blond.trycloudflare.com
[Mon Aug 24 17:29:03 CST 2026] OK tunel vivo: https://surely-cache-mechanical-blond.trycloudflare.com
[Mon Aug 24 17:31:06 CST 2026] OK tunel vivo: https://surely-cache-mechanical-blond.trycloudflare.com
[Mon Aug 24 17:33:02 CST 2026] OK tunel vivo: https://surely-cache-mechanical-blond.trycloudflare.com
[Mon Aug 24 17:35:04 CST 2026] OK tunel vivo: https://surely-cache-mechanical-blond.trycloudflare.com
[Mon Aug 24 17:37:04 CST 2026] OK tunel vivo: https://surely-cache-mechanical-blond.trycloudflare.com
[Mon Aug 24 17:39:04 CST 2026] OK tunel vivo: https://surely-cache-mechanical-blond.trycloudflare.com
[Mon Aug 24 17:41:03 CST 2026] OK tunel vivo: https://surely-cache-mechanical-blond.trycloudflare.com
[Mon Aug 24 17:43:05 CST 2026] OK tunel vivo: https://surely-cache-mechanical-blond.trycloudflare.com
[Mon Aug 24 17:45:03 CST 2026] OK tunel vivo: https://surely-cache-mechanical-blond.trycloudflare.com
[Mon Aug 24 17:47:05 CST 2026] OK tunel vivo: https://surely-cache-mechanical-blond.trycloudflare.com
[Mon Aug 24 17:49:05 CST 2026] OK tunel vivo: https://surely-cache-mechanical-blond.trycloudflare.com
[Mon Aug 24 17:51:04 CST 2026] OK tunel vivo: https://surely-cache-mechanical-blond.trycloudflare.com
[Mon Aug 24 17:53:08 CST 2026] OK tunel vivo: https://surely-cache-mechanical-blond.trycloudflare.com
[Mon Aug 24 17:55:03 CST 2026] OK tunel vivo: https://surely-cache-mechanical-blond.trycloudflare.com
[Mon Aug 24 17:57:01 CST 2026] OK tunel vivo: https://surely-cache-mechanical-blond.trycloudflare.com
[Mon Aug 24 17:59:05 CST 2026] OK tunel vivo: https://surely-cache-mechanical-blond.trycloudflare.com
[Mon Aug 24 18:01:06 CST 2026] OK tunel vivo: https://surely-cache-mechanical-blond.trycloudflare.com
[Mon Aug 24 18:03:03 CST 2026] OK tunel vivo: https://surely-cache-mechanical-blond.trycloudflare.com
[Mon Aug 24 18:05:06 CST 2026] OK tunel vivo: https://surely-cache-mechanical-blond.trycloudflare.com
[Mon Aug 24 18:07:02 CST 2026] OK tunel vivo: https://surely-cache-mechanical-blond.trycloudflare.com
[Mon Aug 24 18:09:06 CST 2026] OK tunel vivo: https://surely-cache-mechanical-blond.trycloudflare.com
[Mon Aug 24 18:11:02 CST 2026] OK tunel vivo: https://surely-cache-mechanical-blond.trycloudflare.com
[Mon Aug 24 18:12:11 CST 2026] OK tunel vivo: https://surely-cache-mechanical-blond.trycloudflare.com
[Mon Aug 24 18:14:10 CST 2026] OK tunel vivo: https://surely-cache-mechanical-blond.trycloudflare.com
[Mon Aug 24 18:16:10 CST 2026] OK tunel vivo: https://surely-cache-mechanical-blond.trycloudflare.com
[Mon Aug 24 18:18:12 CST 2026] OK tunel vivo: https://surely-cache-mechanical-blond.trycloudflare.com
[Mon Aug 24 18:20:13 CST 2026] OK tunel vivo: https://surely-cache-mechanical-blond.trycloudflare.com
[Mon Aug 24 18:22:12 CST 2026] OK tunel vivo: https://surely-cache-mechanical-blond.trycloudflare.com
[Mon Aug 24 18:24:11 CST 2026] OK tunel vivo: https://surely-cache-mechanical-blond.trycloudflare.com
[Mon Aug 24 18:27:24 CST 2026] OK tunel vivo: https://surely-cache-mechanical-blond.trycloudflare.com
[Mon Aug 24 18:28:50 CST 2026] OK tunel vivo: https://surely-cache-mechanical-blond.trycloudflare.com
[Mon Aug 24 18:31:10 CST 2026] TUNEL CAIDO (https://surely-cache-mechanical-blond.trycloudflare.com). Relanzando monitor...
[Mon Aug 24 18:31:19 CST 2026] Monitor relanzado (pid 38151)
[Mon Aug 24 18:35:18 CST 2026] OK tunel vivo: https://writers-liquid-divided-qualifying.trycloudflare.com
[Mon Aug 24 18:37:12 CST 2026] OK tunel vivo: https://writers-liquid-divided-qualifying.trycloudflare.com
[Mon Aug 24 18:41:20 CST 2026] OK tunel vivo: https://writers-liquid-divided-qualifying.trycloudflare.com
[Mon Aug 24 18:42:52 CST 2026] OK tunel vivo: https://writers-liquid-divided-qualifying.trycloudflare.com
[Mon Aug 24 18:45:17 CST 2026] TUNEL CAIDO (https://writers-liquid-divided-qualifying.trycloudflare.com). Relanzando monitor...
[Mon Aug 24 18:45:20 CST 2026] Monitor relanzado (pid 49440)
[Mon Aug 24 18:49:11 CST 2026] OK tunel vivo: https://eyes-heaven-watched-terminology.trycloudflare.com
[Mon Aug 24 18:53:20 CST 2026] TUNEL CAIDO (https://eyes-heaven-watched-terminology.trycloudflare.com). Relanzando monitor...
[Mon Aug 24 18:53:23 CST 2026] Monitor relanzado (pid 55061)
[Mon Aug 24 19:01:16 CST 2026] OK tunel vivo: https://eyes-heaven-watched-terminology.trycloudflare.com
[Mon Aug 24 19:04:47 CST 2026] OK tunel vivo: https://eyes-heaven-watched-terminology.trycloudflare.com
[Mon Aug 24 19:10:25 CST 2026] OK tunel vivo: https://occurrence-returning-concord-also.trycloudflare.com
[Mon Aug 24 19:12:18 CST 2026] OK tunel vivo: https://occurrence-returning-concord-also.trycloudflare.com
[Mon Aug 24 19:14:19 CST 2026] OK tunel vivo: https://occurrence-returning-concord-also.trycloudflare.com
[Mon Aug 24 19:16:17 CST 2026] OK tunel vivo: https://occurrence-returning-concord-also.trycloudflare.com
[Mon Aug 24 19:18:19 CST 2026] OK tunel vivo: https://occurrence-returning-concord-also.trycloudflare.com
[Mon Aug 24 19:20:28 CST 2026] OK tunel vivo: https://occurrence-returning-concord-also.trycloudflare.com
[Mon Aug 24 19:22:21 CST 2026] OK tunel vivo: https://occurrence-returning-concord-also.trycloudflare.com
[Mon Aug 24 19:24:20 CST 2026] OK tunel vivo: https://occurrence-returning-concord-also.trycloudflare.com
[Mon Aug 24 19:26:20 CST 2026] OK tunel vivo: https://occurrence-returning-concord-also.trycloudflare.com
[Mon Aug 24 19:28:19 CST 2026] OK tunel vivo: https://occurrence-returning-concord-also.trycloudflare.com
[Mon Aug 24 19:30:20 CST 2026] OK tunel vivo: https://occurrence-returning-concord-also.trycloudflare.com
[Mon Aug 24 19:32:22 CST 2026] OK tunel vivo: https://occurrence-returning-concord-also.trycloudflare.com
[Mon Aug 24 19:34:24 CST 2026] OK tunel vivo: https://occurrence-returning-concord-also.trycloudflare.com
[Mon Aug 24 19:36:21 CST 2026] OK tunel vivo: https://occurrence-returning-concord-also.trycloudflare.com
[Mon Aug 24 19:38:23 CST 2026] OK tunel vivo: https://occurrence-returning-concord-also.trycloudflare.com
[Mon Aug 24 19:40:26 CST 2026] OK tunel vivo: https://occurrence-returning-concord-also.trycloudflare.com
[Mon Aug 24 19:42:25 CST 2026] OK tunel vivo: https://occurrence-returning-concord-also.trycloudflare.com
[Mon Aug 24 19:44:24 CST 2026] OK tunel vivo: https://occurrence-returning-concord-also.trycloudflare.com
[Mon Aug 24 19:46:24 CST 2026] OK tunel vivo: https://occurrence-returning-concord-also.trycloudflare.com
[Mon Aug 24 19:48:25 CST 2026] OK tunel vivo: https://occurrence-returning-concord-also.trycloudflare.com
[Mon Aug 24 19:50:23 CST 2026] OK tunel vivo: https://occurrence-returning-concord-also.trycloudflare.com
[Mon Aug 24 19:52:12 CST 2026] OK tunel vivo: https://occurrence-returning-concord-also.trycloudflare.com
[Mon Aug 24 19:54:08 CST 2026] OK tunel vivo: https://occurrence-returning-concord-also.trycloudflare.com
[Mon Aug 24 19:56:11 CST 2026] OK tunel vivo: https://occurrence-returning-concord-also.trycloudflare.com
[Mon Aug 24 19:58:09 CST 2026] OK tunel vivo: https://occurrence-returning-concord-also.trycloudflare.com
[Mon Aug 24 20:00:10 CST 2026] OK tunel vivo: https://occurrence-returning-concord-also.trycloudflare.com
[Mon Aug 24 20:02:14 CST 2026] OK tunel vivo: https://occurrence-returning-concord-also.trycloudflare.com
[Mon Aug 24 20:04:09 CST 2026] OK tunel vivo: https://occurrence-returning-concord-also.trycloudflare.com
[Mon Aug 24 20:06:09 CST 2026] OK tunel vivo: https://occurrence-returning-concord-also.trycloudflare.com
[Mon Aug 24 20:08:12 CST 2026] OK tunel vivo: https://occurrence-returning-concord-also.trycloudflare.com
[Mon Aug 24 20:10:11 CST 2026] OK tunel vivo: https://occurrence-returning-concord-also.trycloudflare.com
[Mon Aug 24 20:12:11 CST 2026] OK tunel vivo: https://occurrence-returning-concord-also.trycloudflare.com
[Mon Aug 24 20:14:10 CST 2026] OK tunel vivo: https://occurrence-returning-concord-also.trycloudflare.com
[Mon Aug 24 20:16:10 CST 2026] OK tunel vivo: https://occurrence-returning-concord-also.trycloudflare.com
[Mon Aug 24 20:18:11 CST 2026] OK tunel vivo: https://occurrence-returning-concord-also.trycloudflare.com
[Mon Aug 24 20:20:13 CST 2026] OK tunel vivo: https://occurrence-returning-concord-also.trycloudflare.com
[Mon Aug 24 20:22:16 CST 2026] OK tunel vivo: https://occurrence-returning-concord-also.trycloudflare.com
[Mon Aug 24 20:24:11 CST 2026] OK tunel vivo: https://occurrence-returning-concord-also.trycloudflare.com
[Mon Aug 24 20:26:12 CST 2026] OK tunel vivo: https://occurrence-returning-concord-also.trycloudflare.com
[Mon Aug 24 20:28:13 CST 2026] OK tunel vivo: https://occurrence-returning-concord-also.trycloudflare.com
[Mon Aug 24 20:30:10 CST 2026] OK tunel vivo: https://occurrence-returning-concord-also.trycloudflare.com
[Mon Aug 24 20:32:13 CST 2026] OK tunel vivo: https://occurrence-returning-concord-also.trycloudflare.com
[Mon Aug 24 20:34:11 CST 2026] OK tunel vivo: https://occurrence-returning-concord-also.trycloudflare.com
[Mon Aug 24 20:36:10 CST 2026] OK tunel vivo: https://occurrence-returning-concord-also.trycloudflare.com
[Mon Aug 24 20:38:14 CST 2026] OK tunel vivo: https://occurrence-returning-concord-also.trycloudflare.com
[Mon Aug 24 20:40:13 CST 2026] OK tunel vivo: https://occurrence-returning-concord-also.trycloudflare.com
[Mon Aug 24 20:42:13 CST 2026] OK tunel vivo: https://occurrence-returning-concord-also.trycloudflare.com
[Mon Aug 24 20:44:14 CST 2026] OK tunel vivo: https://occurrence-returning-concord-also.trycloudflare.com
[Mon Aug 24 20:46:14 CST 2026] OK tunel vivo: https://occurrence-returning-concord-also.trycloudflare.com
[Mon Aug 24 20:48:12 CST 2026] OK tunel vivo: https://occurrence-returning-concord-also.trycloudflare.com
[Mon Aug 24 20:50:16 CST 2026] OK tunel vivo: https://occurrence-returning-concord-also.trycloudflare.com
[Mon Aug 24 20:52:12 CST 2026] OK tunel vivo: https://occurrence-returning-concord-also.trycloudflare.com
[Mon Aug 24 20:54:12 CST 2026] OK tunel vivo: https://occurrence-returning-concord-also.trycloudflare.com
[Mon Aug 24 20:56:13 CST 2026] OK tunel vivo: https://occurrence-returning-concord-also.trycloudflare.com
[Mon Aug 24 20:58:18 CST 2026] TUNEL CAIDO (https://occurrence-returning-concord-also.trycloudflare.com). Relanzando monitor...
[Mon Aug 24 20:58:20 CST 2026] Monitor relanzado (pid 69357)
[Mon Aug 24 21:00:17 CST 2026] OK tunel vivo: https://apache-bryan-doom-perth.trycloudflare.com
[Mon Aug 24 21:02:13 CST 2026] OK tunel vivo: https://apache-bryan-doom-perth.trycloudflare.com
[Mon Aug 24 21:04:13 CST 2026] OK tunel vivo: https://apache-bryan-doom-perth.trycloudflare.com
[Mon Aug 24 21:06:17 CST 2026] OK tunel vivo: https://apache-bryan-doom-perth.trycloudflare.com
[Mon Aug 24 21:08:13 CST 2026] OK tunel vivo: https://apache-bryan-doom-perth.trycloudflare.com
[Mon Aug 24 21:10:16 CST 2026] OK tunel vivo: https://apache-bryan-doom-perth.trycloudflare.com
[Mon Aug 24 21:12:14 CST 2026] OK tunel vivo: https://apache-bryan-doom-perth.trycloudflare.com
[Mon Aug 24 21:14:16 CST 2026] OK tunel vivo: https://apache-bryan-doom-perth.trycloudflare.com
[Mon Aug 24 21:16:13 CST 2026] OK tunel vivo: https://apache-bryan-doom-perth.trycloudflare.com
[Mon Aug 24 21:18:15 CST 2026] OK tunel vivo: https://apache-bryan-doom-perth.trycloudflare.com
[Mon Aug 24 21:20:13 CST 2026] OK tunel vivo: https://apache-bryan-doom-perth.trycloudflare.com
[Mon Aug 24 21:22:16 CST 2026] OK tunel vivo: https://apache-bryan-doom-perth.trycloudflare.com
[Mon Aug 24 21:24:12 CST 2026] OK tunel vivo: https://apache-bryan-doom-perth.trycloudflare.com
[Mon Aug 24 21:26:13 CST 2026] OK tunel vivo: https://apache-bryan-doom-perth.trycloudflare.com
[Mon Aug 24 21:28:17 CST 2026] OK tunel vivo: https://apache-bryan-doom-perth.trycloudflare.com
[Mon Aug 24 21:30:12 CST 2026] OK tunel vivo: https://apache-bryan-doom-perth.trycloudflare.com
[Mon Aug 24 21:32:13 CST 2026] OK tunel vivo: https://apache-bryan-doom-perth.trycloudflare.com
[Mon Aug 24 21:34:14 CST 2026] OK tunel vivo: https://apache-bryan-doom-perth.trycloudflare.com
[Mon Aug 24 21:36:18 CST 2026] OK tunel vivo: https://apache-bryan-doom-perth.trycloudflare.com
[Mon Aug 24 21:38:15 CST 2026] OK tunel vivo: https://apache-bryan-doom-perth.trycloudflare.com
[Mon Aug 24 21:40:14 CST 2026] OK tunel vivo: https://apache-bryan-doom-perth.trycloudflare.com
[Mon Aug 24 21:42:17 CST 2026] OK tunel vivo: https://apache-bryan-doom-perth.trycloudflare.com
[Mon Aug 24 21:44:16 CST 2026] OK tunel vivo: https://apache-bryan-doom-perth.trycloudflare.com
[Mon Aug 24 21:46:17 CST 2026] OK tunel vivo: https://apache-bryan-doom-perth.trycloudflare.com
[Mon Aug 24 21:48:16 CST 2026] OK tunel vivo: https://apache-bryan-doom-perth.trycloudflare.com
[Mon Aug 24 21:50:16 CST 2026] OK tunel vivo: https://apache-bryan-doom-perth.trycloudflare.com
[Mon Aug 24 21:52:16 CST 2026] OK tunel vivo: https://apache-bryan-doom-perth.trycloudflare.com
[Mon Aug 24 21:54:15 CST 2026] OK tunel vivo: https://apache-bryan-doom-perth.trycloudflare.com
[Mon Aug 24 21:56:15 CST 2026] OK tunel vivo: https://apache-bryan-doom-perth.trycloudflare.com
[Mon Aug 24 21:58:16 CST 2026] OK tunel vivo: https://apache-bryan-doom-perth.trycloudflare.com
[Mon Aug 24 22:00:14 CST 2026] OK tunel vivo: https://apache-bryan-doom-perth.trycloudflare.com
[Mon Aug 24 22:02:18 CST 2026] OK tunel vivo: https://apache-bryan-doom-perth.trycloudflare.com
[Mon Aug 24 22:04:19 CST 2026] OK tunel vivo: https://apache-bryan-doom-perth.trycloudflare.com
[Mon Aug 24 22:06:19 CST 2026] OK tunel vivo: https://apache-bryan-doom-perth.trycloudflare.com
[Mon Aug 24 22:08:14 CST 2026] OK tunel vivo: https://apache-bryan-doom-perth.trycloudflare.com
[Mon Aug 24 22:10:15 CST 2026] OK tunel vivo: https://apache-bryan-doom-perth.trycloudflare.com
[Mon Aug 24 22:12:18 CST 2026] OK tunel vivo: https://apache-bryan-doom-perth.trycloudflare.com
[Mon Aug 24 22:14:14 CST 2026] OK tunel vivo: https://apache-bryan-doom-perth.trycloudflare.com
[Mon Aug 24 22:16:16 CST 2026] OK tunel vivo: https://apache-bryan-doom-perth.trycloudflare.com
[Mon Aug 24 22:18:18 CST 2026] OK tunel vivo: https://apache-bryan-doom-perth.trycloudflare.com
[Mon Aug 24 22:20:16 CST 2026] OK tunel vivo: https://apache-bryan-doom-perth.trycloudflare.com
[Mon Aug 24 22:22:15 CST 2026] OK tunel vivo: https://apache-bryan-doom-perth.trycloudflare.com
[Mon Aug 24 22:24:15 CST 2026] OK tunel vivo: https://apache-bryan-doom-perth.trycloudflare.com
[Mon Aug 24 22:26:16 CST 2026] OK tunel vivo: https://apache-bryan-doom-perth.trycloudflare.com
[Mon Aug 24 22:28:18 CST 2026] OK tunel vivo: https://apache-bryan-doom-perth.trycloudflare.com
[Mon Aug 24 22:30:16 CST 2026] OK tunel vivo: https://apache-bryan-doom-perth.trycloudflare.com
[Mon Aug 24 22:32:17 CST 2026] OK tunel vivo: https://apache-bryan-doom-perth.trycloudflare.com
[Mon Aug 24 22:34:16 CST 2026] OK tunel vivo: https://apache-bryan-doom-perth.trycloudflare.com
[Mon Aug 24 22:36:18 CST 2026] OK tunel vivo: https://apache-bryan-doom-perth.trycloudflare.com
[Mon Aug 24 22:38:16 CST 2026] OK tunel vivo: https://apache-bryan-doom-perth.trycloudflare.com
[Mon Aug 24 22:40:16 CST 2026] OK tunel vivo: https://apache-bryan-doom-perth.trycloudflare.com
[Mon Aug 24 22:42:16 CST 2026] OK tunel vivo: https://apache-bryan-doom-perth.trycloudflare.com
[Mon Aug 24 22:44:16 CST 2026] OK tunel vivo: https://apache-bryan-doom-perth.trycloudflare.com
[Mon Aug 24 22:46:21 CST 2026] OK tunel vivo: https://apache-bryan-doom-perth.trycloudflare.com
[Mon Aug 24 22:48:19 CST 2026] OK tunel vivo: https://apache-bryan-doom-perth.trycloudflare.com
[Mon Aug 24 22:50:21 CST 2026] OK tunel vivo: https://apache-bryan-doom-perth.trycloudflare.com
[Mon Aug 24 22:52:23 CST 2026] OK tunel vivo: https://apache-bryan-doom-perth.trycloudflare.com
[Mon Aug 24 22:54:20 CST 2026] OK tunel vivo: https://apache-bryan-doom-perth.trycloudflare.com
[Mon Aug 24 22:56:19 CST 2026] OK tunel vivo: https://apache-bryan-doom-perth.trycloudflare.com
[Mon Aug 24 22:58:19 CST 2026] OK tunel vivo: https://apache-bryan-doom-perth.trycloudflare.com
[Mon Aug 24 23:00:26 CST 2026] OK tunel vivo: https://apache-bryan-doom-perth.trycloudflare.com
[Mon Aug 24 23:02:22 CST 2026] OK tunel vivo: https://apache-bryan-doom-perth.trycloudflare.com
[Mon Aug 24 23:04:23 CST 2026] OK tunel vivo: https://apache-bryan-doom-perth.trycloudflare.com
[Mon Aug 24 23:06:22 CST 2026] OK tunel vivo: https://apache-bryan-doom-perth.trycloudflare.com
[Mon Aug 24 23:08:19 CST 2026] OK tunel vivo: https://apache-bryan-doom-perth.trycloudflare.com
[Mon Aug 24 23:10:20 CST 2026] OK tunel vivo: https://apache-bryan-doom-perth.trycloudflare.com
[Mon Aug 24 23:12:20 CST 2026] OK tunel vivo: https://apache-bryan-doom-perth.trycloudflare.com
[Mon Aug 24 23:14:19 CST 2026] OK tunel vivo: https://apache-bryan-doom-perth.trycloudflare.com
[Mon Aug 24 23:16:22 CST 2026] OK tunel vivo: https://apache-bryan-doom-perth.trycloudflare.com
[Mon Aug 24 23:18:22 CST 2026] OK tunel vivo: https://apache-bryan-doom-perth.trycloudflare.com
[Mon Aug 24 23:20:28 CST 2026] OK tunel vivo: https://apache-bryan-doom-perth.trycloudflare.com
[Mon Aug 24 23:25:20 CST 2026] OK tunel vivo: https://apache-bryan-doom-perth.trycloudflare.com
[Mon Aug 24 23:26:21 CST 2026] OK tunel vivo: https://apache-bryan-doom-perth.trycloudflare.com
[Mon Aug 24 23:33:50 CST 2026] OK tunel vivo: https://apache-bryan-doom-perth.trycloudflare.com
[Mon Aug 24 23:39:48 CST 2026] OK tunel vivo: https://apache-bryan-doom-perth.trycloudflare.com
[Mon Aug 24 23:40:50 CST 2026] OK tunel vivo: https://apache-bryan-doom-perth.trycloudflare.com
[Mon Aug 24 23:42:49 CST 2026] OK tunel vivo: https://apache-bryan-doom-perth.trycloudflare.com
[Mon Aug 24 23:50:53 CST 2026] OK tunel vivo: https://apache-bryan-doom-perth.trycloudflare.com
[Mon Aug 24 23:52:51 CST 2026] OK tunel vivo: https://apache-bryan-doom-perth.trycloudflare.com
[Mon Aug 24 23:54:51 CST 2026] OK tunel vivo: https://apache-bryan-doom-perth.trycloudflare.com
[Mon Aug 24 23:57:53 CST 2026] OK tunel vivo: https://apache-bryan-doom-perth.trycloudflare.com
[Tue Aug 25 00:01:54 CST 2026] OK tunel vivo: https://apache-bryan-doom-perth.trycloudflare.com
[Tue Aug 25 00:04:53 CST 2026] OK tunel vivo: https://apache-bryan-doom-perth.trycloudflare.com
[Tue Aug 25 00:06:52 CST 2026] OK tunel vivo: https://apache-bryan-doom-perth.trycloudflare.com
[Tue Aug 25 00:08:51 CST 2026] OK tunel vivo: https://apache-bryan-doom-perth.trycloudflare.com
[Tue Aug 25 00:10:53 CST 2026] OK tunel vivo: https://apache-bryan-doom-perth.trycloudflare.com
[Tue Aug 25 00:12:57 CST 2026] OK tunel vivo: https://apache-bryan-doom-perth.trycloudflare.com
[Tue Aug 25 00:14:53 CST 2026] OK tunel vivo: https://apache-bryan-doom-perth.trycloudflare.com
[Tue Aug 25 00:16:56 CST 2026] OK tunel vivo: https://apache-bryan-doom-perth.trycloudflare.com
[Tue Aug 25 00:18:58 CST 2026] OK tunel vivo: https://apache-bryan-doom-perth.trycloudflare.com
[Tue Aug 25 00:20:55 CST 2026] OK tunel vivo: https://apache-bryan-doom-perth.trycloudflare.com
[Tue Aug 25 00:22:54 CST 2026] OK tunel vivo: https://apache-bryan-doom-perth.trycloudflare.com
[Tue Aug 25 00:24:53 CST 2026] OK tunel vivo: https://apache-bryan-doom-perth.trycloudflare.com
[Tue Aug 25 00:27:00 CST 2026] OK tunel vivo: https://apache-bryan-doom-perth.trycloudflare.com
[Tue Aug 25 00:28:55 CST 2026] OK tunel vivo: https://apache-bryan-doom-perth.trycloudflare.com
[Tue Aug 25 00:30:56 CST 2026] OK tunel vivo: https://apache-bryan-doom-perth.trycloudflare.com
[Tue Aug 25 00:32:54 CST 2026] OK tunel vivo: https://apache-bryan-doom-perth.trycloudflare.com
[Tue Aug 25 00:34:56 CST 2026] OK tunel vivo: https://apache-bryan-doom-perth.trycloudflare.com
[Tue Aug 25 00:36:56 CST 2026] OK tunel vivo: https://apache-bryan-doom-perth.trycloudflare.com
[Tue Aug 25 00:38:57 CST 2026] OK tunel vivo: https://apache-bryan-doom-perth.trycloudflare.com
[Tue Aug 25 00:40:58 CST 2026] OK tunel vivo: https://apache-bryan-doom-perth.trycloudflare.com
[Tue Aug 25 00:42:59 CST 2026] OK tunel vivo: https://apache-bryan-doom-perth.trycloudflare.com
[Tue Aug 25 00:44:58 CST 2026] OK tunel vivo: https://apache-bryan-doom-perth.trycloudflare.com
[Tue Aug 25 00:46:56 CST 2026] OK tunel vivo: https://apache-bryan-doom-perth.trycloudflare.com
[Tue Aug 25 00:48:55 CST 2026] OK tunel vivo: https://apache-bryan-doom-perth.trycloudflare.com
[Tue Aug 25 00:51:02 CST 2026] OK tunel vivo: https://apache-bryan-doom-perth.trycloudflare.com
[Tue Aug 25 00:53:01 CST 2026] OK tunel vivo: https://apache-bryan-doom-perth.trycloudflare.com
[Tue Aug 25 00:55:00 CST 2026] OK tunel vivo: https://apache-bryan-doom-perth.trycloudflare.com
[Tue Aug 25 00:56:59 CST 2026] OK tunel vivo: https://apache-bryan-doom-perth.trycloudflare.com
[Tue Aug 25 00:59:00 CST 2026] OK tunel vivo: https://apache-bryan-doom-perth.trycloudflare.com
[Tue Aug 25 01:00:57 CST 2026] OK tunel vivo: https://apache-bryan-doom-perth.trycloudflare.com
[Tue Aug 25 01:02:57 CST 2026] OK tunel vivo: https://apache-bryan-doom-perth.trycloudflare.com
[Tue Aug 25 01:04:59 CST 2026] OK tunel vivo: https://apache-bryan-doom-perth.trycloudflare.com
[Tue Aug 25 01:06:58 CST 2026] OK tunel vivo: https://apache-bryan-doom-perth.trycloudflare.com
[Tue Aug 25 01:08:59 CST 2026] OK tunel vivo: https://apache-bryan-doom-perth.trycloudflare.com
[Tue Aug 25 01:11:02 CST 2026] OK tunel vivo: https://apache-bryan-doom-perth.trycloudflare.com
[Tue Aug 25 01:12:58 CST 2026] OK tunel vivo: https://apache-bryan-doom-perth.trycloudflare.com
[Tue Aug 25 01:15:03 CST 2026] OK tunel vivo: https://apache-bryan-doom-perth.trycloudflare.com
[Tue Aug 25 01:17:07 CST 2026] OK tunel vivo: https://apache-bryan-doom-perth.trycloudflare.com
[Tue Aug 25 01:19:01 CST 2026] OK tunel vivo: https://apache-bryan-doom-perth.trycloudflare.com
[Tue Aug 25 01:21:01 CST 2026] OK tunel vivo: https://apache-bryan-doom-perth.trycloudflare.com
[Tue Aug 25 01:23:04 CST 2026] OK tunel vivo: https://apache-bryan-doom-perth.trycloudflare.com
[Tue Aug 25 01:25:01 CST 2026] OK tunel vivo: https://apache-bryan-doom-perth.trycloudflare.com
[Tue Aug 25 01:27:01 CST 2026] OK tunel vivo: https://apache-bryan-doom-perth.trycloudflare.com
[Tue Aug 25 01:29:03 CST 2026] OK tunel vivo: https://apache-bryan-doom-perth.trycloudflare.com
[Tue Aug 25 01:31:02 CST 2026] OK tunel vivo: https://apache-bryan-doom-perth.trycloudflare.com
[Tue Aug 25 01:33:03 CST 2026] OK tunel vivo: https://apache-bryan-doom-perth.trycloudflare.com
[Tue Aug 25 01:35:03 CST 2026] OK tunel vivo: https://apache-bryan-doom-perth.trycloudflare.com
[Tue Aug 25 01:37:03 CST 2026] OK tunel vivo: https://apache-bryan-doom-perth.trycloudflare.com
[Tue Aug 25 01:39:03 CST 2026] OK tunel vivo: https://apache-bryan-doom-perth.trycloudflare.com
[Tue Aug 25 01:41:04 CST 2026] OK tunel vivo: https://apache-bryan-doom-perth.trycloudflare.com
[Tue Aug 25 01:43:02 CST 2026] OK tunel vivo: https://apache-bryan-doom-perth.trycloudflare.com
[Tue Aug 25 01:45:04 CST 2026] OK tunel vivo: https://apache-bryan-doom-perth.trycloudflare.com
[Tue Aug 25 01:47:07 CST 2026] OK tunel vivo: https://apache-bryan-doom-perth.trycloudflare.com
[Tue Aug 25 01:49:04 CST 2026] OK tunel vivo: https://apache-bryan-doom-perth.trycloudflare.com
[Tue Aug 25 01:51:08 CST 2026] OK tunel vivo: https://apache-bryan-doom-perth.trycloudflare.com
[Tue Aug 25 01:53:10 CST 2026] OK tunel vivo: https://apache-bryan-doom-perth.trycloudflare.com
[Tue Aug 25 01:55:05 CST 2026] OK tunel vivo: https://apache-bryan-doom-perth.trycloudflare.com
[Tue Aug 25 01:57:14 CST 2026] OK tunel vivo: https://apache-bryan-doom-perth.trycloudflare.com
[Tue Aug 25 01:59:06 CST 2026] OK tunel vivo: https://apache-bryan-doom-perth.trycloudflare.com
[Tue Aug 25 02:01:09 CST 2026] OK tunel vivo: https://apache-bryan-doom-perth.trycloudflare.com
[Tue Aug 25 02:03:09 CST 2026] OK tunel vivo: https://apache-bryan-doom-perth.trycloudflare.com
[Tue Aug 25 02:05:13 CST 2026] OK tunel vivo: https://apache-bryan-doom-perth.trycloudflare.com
[Tue Aug 25 02:07:09 CST 2026] OK tunel vivo: https://apache-bryan-doom-perth.trycloudflare.com
[Tue Aug 25 02:09:08 CST 2026] OK tunel vivo: https://apache-bryan-doom-perth.trycloudflare.com
[Tue Aug 25 02:11:11 CST 2026] OK tunel vivo: https://apache-bryan-doom-perth.trycloudflare.com
[Tue Aug 25 02:13:10 CST 2026] OK tunel vivo: https://apache-bryan-doom-perth.trycloudflare.com
[Tue Aug 25 02:15:09 CST 2026] OK tunel vivo: https://apache-bryan-doom-perth.trycloudflare.com
[Tue Aug 25 02:17:10 CST 2026] OK tunel vivo: https://apache-bryan-doom-perth.trycloudflare.com
[Tue Aug 25 02:19:09 CST 2026] OK tunel vivo: https://apache-bryan-doom-perth.trycloudflare.com
[Tue Aug 25 02:21:09 CST 2026] OK tunel vivo: https://apache-bryan-doom-perth.trycloudflare.com
[Tue Aug 25 02:22:11 CST 2026] OK tunel vivo: https://apache-bryan-doom-perth.trycloudflare.com
[Tue Aug 25 02:24:10 CST 2026] OK tunel vivo: https://apache-bryan-doom-perth.trycloudflare.com
[Tue Aug 25 02:26:11 CST 2026] OK tunel vivo: https://apache-bryan-doom-perth.trycloudflare.com
[Tue Aug 25 02:28:11 CST 2026] OK tunel vivo: https://apache-bryan-doom-perth.trycloudflare.com
[Tue Aug 25 02:30:11 CST 2026] OK tunel vivo: https://apache-bryan-doom-perth.trycloudflare.com
[Tue Aug 25 02:32:12 CST 2026] OK tunel vivo: https://apache-bryan-doom-perth.trycloudflare.com
[Tue Aug 25 02:34:20 CST 2026] TUNEL CAIDO (https://apache-bryan-doom-perth.trycloudflare.com). Relanzando monitor...
[Tue Aug 25 02:34:22 CST 2026] Monitor relanzado (pid 4092)
[Tue Aug 25 02:36:14 CST 2026] OK tunel vivo: https://formula-mae-mas-constitutional.trycloudflare.com
[Tue Aug 25 02:38:17 CST 2026] OK tunel vivo: https://formula-mae-mas-constitutional.trycloudflare.com
[Tue Aug 25 02:40:24 CST 2026] OK tunel vivo: https://formula-mae-mas-constitutional.trycloudflare.com
[Tue Aug 25 02:42:16 CST 2026] OK tunel vivo: https://formula-mae-mas-constitutional.trycloudflare.com
[Tue Aug 25 02:44:15 CST 2026] OK tunel vivo: https://formula-mae-mas-constitutional.trycloudflare.com
[Tue Aug 25 02:46:20 CST 2026] OK tunel vivo: https://formula-mae-mas-constitutional.trycloudflare.com
[Tue Aug 25 02:48:21 CST 2026] OK tunel vivo: https://formula-mae-mas-constitutional.trycloudflare.com
[Tue Aug 25 02:50:18 CST 2026] OK tunel vivo: https://formula-mae-mas-constitutional.trycloudflare.com
[Tue Aug 25 02:52:22 CST 2026] OK tunel vivo: https://formula-mae-mas-constitutional.trycloudflare.com
[Tue Aug 25 02:54:20 CST 2026] OK tunel vivo: https://formula-mae-mas-constitutional.trycloudflare.com
[Tue Aug 25 02:56:18 CST 2026] OK tunel vivo: https://formula-mae-mas-constitutional.trycloudflare.com
[Tue Aug 25 02:58:22 CST 2026] OK tunel vivo: https://formula-mae-mas-constitutional.trycloudflare.com
[Tue Aug 25 03:00:17 CST 2026] OK tunel vivo: https://formula-mae-mas-constitutional.trycloudflare.com
[Tue Aug 25 03:02:16 CST 2026] OK tunel vivo: https://formula-mae-mas-constitutional.trycloudflare.com
[Tue Aug 25 03:04:18 CST 2026] OK tunel vivo: https://formula-mae-mas-constitutional.trycloudflare.com
[Tue Aug 25 03:06:19 CST 2026] OK tunel vivo: https://formula-mae-mas-constitutional.trycloudflare.com
[Tue Aug 25 03:08:19 CST 2026] OK tunel vivo: https://formula-mae-mas-constitutional.trycloudflare.com
[Tue Aug 25 03:10:22 CST 2026] OK tunel vivo: https://formula-mae-mas-constitutional.trycloudflare.com
[Tue Aug 25 03:12:18 CST 2026] OK tunel vivo: https://formula-mae-mas-constitutional.trycloudflare.com
[Tue Aug 25 03:14:19 CST 2026] OK tunel vivo: https://formula-mae-mas-constitutional.trycloudflare.com
[Tue Aug 25 03:16:19 CST 2026] OK tunel vivo: https://formula-mae-mas-constitutional.trycloudflare.com
[Tue Aug 25 03:18:25 CST 2026] OK tunel vivo: https://formula-mae-mas-constitutional.trycloudflare.com
[Tue Aug 25 03:20:22 CST 2026] OK tunel vivo: https://formula-mae-mas-constitutional.trycloudflare.com
[Tue Aug 25 03:22:39 CST 2026] TUNEL CAIDO (https://formula-mae-mas-constitutional.trycloudflare.com). Relanzando monitor...
[Tue Aug 25 03:22:41 CST 2026] Monitor relanzado (pid 9386)
[Tue Aug 25 03:24:18 CST 2026] OK tunel vivo: https://formula-mae-mas-constitutional.trycloudflare.com
[Tue Aug 25 03:34:24 CST 2026] OK tunel vivo: https://streams-doug-art-gsm.trycloudflare.com
[Tue Aug 25 03:36:22 CST 2026] OK tunel vivo: https://streams-doug-art-gsm.trycloudflare.com
[Tue Aug 25 03:38:25 CST 2026] OK tunel vivo: https://streams-doug-art-gsm.trycloudflare.com
[Tue Aug 25 03:40:24 CST 2026] OK tunel vivo: https://streams-doug-art-gsm.trycloudflare.com
[Tue Aug 25 03:42:26 CST 2026] OK tunel vivo: https://streams-doug-art-gsm.trycloudflare.com
[Tue Aug 25 03:44:26 CST 2026] OK tunel vivo: https://streams-doug-art-gsm.trycloudflare.com
[Tue Aug 25 03:46:26 CST 2026] OK tunel vivo: https://streams-doug-art-gsm.trycloudflare.com
[Tue Aug 25 03:48:23 CST 2026] OK tunel vivo: https://streams-doug-art-gsm.trycloudflare.com
[Tue Aug 25 03:50:26 CST 2026] OK tunel vivo: https://streams-doug-art-gsm.trycloudflare.com
[Tue Aug 25 03:52:25 CST 2026] OK tunel vivo: https://streams-doug-art-gsm.trycloudflare.com
[Tue Aug 25 03:54:33 CST 2026] OK tunel vivo: https://streams-doug-art-gsm.trycloudflare.com
[Tue Aug 25 03:56:29 CST 2026] OK tunel vivo: https://streams-doug-art-gsm.trycloudflare.com
[Tue Aug 25 03:58:28 CST 2026] OK tunel vivo: https://streams-doug-art-gsm.trycloudflare.com
[Tue Aug 25 04:00:29 CST 2026] OK tunel vivo: https://streams-doug-art-gsm.trycloudflare.com
[Tue Aug 25 04:02:25 CST 2026] OK tunel vivo: https://streams-doug-art-gsm.trycloudflare.com
[Tue Aug 25 04:04:27 CST 2026] OK tunel vivo: https://streams-doug-art-gsm.trycloudflare.com
[Tue Aug 25 04:06:27 CST 2026] OK tunel vivo: https://streams-doug-art-gsm.trycloudflare.com
[Tue Aug 25 04:08:25 CST 2026] OK tunel vivo: https://streams-doug-art-gsm.trycloudflare.com
[Tue Aug 25 04:10:26 CST 2026] OK tunel vivo: https://streams-doug-art-gsm.trycloudflare.com
[Tue Aug 25 04:12:26 CST 2026] OK tunel vivo: https://streams-doug-art-gsm.trycloudflare.com
[Tue Aug 25 04:14:28 CST 2026] OK tunel vivo: https://streams-doug-art-gsm.trycloudflare.com
[Tue Aug 25 04:16:27 CST 2026] OK tunel vivo: https://streams-doug-art-gsm.trycloudflare.com
[Tue Aug 25 04:18:27 CST 2026] OK tunel vivo: https://streams-doug-art-gsm.trycloudflare.com
[Tue Aug 25 04:20:28 CST 2026] OK tunel vivo: https://streams-doug-art-gsm.trycloudflare.com
[Tue Aug 25 04:22:32 CST 2026] OK tunel vivo: https://streams-doug-art-gsm.trycloudflare.com
[Tue Aug 25 04:24:29 CST 2026] OK tunel vivo: https://streams-doug-art-gsm.trycloudflare.com
[Tue Aug 25 04:26:28 CST 2026] OK tunel vivo: https://streams-doug-art-gsm.trycloudflare.com
[Tue Aug 25 04:28:31 CST 2026] OK tunel vivo: https://streams-doug-art-gsm.trycloudflare.com
[Tue Aug 25 04:30:32 CST 2026] OK tunel vivo: https://streams-doug-art-gsm.trycloudflare.com
[Tue Aug 25 04:32:29 CST 2026] OK tunel vivo: https://streams-doug-art-gsm.trycloudflare.com
[Tue Aug 25 04:34:32 CST 2026] OK tunel vivo: https://streams-doug-art-gsm.trycloudflare.com
[Tue Aug 25 04:36:29 CST 2026] OK tunel vivo: https://streams-doug-art-gsm.trycloudflare.com
[Tue Aug 25 04:38:31 CST 2026] OK tunel vivo: https://streams-doug-art-gsm.trycloudflare.com
[Tue Aug 25 04:40:32 CST 2026] OK tunel vivo: https://streams-doug-art-gsm.trycloudflare.com
[Tue Aug 25 04:42:31 CST 2026] OK tunel vivo: https://streams-doug-art-gsm.trycloudflare.com
[Tue Aug 25 04:44:36 CST 2026] TUNEL CAIDO (https://streams-doug-art-gsm.trycloudflare.com). Relanzando monitor...
[Tue Aug 25 04:44:39 CST 2026] Monitor relanzado (pid 19549)
[Tue Aug 25 04:46:43 CST 2026] TUNEL CAIDO (https://organizing-grown-attend-leading.trycloudflare.com). Relanzando monitor...
[Tue Aug 25 04:46:46 CST 2026] Monitor relanzado (pid 20588)
[Tue Aug 25 04:48:30 CST 2026] OK tunel vivo: https://museums-bernard-lips-photographic.trycloudflare.com
[Tue Aug 25 04:50:32 CST 2026] OK tunel vivo: https://museums-bernard-lips-photographic.trycloudflare.com
[Tue Aug 25 04:52:35 CST 2026] OK tunel vivo: https://museums-bernard-lips-photographic.trycloudflare.com
[Tue Aug 25 04:54:31 CST 2026] OK tunel vivo: https://museums-bernard-lips-photographic.trycloudflare.com
[Tue Aug 25 04:56:35 CST 2026] OK tunel vivo: https://museums-bernard-lips-photographic.trycloudflare.com
[Tue Aug 25 04:58:36 CST 2026] OK tunel vivo: https://museums-bernard-lips-photographic.trycloudflare.com
[Tue Aug 25 05:00:33 CST 2026] OK tunel vivo: https://museums-bernard-lips-photographic.trycloudflare.com
[Tue Aug 25 05:02:33 CST 2026] OK tunel vivo: https://museums-bernard-lips-photographic.trycloudflare.com
[Tue Aug 25 05:04:34 CST 2026] OK tunel vivo: https://museums-bernard-lips-photographic.trycloudflare.com
[Tue Aug 25 05:06:35 CST 2026] OK tunel vivo: https://museums-bernard-lips-photographic.trycloudflare.com
[Tue Aug 25 05:08:39 CST 2026] OK tunel vivo: https://museums-bernard-lips-photographic.trycloudflare.com
[Tue Aug 25 05:10:40 CST 2026] OK tunel vivo: https://museums-bernard-lips-photographic.trycloudflare.com
[Tue Aug 25 05:12:39 CST 2026] OK tunel vivo: https://museums-bernard-lips-photographic.trycloudflare.com
[Tue Aug 25 05:14:37 CST 2026] OK tunel vivo: https://museums-bernard-lips-photographic.trycloudflare.com
[Tue Aug 25 05:16:40 CST 2026] OK tunel vivo: https://museums-bernard-lips-photographic.trycloudflare.com
[Tue Aug 25 05:18:39 CST 2026] OK tunel vivo: https://museums-bernard-lips-photographic.trycloudflare.com
[Tue Aug 25 05:20:36 CST 2026] OK tunel vivo: https://museums-bernard-lips-photographic.trycloudflare.com
[Tue Aug 25 05:22:42 CST 2026] OK tunel vivo: https://museums-bernard-lips-photographic.trycloudflare.com
[Tue Aug 25 05:24:37 CST 2026] OK tunel vivo: https://museums-bernard-lips-photographic.trycloudflare.com
[Tue Aug 25 05:26:39 CST 2026] OK tunel vivo: https://museums-bernard-lips-photographic.trycloudflare.com
[Tue Aug 25 05:28:48 CST 2026] TUNEL CAIDO (https://museums-bernard-lips-photographic.trycloudflare.com). Relanzando monitor...
[Tue Aug 25 05:28:50 CST 2026] Monitor relanzado (pid 26889)
[Tue Aug 25 05:30:42 CST 2026] OK tunel vivo: https://eur-labels-centered-thomson.trycloudflare.com
[Tue Aug 25 05:32:41 CST 2026] OK tunel vivo: https://eur-labels-centered-thomson.trycloudflare.com
[Tue Aug 25 05:34:46 CST 2026] OK tunel vivo: https://eur-labels-centered-thomson.trycloudflare.com
[Tue Aug 25 05:36:48 CST 2026] OK tunel vivo: https://eur-labels-centered-thomson.trycloudflare.com
[Tue Aug 25 05:38:40 CST 2026] OK tunel vivo: https://eur-labels-centered-thomson.trycloudflare.com
[Tue Aug 25 05:40:43 CST 2026] OK tunel vivo: https://eur-labels-centered-thomson.trycloudflare.com
[Tue Aug 25 05:42:45 CST 2026] OK tunel vivo: https://eur-labels-centered-thomson.trycloudflare.com
[Tue Aug 25 05:44:45 CST 2026] OK tunel vivo: https://eur-labels-centered-thomson.trycloudflare.com
[Tue Aug 25 05:46:46 CST 2026] OK tunel vivo: https://eur-labels-centered-thomson.trycloudflare.com
[Tue Aug 25 05:48:44 CST 2026] OK tunel vivo: https://eur-labels-centered-thomson.trycloudflare.com
[Tue Aug 25 05:50:44 CST 2026] OK tunel vivo: https://eur-labels-centered-thomson.trycloudflare.com
[Tue Aug 25 05:52:43 CST 2026] OK tunel vivo: https://eur-labels-centered-thomson.trycloudflare.com
[Tue Aug 25 05:54:46 CST 2026] OK tunel vivo: https://eur-labels-centered-thomson.trycloudflare.com
[Tue Aug 25 05:56:45 CST 2026] OK tunel vivo: https://eur-labels-centered-thomson.trycloudflare.com
[Tue Aug 25 05:58:44 CST 2026] OK tunel vivo: https://eur-labels-centered-thomson.trycloudflare.com
[Tue Aug 25 06:00:51 CST 2026] OK tunel vivo: https://eur-labels-centered-thomson.trycloudflare.com
[Tue Aug 25 06:02:44 CST 2026] OK tunel vivo: https://eur-labels-centered-thomson.trycloudflare.com
[Tue Aug 25 06:04:45 CST 2026] OK tunel vivo: https://eur-labels-centered-thomson.trycloudflare.com
[Tue Aug 25 06:06:46 CST 2026] OK tunel vivo: https://eur-labels-centered-thomson.trycloudflare.com
[Tue Aug 25 06:08:45 CST 2026] OK tunel vivo: https://eur-labels-centered-thomson.trycloudflare.com
[Tue Aug 25 06:10:47 CST 2026] OK tunel vivo: https://eur-labels-centered-thomson.trycloudflare.com
[Tue Aug 25 06:12:45 CST 2026] OK tunel vivo: https://eur-labels-centered-thomson.trycloudflare.com
[Tue Aug 25 06:14:49 CST 2026] OK tunel vivo: https://eur-labels-centered-thomson.trycloudflare.com
[Tue Aug 25 06:16:49 CST 2026] OK tunel vivo: https://eur-labels-centered-thomson.trycloudflare.com
[Tue Aug 25 06:18:46 CST 2026] OK tunel vivo: https://eur-labels-centered-thomson.trycloudflare.com
[Tue Aug 25 06:20:46 CST 2026] OK tunel vivo: https://eur-labels-centered-thomson.trycloudflare.com
[Tue Aug 25 06:22:52 CST 2026] OK tunel vivo: https://eur-labels-centered-thomson.trycloudflare.com
[Tue Aug 25 06:24:48 CST 2026] OK tunel vivo: https://eur-labels-centered-thomson.trycloudflare.com
[Tue Aug 25 06:26:48 CST 2026] OK tunel vivo: https://eur-labels-centered-thomson.trycloudflare.com
[Tue Aug 25 06:28:49 CST 2026] OK tunel vivo: https://eur-labels-centered-thomson.trycloudflare.com
[Tue Aug 25 06:30:51 CST 2026] OK tunel vivo: https://eur-labels-centered-thomson.trycloudflare.com
[Tue Aug 25 06:32:48 CST 2026] OK tunel vivo: https://eur-labels-centered-thomson.trycloudflare.com
[Tue Aug 25 06:34:48 CST 2026] OK tunel vivo: https://eur-labels-centered-thomson.trycloudflare.com
[Tue Aug 25 06:36:49 CST 2026] OK tunel vivo: https://eur-labels-centered-thomson.trycloudflare.com
[Tue Aug 25 06:38:51 CST 2026] OK tunel vivo: https://eur-labels-centered-thomson.trycloudflare.com
[Tue Aug 25 06:40:50 CST 2026] OK tunel vivo: https://eur-labels-centered-thomson.trycloudflare.com
[Tue Aug 25 06:42:52 CST 2026] OK tunel vivo: https://eur-labels-centered-thomson.trycloudflare.com
[Tue Aug 25 06:44:53 CST 2026] OK tunel vivo: https://eur-labels-centered-thomson.trycloudflare.com
[Tue Aug 25 06:46:51 CST 2026] OK tunel vivo: https://eur-labels-centered-thomson.trycloudflare.com
[Tue Aug 25 06:48:51 CST 2026] OK tunel vivo: https://eur-labels-centered-thomson.trycloudflare.com
[Tue Aug 25 06:50:53 CST 2026] OK tunel vivo: https://eur-labels-centered-thomson.trycloudflare.com
[Tue Aug 25 06:52:55 CST 2026] OK tunel vivo: https://eur-labels-centered-thomson.trycloudflare.com
[Tue Aug 25 06:54:52 CST 2026] OK tunel vivo: https://eur-labels-centered-thomson.trycloudflare.com
[Tue Aug 25 06:56:55 CST 2026] OK tunel vivo: https://eur-labels-centered-thomson.trycloudflare.com
[Tue Aug 25 06:58:56 CST 2026] OK tunel vivo: https://eur-labels-centered-thomson.trycloudflare.com
[Tue Aug 25 07:00:53 CST 2026] OK tunel vivo: https://eur-labels-centered-thomson.trycloudflare.com
[Tue Aug 25 07:02:53 CST 2026] OK tunel vivo: https://eur-labels-centered-thomson.trycloudflare.com
[Tue Aug 25 07:04:54 CST 2026] OK tunel vivo: https://eur-labels-centered-thomson.trycloudflare.com
[Tue Aug 25 07:06:56 CST 2026] OK tunel vivo: https://eur-labels-centered-thomson.trycloudflare.com
[Tue Aug 25 07:08:56 CST 2026] OK tunel vivo: https://eur-labels-centered-thomson.trycloudflare.com
[Tue Aug 25 07:10:55 CST 2026] OK tunel vivo: https://eur-labels-centered-thomson.trycloudflare.com
[Tue Aug 25 07:12:57 CST 2026] OK tunel vivo: https://eur-labels-centered-thomson.trycloudflare.com
[Tue Aug 25 07:14:55 CST 2026] OK tunel vivo: https://eur-labels-centered-thomson.trycloudflare.com
[Tue Aug 25 07:16:58 CST 2026] OK tunel vivo: https://eur-labels-centered-thomson.trycloudflare.com
[Tue Aug 25 07:18:56 CST 2026] OK tunel vivo: https://eur-labels-centered-thomson.trycloudflare.com
[Tue Aug 25 07:20:58 CST 2026] OK tunel vivo: https://eur-labels-centered-thomson.trycloudflare.com
[Tue Aug 25 07:23:01 CST 2026] OK tunel vivo: https://eur-labels-centered-thomson.trycloudflare.com
[Tue Aug 25 07:24:58 CST 2026] OK tunel vivo: https://eur-labels-centered-thomson.trycloudflare.com
[Tue Aug 25 07:26:56 CST 2026] OK tunel vivo: https://eur-labels-centered-thomson.trycloudflare.com
[Tue Aug 25 07:28:59 CST 2026] OK tunel vivo: https://eur-labels-centered-thomson.trycloudflare.com
[Tue Aug 25 07:31:02 CST 2026] OK tunel vivo: https://eur-labels-centered-thomson.trycloudflare.com
[Tue Aug 25 07:33:00 CST 2026] OK tunel vivo: https://eur-labels-centered-thomson.trycloudflare.com
[Tue Aug 25 07:35:02 CST 2026] OK tunel vivo: https://eur-labels-centered-thomson.trycloudflare.com
[Tue Aug 25 07:36:58 CST 2026] OK tunel vivo: https://eur-labels-centered-thomson.trycloudflare.com
[Tue Aug 25 07:38:59 CST 2026] OK tunel vivo: https://eur-labels-centered-thomson.trycloudflare.com
[Tue Aug 25 07:41:01 CST 2026] OK tunel vivo: https://eur-labels-centered-thomson.trycloudflare.com
[Tue Aug 25 07:42:58 CST 2026] OK tunel vivo: https://eur-labels-centered-thomson.trycloudflare.com
[Tue Aug 25 07:45:02 CST 2026] OK tunel vivo: https://eur-labels-centered-thomson.trycloudflare.com
[Tue Aug 25 07:47:01 CST 2026] OK tunel vivo: https://eur-labels-centered-thomson.trycloudflare.com
[Tue Aug 25 07:49:03 CST 2026] OK tunel vivo: https://eur-labels-centered-thomson.trycloudflare.com
[Tue Aug 25 07:51:00 CST 2026] OK tunel vivo: https://eur-labels-centered-thomson.trycloudflare.com
[Tue Aug 25 07:53:05 CST 2026] OK tunel vivo: https://eur-labels-centered-thomson.trycloudflare.com
[Tue Aug 25 07:55:03 CST 2026] OK tunel vivo: https://eur-labels-centered-thomson.trycloudflare.com
[Tue Aug 25 07:57:01 CST 2026] OK tunel vivo: https://eur-labels-centered-thomson.trycloudflare.com
[Tue Aug 25 07:59:01 CST 2026] OK tunel vivo: https://eur-labels-centered-thomson.trycloudflare.com
[Tue Aug 25 08:01:04 CST 2026] OK tunel vivo: https://eur-labels-centered-thomson.trycloudflare.com
[Tue Aug 25 08:03:01 CST 2026] OK tunel vivo: https://eur-labels-centered-thomson.trycloudflare.com
[Tue Aug 25 08:05:07 CST 2026] OK tunel vivo: https://eur-labels-centered-thomson.trycloudflare.com
[Tue Aug 25 08:07:06 CST 2026] OK tunel vivo: https://eur-labels-centered-thomson.trycloudflare.com
[Tue Aug 25 08:09:03 CST 2026] OK tunel vivo: https://eur-labels-centered-thomson.trycloudflare.com
[Tue Aug 25 08:11:06 CST 2026] OK tunel vivo: https://eur-labels-centered-thomson.trycloudflare.com
[Tue Aug 25 08:13:05 CST 2026] OK tunel vivo: https://eur-labels-centered-thomson.trycloudflare.com
[Tue Aug 25 08:15:03 CST 2026] OK tunel vivo: https://eur-labels-centered-thomson.trycloudflare.com
[Tue Aug 25 08:17:07 CST 2026] OK tunel vivo: https://eur-labels-centered-thomson.trycloudflare.com
[Tue Aug 25 08:19:06 CST 2026] OK tunel vivo: https://eur-labels-centered-thomson.trycloudflare.com
[Tue Aug 25 08:21:05 CST 2026] OK tunel vivo: https://eur-labels-centered-thomson.trycloudflare.com
[Tue Aug 25 08:23:09 CST 2026] OK tunel vivo: https://eur-labels-centered-thomson.trycloudflare.com
[Tue Aug 25 08:25:09 CST 2026] OK tunel vivo: https://eur-labels-centered-thomson.trycloudflare.com
[Tue Aug 25 08:27:05 CST 2026] OK tunel vivo: https://eur-labels-centered-thomson.trycloudflare.com
[Tue Aug 25 08:29:08 CST 2026] OK tunel vivo: https://eur-labels-centered-thomson.trycloudflare.com
[Tue Aug 25 08:31:09 CST 2026] OK tunel vivo: https://eur-labels-centered-thomson.trycloudflare.com
[Tue Aug 25 08:33:05 CST 2026] OK tunel vivo: https://eur-labels-centered-thomson.trycloudflare.com
[Tue Aug 25 08:35:12 CST 2026] OK tunel vivo: https://eur-labels-centered-thomson.trycloudflare.com
[Tue Aug 25 08:37:06 CST 2026] OK tunel vivo: https://eur-labels-centered-thomson.trycloudflare.com
[Tue Aug 25 08:39:07 CST 2026] OK tunel vivo: https://eur-labels-centered-thomson.trycloudflare.com
[Tue Aug 25 08:41:09 CST 2026] OK tunel vivo: https://eur-labels-centered-thomson.trycloudflare.com
[Tue Aug 25 08:43:06 CST 2026] OK tunel vivo: https://eur-labels-centered-thomson.trycloudflare.com
[Tue Aug 25 08:45:09 CST 2026] OK tunel vivo: https://eur-labels-centered-thomson.trycloudflare.com
[Tue Aug 25 08:47:09 CST 2026] OK tunel vivo: https://eur-labels-centered-thomson.trycloudflare.com
[Tue Aug 25 08:49:11 CST 2026] OK tunel vivo: https://eur-labels-centered-thomson.trycloudflare.com
[Tue Aug 25 08:51:10 CST 2026] OK tunel vivo: https://eur-labels-centered-thomson.trycloudflare.com
[Tue Aug 25 08:53:11 CST 2026] OK tunel vivo: https://eur-labels-centered-thomson.trycloudflare.com
[Tue Aug 25 08:55:11 CST 2026] OK tunel vivo: https://eur-labels-centered-thomson.trycloudflare.com
[Tue Aug 25 08:57:11 CST 2026] OK tunel vivo: https://eur-labels-centered-thomson.trycloudflare.com
[Tue Aug 25 08:59:13 CST 2026] OK tunel vivo: https://eur-labels-centered-thomson.trycloudflare.com
[Tue Aug 25 09:00:11 CST 2026] OK tunel vivo: https://eur-labels-centered-thomson.trycloudflare.com
[Tue Aug 25 09:02:15 CST 2026] OK tunel vivo: https://eur-labels-centered-thomson.trycloudflare.com
[Tue Aug 25 09:04:11 CST 2026] OK tunel vivo: https://eur-labels-centered-thomson.trycloudflare.com
[Tue Aug 25 09:06:11 CST 2026] OK tunel vivo: https://eur-labels-centered-thomson.trycloudflare.com
[Tue Aug 25 09:08:12 CST 2026] OK tunel vivo: https://eur-labels-centered-thomson.trycloudflare.com
[Tue Aug 25 09:10:17 CST 2026] OK tunel vivo: https://eur-labels-centered-thomson.trycloudflare.com
[Tue Aug 25 09:12:14 CST 2026] OK tunel vivo: https://eur-labels-centered-thomson.trycloudflare.com
[Tue Aug 25 09:14:17 CST 2026] OK tunel vivo: https://eur-labels-centered-thomson.trycloudflare.com
[Tue Aug 25 09:16:12 CST 2026] OK tunel vivo: https://eur-labels-centered-thomson.trycloudflare.com
[Tue Aug 25 09:18:16 CST 2026] OK tunel vivo: https://eur-labels-centered-thomson.trycloudflare.com
[Tue Aug 25 09:20:11 CST 2026] OK tunel vivo: https://eur-labels-centered-thomson.trycloudflare.com
[Tue Aug 25 09:22:15 CST 2026] OK tunel vivo: https://eur-labels-centered-thomson.trycloudflare.com
[Tue Aug 25 09:24:13 CST 2026] OK tunel vivo: https://eur-labels-centered-thomson.trycloudflare.com
[Tue Aug 25 09:26:15 CST 2026] OK tunel vivo: https://eur-labels-centered-thomson.trycloudflare.com
[Tue Aug 25 09:28:14 CST 2026] OK tunel vivo: https://eur-labels-centered-thomson.trycloudflare.com
[Tue Aug 25 09:30:18 CST 2026] OK tunel vivo: https://eur-labels-centered-thomson.trycloudflare.com
[Tue Aug 25 09:32:17 CST 2026] OK tunel vivo: https://eur-labels-centered-thomson.trycloudflare.com
[Tue Aug 25 09:34:14 CST 2026] OK tunel vivo: https://eur-labels-centered-thomson.trycloudflare.com
[Tue Aug 25 09:36:17 CST 2026] OK tunel vivo: https://eur-labels-centered-thomson.trycloudflare.com
[Tue Aug 25 09:38:17 CST 2026] OK tunel vivo: https://eur-labels-centered-thomson.trycloudflare.com
[Tue Aug 25 09:40:18 CST 2026] OK tunel vivo: https://eur-labels-centered-thomson.trycloudflare.com
[Tue Aug 25 09:42:17 CST 2026] OK tunel vivo: https://eur-labels-centered-thomson.trycloudflare.com
[Tue Aug 25 09:44:16 CST 2026] OK tunel vivo: https://eur-labels-centered-thomson.trycloudflare.com
[Tue Aug 25 09:46:19 CST 2026] OK tunel vivo: https://eur-labels-centered-thomson.trycloudflare.com
[Tue Aug 25 09:48:16 CST 2026] OK tunel vivo: https://eur-labels-centered-thomson.trycloudflare.com
[Tue Aug 25 09:50:19 CST 2026] OK tunel vivo: https://eur-labels-centered-thomson.trycloudflare.com
[Tue Aug 25 09:52:18 CST 2026] OK tunel vivo: https://eur-labels-centered-thomson.trycloudflare.com
[Tue Aug 25 09:54:18 CST 2026] OK tunel vivo: https://eur-labels-centered-thomson.trycloudflare.com
[Tue Aug 25 09:56:17 CST 2026] OK tunel vivo: https://eur-labels-centered-thomson.trycloudflare.com
[Tue Aug 25 09:58:18 CST 2026] OK tunel vivo: https://eur-labels-centered-thomson.trycloudflare.com
[Tue Aug 25 10:00:20 CST 2026] OK tunel vivo: https://eur-labels-centered-thomson.trycloudflare.com
[Tue Aug 25 10:02:17 CST 2026] OK tunel vivo: https://eur-labels-centered-thomson.trycloudflare.com
[Tue Aug 25 10:04:24 CST 2026] OK tunel vivo: https://eur-labels-centered-thomson.trycloudflare.com
[Tue Aug 25 10:06:22 CST 2026] OK tunel vivo: https://eur-labels-centered-thomson.trycloudflare.com
[Tue Aug 25 10:08:19 CST 2026] OK tunel vivo: https://eur-labels-centered-thomson.trycloudflare.com
[Tue Aug 25 10:10:23 CST 2026] OK tunel vivo: https://eur-labels-centered-thomson.trycloudflare.com
[Tue Aug 25 10:12:21 CST 2026] OK tunel vivo: https://eur-labels-centered-thomson.trycloudflare.com
[Tue Aug 25 10:14:27 CST 2026] OK tunel vivo: https://eur-labels-centered-thomson.trycloudflare.com
[Tue Aug 25 10:16:22 CST 2026] OK tunel vivo: https://eur-labels-centered-thomson.trycloudflare.com
[Tue Aug 25 10:18:20 CST 2026] OK tunel vivo: https://eur-labels-centered-thomson.trycloudflare.com
[Tue Aug 25 10:20:24 CST 2026] OK tunel vivo: https://eur-labels-centered-thomson.trycloudflare.com
[Tue Aug 25 10:22:30 CST 2026] OK tunel vivo: https://eur-labels-centered-thomson.trycloudflare.com
[Tue Aug 25 10:24:26 CST 2026] OK tunel vivo: https://eur-labels-centered-thomson.trycloudflare.com
[Tue Aug 25 10:26:28 CST 2026] OK tunel vivo: https://eur-labels-centered-thomson.trycloudflare.com
[Tue Aug 25 10:28:27 CST 2026] OK tunel vivo: https://eur-labels-centered-thomson.trycloudflare.com
[Tue Aug 25 10:30:28 CST 2026] OK tunel vivo: https://eur-labels-centered-thomson.trycloudflare.com
[Tue Aug 25 10:32:23 CST 2026] OK tunel vivo: https://eur-labels-centered-thomson.trycloudflare.com
[Tue Aug 25 10:34:25 CST 2026] OK tunel vivo: https://eur-labels-centered-thomson.trycloudflare.com
[Tue Aug 25 10:36:26 CST 2026] OK tunel vivo: https://eur-labels-centered-thomson.trycloudflare.com
[Tue Aug 25 10:38:24 CST 2026] OK tunel vivo: https://eur-labels-centered-thomson.trycloudflare.com
[Tue Aug 25 10:40:27 CST 2026] OK tunel vivo: https://eur-labels-centered-thomson.trycloudflare.com
[Tue Aug 25 10:42:30 CST 2026] OK tunel vivo: https://eur-labels-centered-thomson.trycloudflare.com
[Tue Aug 25 10:44:25 CST 2026] OK tunel vivo: https://eur-labels-centered-thomson.trycloudflare.com
[Tue Aug 25 10:46:27 CST 2026] OK tunel vivo: https://eur-labels-centered-thomson.trycloudflare.com
[Tue Aug 25 10:48:26 CST 2026] OK tunel vivo: https://eur-labels-centered-thomson.trycloudflare.com
[Tue Aug 25 10:50:27 CST 2026] OK tunel vivo: https://eur-labels-centered-thomson.trycloudflare.com
[Tue Aug 25 10:52:27 CST 2026] OK tunel vivo: https://eur-labels-centered-thomson.trycloudflare.com
[Tue Aug 25 10:54:28 CST 2026] OK tunel vivo: https://eur-labels-centered-thomson.trycloudflare.com
[Tue Aug 25 10:56:26 CST 2026] OK tunel vivo: https://eur-labels-centered-thomson.trycloudflare.com
[Tue Aug 25 10:58:35 CST 2026] OK tunel vivo: https://eur-labels-centered-thomson.trycloudflare.com
[Tue Aug 25 11:00:30 CST 2026] OK tunel vivo: https://eur-labels-centered-thomson.trycloudflare.com
[Tue Aug 25 11:02:28 CST 2026] OK tunel vivo: https://eur-labels-centered-thomson.trycloudflare.com
[Tue Aug 25 11:04:32 CST 2026] OK tunel vivo: https://eur-labels-centered-thomson.trycloudflare.com
[Tue Aug 25 11:06:31 CST 2026] TUNEL CAIDO (https://eur-labels-centered-thomson.trycloudflare.com). Relanzando monitor...
[Tue Aug 25 11:06:33 CST 2026] Monitor relanzado (pid 43862)
[Tue Aug 25 11:08:30 CST 2026] OK tunel vivo: https://reserve-theatre-provided-slot.trycloudflare.com
[Tue Aug 25 11:10:29 CST 2026] OK tunel vivo: https://reserve-theatre-provided-slot.trycloudflare.com
[Tue Aug 25 11:12:33 CST 2026] OK tunel vivo: https://reserve-theatre-provided-slot.trycloudflare.com
[Tue Aug 25 11:14:33 CST 2026] OK tunel vivo: https://reserve-theatre-provided-slot.trycloudflare.com
[Tue Aug 25 11:16:29 CST 2026] OK tunel vivo: https://reserve-theatre-provided-slot.trycloudflare.com
[Tue Aug 25 11:18:30 CST 2026] OK tunel vivo: https://reserve-theatre-provided-slot.trycloudflare.com
[Tue Aug 25 11:20:53 CST 2026] OK tunel vivo: https://reserve-theatre-provided-slot.trycloudflare.com
[Tue Aug 25 11:22:31 CST 2026] OK tunel vivo: https://reserve-theatre-provided-slot.trycloudflare.com
[Tue Aug 25 11:24:31 CST 2026] OK tunel vivo: https://reserve-theatre-provided-slot.trycloudflare.com
[Tue Aug 25 11:26:41 CST 2026] OK tunel vivo: https://reserve-theatre-provided-slot.trycloudflare.com
[Tue Aug 25 11:28:40 CST 2026] OK tunel vivo: https://reserve-theatre-provided-slot.trycloudflare.com
[Tue Aug 25 11:30:43 CST 2026] TUNEL CAIDO (https://reserve-theatre-provided-slot.trycloudflare.com). Relanzando monitor...
[Tue Aug 25 11:30:46 CST 2026] Monitor relanzado (pid 45110)
[Tue Aug 25 11:42:35 CST 2026] TUNEL CAIDO (https://elevation-generally-quiz-configuration.trycloudflare.com). Relanzando monitor...
[Tue Aug 25 11:42:38 CST 2026] Monitor relanzado (pid 45778)
[Tue Aug 25 11:45:04 CST 2026] OK tunel vivo: https://rather-competitors-cameras-cakes.trycloudflare.com
[Tue Aug 25 11:48:49 CST 2026] OK tunel vivo: https://rather-competitors-cameras-cakes.trycloudflare.com
[Tue Aug 25 11:50:46 CST 2026] OK tunel vivo: https://rather-competitors-cameras-cakes.trycloudflare.com
[Tue Aug 25 11:52:36 CST 2026] OK tunel vivo: https://rather-competitors-cameras-cakes.trycloudflare.com
[Tue Aug 25 11:54:42 CST 2026] OK tunel vivo: https://rather-competitors-cameras-cakes.trycloudflare.com
[Tue Aug 25 11:56:37 CST 2026] OK tunel vivo: https://rather-competitors-cameras-cakes.trycloudflare.com
[Tue Aug 25 11:58:39 CST 2026] OK tunel vivo: https://rather-competitors-cameras-cakes.trycloudflare.com
[Tue Aug 25 12:00:55 CST 2026] TUNEL CAIDO (https://rather-competitors-cameras-cakes.trycloudflare.com). Relanzando monitor...
[Tue Aug 25 12:00:58 CST 2026] Monitor relanzado (pid 46470)
[Tue Aug 25 12:02:39 CST 2026] OK tunel vivo: https://sure-treat-vbulletin-walt.trycloudflare.com
[Tue Aug 25 12:06:51 CST 2026] OK tunel vivo: https://sure-treat-vbulletin-walt.trycloudflare.com
[Tue Aug 25 12:10:38 CST 2026] OK tunel vivo: https://sure-treat-vbulletin-walt.trycloudflare.com
[Tue Aug 25 12:12:43 CST 2026] OK tunel vivo: https://sure-treat-vbulletin-walt.trycloudflare.com
[Tue Aug 25 12:14:46 CST 2026] OK tunel vivo: https://sure-treat-vbulletin-walt.trycloudflare.com
[Tue Aug 25 12:16:39 CST 2026] OK tunel vivo: https://sure-treat-vbulletin-walt.trycloudflare.com
[Tue Aug 25 12:18:40 CST 2026] OK tunel vivo: https://sure-treat-vbulletin-walt.trycloudflare.com
[Tue Aug 25 12:20:46 CST 2026] OK tunel vivo: https://sure-treat-vbulletin-walt.trycloudflare.com
[Tue Aug 25 12:24:19 CST 2026] OK tunel vivo: https://sure-treat-vbulletin-walt.trycloudflare.com
[Tue Aug 25 12:27:03 CST 2026] OK tunel vivo: https://sure-treat-vbulletin-walt.trycloudflare.com
[Tue Aug 25 12:28:40 CST 2026] OK tunel vivo: https://sure-treat-vbulletin-walt.trycloudflare.com
[Tue Aug 25 12:30:41 CST 2026] OK tunel vivo: https://sure-treat-vbulletin-walt.trycloudflare.com
[Tue Aug 25 12:32:42 CST 2026] OK tunel vivo: https://sure-treat-vbulletin-walt.trycloudflare.com
[Tue Aug 25 12:34:42 CST 2026] OK tunel vivo: https://sure-treat-vbulletin-walt.trycloudflare.com
[Tue Aug 25 12:36:58 CST 2026] OK tunel vivo: https://sure-treat-vbulletin-walt.trycloudflare.com
[Tue Aug 25 12:38:45 CST 2026] OK tunel vivo: https://sure-treat-vbulletin-walt.trycloudflare.com
[Tue Aug 25 12:40:48 CST 2026] OK tunel vivo: https://sure-treat-vbulletin-walt.trycloudflare.com
[Tue Aug 25 12:42:44 CST 2026] OK tunel vivo: https://sure-treat-vbulletin-walt.trycloudflare.com
[Tue Aug 25 12:44:44 CST 2026] OK tunel vivo: https://sure-treat-vbulletin-walt.trycloudflare.com
[Tue Aug 25 12:48:43 CST 2026] OK tunel vivo: https://sure-treat-vbulletin-walt.trycloudflare.com
[Tue Aug 25 12:50:43 CST 2026] OK tunel vivo: https://sure-treat-vbulletin-walt.trycloudflare.com
[Tue Aug 25 12:52:45 CST 2026] OK tunel vivo: https://sure-treat-vbulletin-walt.trycloudflare.com
[Tue Aug 25 12:54:45 CST 2026] OK tunel vivo: https://sure-treat-vbulletin-walt.trycloudflare.com
[Tue Aug 25 12:58:59 CST 2026] TUNEL CAIDO (https://sure-treat-vbulletin-walt.trycloudflare.com). Relanzando monitor...
[Tue Aug 25 12:59:01 CST 2026] Monitor relanzado (pid 48410)
[Tue Aug 25 13:00:49 CST 2026] TUNEL CAIDO (https://slides-checking-franchise-orders.trycloudflare.com). Relanzando monitor...
[Tue Aug 25 13:00:51 CST 2026] Monitor relanzado (pid 48539)
[Tue Aug 25 13:04:20 CST 2026] OK tunel vivo: https://guru-periodically-referral-celebs.trycloudflare.com
[Tue Aug 25 13:06:47 CST 2026] OK tunel vivo: https://guru-periodically-referral-celebs.trycloudflare.com
[Tue Aug 25 13:11:01 CST 2026] TUNEL CAIDO (https://guru-periodically-referral-celebs.trycloudflare.com). Relanzando monitor...
[Tue Aug 25 13:11:03 CST 2026] Monitor relanzado (pid 48942)
[Tue Aug 25 13:14:51 CST 2026] OK tunel vivo: https://overhead-counts-resolutions-fireplace.trycloudflare.com
[Tue Aug 25 13:16:53 CST 2026] OK tunel vivo: https://overhead-counts-resolutions-fireplace.trycloudflare.com
[Tue Aug 25 13:20:51 CST 2026] TUNEL CAIDO (https://overhead-counts-resolutions-fireplace.trycloudflare.com). Relanzando monitor...
[Tue Aug 25 13:20:53 CST 2026] Monitor relanzado (pid 49365)
[Tue Aug 25 13:22:54 CST 2026] OK tunel vivo: https://defence-telephone-contacted-oct.trycloudflare.com
[Tue Aug 25 13:24:49 CST 2026] OK tunel vivo: https://defence-telephone-contacted-oct.trycloudflare.com
[Tue Aug 25 13:28:54 CST 2026] OK tunel vivo: https://defence-telephone-contacted-oct.trycloudflare.com
[Tue Aug 25 13:30:53 CST 2026] OK tunel vivo: https://defence-telephone-contacted-oct.trycloudflare.com
[Tue Aug 25 13:32:50 CST 2026] OK tunel vivo: https://defence-telephone-contacted-oct.trycloudflare.com
[Tue Aug 25 13:34:50 CST 2026] OK tunel vivo: https://defence-telephone-contacted-oct.trycloudflare.com
[Tue Aug 25 13:36:54 CST 2026] OK tunel vivo: https://defence-telephone-contacted-oct.trycloudflare.com
[Tue Aug 25 13:39:00 CST 2026] OK tunel vivo: https://defence-telephone-contacted-oct.trycloudflare.com
[Tue Aug 25 13:40:55 CST 2026] OK tunel vivo: https://defence-telephone-contacted-oct.trycloudflare.com
[Tue Aug 25 13:42:52 CST 2026] OK tunel vivo: https://defence-telephone-contacted-oct.trycloudflare.com
[Tue Aug 25 13:44:58 CST 2026] OK tunel vivo: https://defence-telephone-contacted-oct.trycloudflare.com
[Tue Aug 25 13:46:53 CST 2026] OK tunel vivo: https://defence-telephone-contacted-oct.trycloudflare.com
[Tue Aug 25 13:49:05 CST 2026] OK tunel vivo: https://defence-telephone-contacted-oct.trycloudflare.com
[Tue Aug 25 13:50:56 CST 2026] OK tunel vivo: https://defence-telephone-contacted-oct.trycloudflare.com
[Tue Aug 25 13:54:53 CST 2026] OK tunel vivo: https://defence-telephone-contacted-oct.trycloudflare.com
[Tue Aug 25 13:57:11 CST 2026] OK tunel vivo: https://defence-telephone-contacted-oct.trycloudflare.com
[Tue Aug 25 13:58:55 CST 2026] OK tunel vivo: https://defence-telephone-contacted-oct.trycloudflare.com
[Tue Aug 25 14:01:17 CST 2026] TUNEL CAIDO (https://defence-telephone-contacted-oct.trycloudflare.com). Relanzando monitor...
[Tue Aug 25 14:01:19 CST 2026] Monitor relanzado (pid 51242)
[Tue Aug 25 14:05:12 CST 2026] OK tunel vivo: https://hydrogen-accommodation-practitioner-cheque.trycloudflare.com
[Tue Aug 25 14:06:56 CST 2026] OK tunel vivo: https://hydrogen-accommodation-practitioner-cheque.trycloudflare.com
[Tue Aug 25 14:09:28 CST 2026] TUNEL CAIDO (https://hydrogen-accommodation-practitioner-cheque.trycloudflare.com). Relanzando monitor...
[Tue Aug 25 14:09:34 CST 2026] Monitor relanzado (pid 53119)
[Tue Aug 25 14:15:09 CST 2026] TUNEL CAIDO (https://merchants-mate-peter-maiden.trycloudflare.com). Relanzando monitor...
[Tue Aug 25 14:15:11 CST 2026] Monitor relanzado (pid 54112)
[Tue Aug 25 14:19:15 CST 2026] TUNEL CAIDO (https://arrival-runtime-beyond-ddr.trycloudflare.com). Relanzando monitor...
[Tue Aug 25 14:19:17 CST 2026] Monitor relanzado (pid 54399)
[Tue Aug 25 14:21:05 CST 2026] OK tunel vivo: https://submitting-biographies-royal-lines.trycloudflare.com
[Tue Aug 25 14:23:07 CST 2026] OK tunel vivo: https://submitting-biographies-royal-lines.trycloudflare.com
[Tue Aug 25 14:25:16 CST 2026] OK tunel vivo: https://submitting-biographies-royal-lines.trycloudflare.com
[Tue Aug 25 14:27:09 CST 2026] OK tunel vivo: https://submitting-biographies-royal-lines.trycloudflare.com
[Tue Aug 25 14:29:11 CST 2026] OK tunel vivo: https://submitting-biographies-royal-lines.trycloudflare.com
[Tue Aug 25 14:31:09 CST 2026] OK tunel vivo: https://submitting-biographies-royal-lines.trycloudflare.com
[Tue Aug 25 14:33:11 CST 2026] TUNEL CAIDO (https://submitting-biographies-royal-lines.trycloudflare.com). Relanzando monitor...
[Tue Aug 25 14:33:14 CST 2026] Monitor relanzado (pid 58150)
[Tue Aug 25 14:35:12 CST 2026] OK tunel vivo: https://engines-directory-mai-please.trycloudflare.com
[Tue Aug 25 14:39:08 CST 2026] OK tunel vivo: https://engines-directory-mai-please.trycloudflare.com
[Tue Aug 25 14:41:12 CST 2026] OK tunel vivo: https://engines-directory-mai-please.trycloudflare.com
[Tue Aug 25 14:43:12 CST 2026] TUNEL CAIDO (https://engines-directory-mai-please.trycloudflare.com). Relanzando monitor...
[Tue Aug 25 14:43:14 CST 2026] Monitor relanzado (pid 58691)
[Tue Aug 25 14:46:42 CST 2026] OK tunel vivo: https://celebrities-tactics-feelings-state.trycloudflare.com
[Tue Aug 25 14:49:32 CST 2026] OK tunel vivo: https://celebrities-tactics-feelings-state.trycloudflare.com
[Tue Aug 25 14:55:22 CST 2026] OK tunel vivo: https://celebrities-tactics-feelings-state.trycloudflare.com
[Tue Aug 25 14:56:23 CST 2026] OK tunel vivo: https://celebrities-tactics-feelings-state.trycloudflare.com
[Tue Aug 25 14:58:14 CST 2026] OK tunel vivo: https://celebrities-tactics-feelings-state.trycloudflare.com
[Tue Aug 25 15:00:17 CST 2026] TUNEL CAIDO (https://celebrities-tactics-feelings-state.trycloudflare.com). Relanzando monitor...
[Tue Aug 25 15:00:19 CST 2026] Monitor relanzado (pid 59948)
[Tue Aug 25 15:02:18 CST 2026] OK tunel vivo: https://russia-musical-speakers-determine.trycloudflare.com
[Tue Aug 25 15:04:16 CST 2026] TUNEL CAIDO (https://russia-musical-speakers-determine.trycloudflare.com). Relanzando monitor...
[Tue Aug 25 15:04:18 CST 2026] Monitor relanzado (pid 60352)
[Tue Aug 25 15:06:23 CST 2026] TUNEL CAIDO (https://photographers-luggage-should-doctrine.trycloudflare.com). Relanzando monitor...
[Tue Aug 25 15:06:26 CST 2026] Monitor relanzado (pid 60549)
[Tue Aug 25 15:08:23 CST 2026] TUNEL CAIDO (https://surround-and-renaissance-richmond.trycloudflare.com). Relanzando monitor...
[Tue Aug 25 15:08:25 CST 2026] Monitor relanzado (pid 60744)
[Tue Aug 25 15:10:36 CST 2026] OK tunel vivo: https://hardwood-highs-driving-grades.trycloudflare.com
[Tue Aug 25 15:12:14 CST 2026] OK tunel vivo: https://hardwood-highs-driving-grades.trycloudflare.com
[Tue Aug 25 15:14:17 CST 2026] TUNEL CAIDO (https://hardwood-highs-driving-grades.trycloudflare.com). Relanzando monitor...
[Tue Aug 25 15:14:20 CST 2026] Monitor relanzado (pid 61135)
[Tue Aug 25 15:17:54 CST 2026] TUNEL CAIDO (https://consortium-vegetable-deluxe-calling.trycloudflare.com). Relanzando monitor...
[Tue Aug 25 15:17:57 CST 2026] Monitor relanzado (pid 62246)
[Tue Aug 25 15:20:28 CST 2026] TUNEL CAIDO (https://consent-ict-stan-extends.trycloudflare.com). Relanzando monitor...
[Tue Aug 25 15:20:30 CST 2026] Monitor relanzado (pid 62410)
[Tue Aug 25 15:22:31 CST 2026] TUNEL CAIDO (https://luggage-safer-sofa-refresh.trycloudflare.com). Relanzando monitor...
[Tue Aug 25 15:22:33 CST 2026] Monitor relanzado (pid 62717)
[Tue Aug 25 15:24:18 CST 2026] TUNEL CAIDO (https://liquid-program-long-plate.trycloudflare.com). Relanzando monitor...
[Tue Aug 25 15:24:20 CST 2026] Monitor relanzado (pid 63095)
[Tue Aug 25 15:26:18 CST 2026] TUNEL CAIDO (https://indexes-pioneer-wheel-ages.trycloudflare.com). Relanzando monitor...
[Tue Aug 25 15:26:20 CST 2026] Monitor relanzado (pid 63738)
[Tue Aug 25 15:38:24 CST 2026] TUNEL CAIDO (https://lips-mark-staying-allowed.trycloudflare.com). Relanzando monitor...
[Tue Aug 25 15:38:26 CST 2026] Monitor relanzado (pid 66760)
[Tue Aug 25 15:42:16 CST 2026] OK tunel vivo: https://lips-mark-staying-allowed.trycloudflare.com
[Tue Aug 25 15:54:26 CST 2026] OK tunel vivo: https://calculations-pastor-cover-dressing.trycloudflare.com
[Tue Aug 25 15:56:19 CST 2026] OK tunel vivo: https://calculations-pastor-cover-dressing.trycloudflare.com
[Tue Aug 25 15:58:21 CST 2026] TUNEL CAIDO (https://calculations-pastor-cover-dressing.trycloudflare.com). Relanzando monitor...
[Tue Aug 25 15:58:24 CST 2026] Monitor relanzado (pid 69277)
[Tue Aug 25 16:00:32 CST 2026] OK tunel vivo: https://yamaha-pension-choose-endif.trycloudflare.com
[Tue Aug 25 16:02:23 CST 2026] TUNEL CAIDO (https://yamaha-pension-choose-endif.trycloudflare.com). Relanzando monitor...
[Tue Aug 25 16:02:25 CST 2026] Monitor relanzado (pid 69681)
[Tue Aug 25 16:04:20 CST 2026] OK tunel vivo: https://limousines-tune-cannon-naturally.trycloudflare.com
[Tue Aug 25 16:06:21 CST 2026] OK tunel vivo: https://limousines-tune-cannon-naturally.trycloudflare.com
[Tue Aug 25 16:10:26 CST 2026] OK tunel vivo: https://limousines-tune-cannon-naturally.trycloudflare.com
[Tue Aug 25 16:12:18 CST 2026] OK tunel vivo: https://limousines-tune-cannon-naturally.trycloudflare.com
[Tue Aug 25 16:14:18 CST 2026] OK tunel vivo: https://limousines-tune-cannon-naturally.trycloudflare.com
[Tue Aug 25 16:16:19 CST 2026] OK tunel vivo: https://limousines-tune-cannon-naturally.trycloudflare.com
[Tue Aug 25 16:18:19 CST 2026] OK tunel vivo: https://limousines-tune-cannon-naturally.trycloudflare.com
[Tue Aug 25 16:20:28 CST 2026] OK tunel vivo: https://limousines-tune-cannon-naturally.trycloudflare.com
[Tue Aug 25 16:22:17 CST 2026] OK tunel vivo: https://limousines-tune-cannon-naturally.trycloudflare.com
[Tue Aug 25 16:24:16 CST 2026] OK tunel vivo: https://limousines-tune-cannon-naturally.trycloudflare.com
[Tue Aug 25 16:26:25 CST 2026] OK tunel vivo: https://limousines-tune-cannon-naturally.trycloudflare.com
[Tue Aug 25 16:28:28 CST 2026] OK tunel vivo: https://limousines-tune-cannon-naturally.trycloudflare.com
[Tue Aug 25 16:30:20 CST 2026] OK tunel vivo: https://limousines-tune-cannon-naturally.trycloudflare.com
[Tue Aug 25 16:32:18 CST 2026] OK tunel vivo: https://limousines-tune-cannon-naturally.trycloudflare.com
[Tue Aug 25 16:34:31 CST 2026] OK tunel vivo: https://limousines-tune-cannon-naturally.trycloudflare.com
[Tue Aug 25 16:37:53 CST 2026] OK tunel vivo: https://limousines-tune-cannon-naturally.trycloudflare.com
[Tue Aug 25 16:40:20 CST 2026] OK tunel vivo: https://limousines-tune-cannon-naturally.trycloudflare.com
[Tue Aug 25 16:42:35 CST 2026] TUNEL CAIDO (https://limousines-tune-cannon-naturally.trycloudflare.com). Relanzando monitor...
[Tue Aug 25 16:42:38 CST 2026] Monitor relanzado (pid 72291)
[Tue Aug 25 16:45:58 CST 2026] TUNEL CAIDO (https://millennium-negotiations-desired-kruger.trycloudflare.com). Relanzando monitor...
[Tue Aug 25 16:46:00 CST 2026] Monitor relanzado (pid 72660)
[Tue Aug 25 16:48:27 CST 2026] TUNEL CAIDO (https://sms-thanks-donations-useful.trycloudflare.com). Relanzando monitor...
[Tue Aug 25 16:48:29 CST 2026] Monitor relanzado (pid 73468)
[Tue Aug 25 16:52:26 CST 2026] TUNEL CAIDO (https://advantage-italia-describes-their.trycloudflare.com). Relanzando monitor...
[Tue Aug 25 16:52:28 CST 2026] Monitor relanzado (pid 74303)
[Tue Aug 25 16:54:29 CST 2026] TUNEL CAIDO (https://berlin-phil-investigate-genres.trycloudflare.com). Relanzando monitor...
[Tue Aug 25 16:54:32 CST 2026] Monitor relanzado (pid 74687)
[Tue Aug 25 16:58:27 CST 2026] TUNEL CAIDO (https://sponsors-shorts-tell-virgin.trycloudflare.com). Relanzando monitor...
[Tue Aug 25 16:58:29 CST 2026] Monitor relanzado (pid 75282)
[Tue Aug 25 17:02:25 CST 2026] OK tunel vivo: https://halifax-stanley-gordon-general.trycloudflare.com
[Tue Aug 25 17:06:25 CST 2026] OK tunel vivo: https://halifax-stanley-gordon-general.trycloudflare.com
[Tue Aug 25 17:10:13 CST 2026] OK tunel vivo: https://halifax-stanley-gordon-general.trycloudflare.com
[Tue Aug 25 17:12:11 CST 2026] OK tunel vivo: https://halifax-stanley-gordon-general.trycloudflare.com
[Tue Aug 25 17:14:16 CST 2026] OK tunel vivo: https://halifax-stanley-gordon-general.trycloudflare.com
[Tue Aug 25 17:16:18 CST 2026] OK tunel vivo: https://halifax-stanley-gordon-general.trycloudflare.com
[Tue Aug 25 17:18:26 CST 2026] OK tunel vivo: https://halifax-stanley-gordon-general.trycloudflare.com
[Tue Aug 25 17:20:25 CST 2026] OK tunel vivo: https://halifax-stanley-gordon-general.trycloudflare.com
[Tue Aug 25 17:22:12 CST 2026] OK tunel vivo: https://halifax-stanley-gordon-general.trycloudflare.com
[Tue Aug 25 17:24:21 CST 2026] TUNEL CAIDO (https://halifax-stanley-gordon-general.trycloudflare.com). Relanzando monitor...
[Tue Aug 25 17:24:23 CST 2026] Monitor relanzado (pid 77223)
[Tue Aug 25 17:32:15 CST 2026] OK tunel vivo: https://smaller-congressional-jay-mens.trycloudflare.com
[Tue Aug 25 17:34:22 CST 2026] OK tunel vivo: https://smaller-congressional-jay-mens.trycloudflare.com
[Tue Aug 25 17:36:19 CST 2026] TUNEL CAIDO (https://smaller-congressional-jay-mens.trycloudflare.com). Relanzando monitor...
[Tue Aug 25 17:36:21 CST 2026] Monitor relanzado (pid 77951)
[Tue Aug 25 17:38:30 CST 2026] OK tunel vivo: https://wed-reproduce-rca-spy.trycloudflare.com
[Tue Aug 25 17:40:37 CST 2026] TUNEL CAIDO (https://wed-reproduce-rca-spy.trycloudflare.com). Relanzando monitor...
[Tue Aug 25 17:40:39 CST 2026] Monitor relanzado (pid 78306)
[Tue Aug 25 17:42:26 CST 2026] OK tunel vivo: https://advisor-msie-dress-retreat.trycloudflare.com
[Tue Aug 25 17:44:48 CST 2026] OK tunel vivo: https://advisor-msie-dress-retreat.trycloudflare.com
[Tue Aug 25 17:46:24 CST 2026] TUNEL CAIDO (https://advisor-msie-dress-retreat.trycloudflare.com). Relanzando monitor...
[Tue Aug 25 17:46:27 CST 2026] Monitor relanzado (pid 78719)
[Tue Aug 25 17:48:20 CST 2026] TUNEL CAIDO (https://yet-powder-penetration-reserve.trycloudflare.com). Relanzando monitor...
[Tue Aug 25 17:48:22 CST 2026] Monitor relanzado (pid 78884)
[Tue Aug 25 17:50:40 CST 2026] OK tunel vivo: https://representatives-updating-andy-commons.trycloudflare.com
[Tue Aug 25 17:52:25 CST 2026] TUNEL CAIDO (https://representatives-updating-andy-commons.trycloudflare.com). Relanzando monitor...
[Tue Aug 25 17:52:27 CST 2026] Monitor relanzado (pid 79241)
[Tue Aug 25 17:54:21 CST 2026] TUNEL CAIDO (https://rico-class-regarding-johns.trycloudflare.com). Relanzando monitor...
[Tue Aug 25 17:54:24 CST 2026] Monitor relanzado (pid 79577)
[Tue Aug 25 17:56:26 CST 2026] TUNEL CAIDO (https://extraordinary-cabinets-charges-organizing.trycloudflare.com). Relanzando monitor...
[Tue Aug 25 17:56:29 CST 2026] Monitor relanzado (pid 79814)
[Tue Aug 25 17:58:33 CST 2026] TUNEL CAIDO (https://shipment-biotechnology-authentic-advised.trycloudflare.com). Relanzando monitor...
[Tue Aug 25 17:58:37 CST 2026] Monitor relanzado (pid 80559)
[Tue Aug 25 18:00:47 CST 2026] TUNEL CAIDO (https://lately-aurora-tag-holmes.trycloudflare.com). Relanzando monitor...
[Tue Aug 25 18:00:49 CST 2026] Monitor relanzado (pid 80928)
[Tue Aug 25 18:04:32 CST 2026] OK tunel vivo: https://translation-soul-snowboard-commissioner.trycloudflare.com
[Tue Aug 25 18:06:24 CST 2026] OK tunel vivo: https://translation-soul-snowboard-commissioner.trycloudflare.com
[Tue Aug 25 18:10:06 CST 2026] TUNEL CAIDO (https://translation-soul-snowboard-commissioner.trycloudflare.com). Relanzando monitor...
[Tue Aug 25 18:10:10 CST 2026] Monitor relanzado (pid 82546)
[Tue Aug 25 18:12:52 CST 2026] TUNEL CAIDO (https://pace-paint-donor-submitting.trycloudflare.com). Relanzando monitor...
[Tue Aug 25 18:12:54 CST 2026] Monitor relanzado (pid 83617)
[Tue Aug 25 18:14:29 CST 2026] OK tunel vivo: https://gap-currency-fisheries-robinson.trycloudflare.com
[Tue Aug 25 18:18:08 CST 2026] OK tunel vivo: https://gap-currency-fisheries-robinson.trycloudflare.com
[Tue Aug 25 18:20:33 CST 2026] OK tunel vivo: https://gap-currency-fisheries-robinson.trycloudflare.com
[Tue Aug 25 18:22:29 CST 2026] OK tunel vivo: https://gap-currency-fisheries-robinson.trycloudflare.com
[Tue Aug 25 18:25:12 CST 2026] OK tunel vivo: https://gap-currency-fisheries-robinson.trycloudflare.com
[Tue Aug 25 18:26:13 CST 2026] OK tunel vivo: https://gap-currency-fisheries-robinson.trycloudflare.com
[Tue Aug 25 18:28:12 CST 2026] OK tunel vivo: https://gap-currency-fisheries-robinson.trycloudflare.com
[Tue Aug 25 18:30:12 CST 2026] OK tunel vivo: https://gap-currency-fisheries-robinson.trycloudflare.com
[Tue Aug 25 18:32:11 CST 2026] OK tunel vivo: https://gap-currency-fisheries-robinson.trycloudflare.com
[Tue Aug 25 18:35:26 CST 2026] TUNEL CAIDO (https://gap-currency-fisheries-robinson.trycloudflare.com). Relanzando monitor...
[Tue Aug 25 18:35:28 CST 2026] Monitor relanzado (pid 85547)
[Tue Aug 25 18:38:14 CST 2026] OK tunel vivo: https://monroe-unity-lawsuit-benefit.trycloudflare.com
[Tue Aug 25 18:41:06 CST 2026] TUNEL CAIDO (https://monroe-unity-lawsuit-benefit.trycloudflare.com). Relanzando monitor...
[Tue Aug 25 18:41:08 CST 2026] Monitor relanzado (pid 85976)
[Tue Aug 25 18:42:32 CST 2026] OK tunel vivo: https://customs-desperate-module-stakeholders.trycloudflare.com
[Tue Aug 25 18:46:23 CST 2026] OK tunel vivo: https://customs-desperate-module-stakeholders.trycloudflare.com
[Tue Aug 25 18:48:12 CST 2026] OK tunel vivo: https://customs-desperate-module-stakeholders.trycloudflare.com
[Tue Aug 25 18:50:18 CST 2026] TUNEL CAIDO (https://customs-desperate-module-stakeholders.trycloudflare.com). Relanzando monitor...
[Tue Aug 25 18:50:21 CST 2026] Monitor relanzado (pid 86841)
[Tue Aug 25 18:52:11 CST 2026] OK tunel vivo: https://picked-donate-parties-amongst.trycloudflare.com
[Tue Aug 25 18:54:13 CST 2026] OK tunel vivo: https://picked-donate-parties-amongst.trycloudflare.com
[Tue Aug 25 18:56:30 CST 2026] OK tunel vivo: https://picked-donate-parties-amongst.trycloudflare.com
[Tue Aug 25 18:58:11 CST 2026] OK tunel vivo: https://picked-donate-parties-amongst.trycloudflare.com
[Tue Aug 25 19:10:41 CST 2026] OK tunel vivo: https://picked-donate-parties-amongst.trycloudflare.com
[Tue Aug 25 19:13:02 CST 2026] OK tunel vivo: https://picked-donate-parties-amongst.trycloudflare.com
[Tue Aug 25 19:14:45 CST 2026] TUNEL CAIDO (https://picked-donate-parties-amongst.trycloudflare.com). Relanzando monitor...
[Tue Aug 25 19:14:47 CST 2026] Monitor relanzado (pid 88026)
[Tue Aug 25 19:16:48 CST 2026] TUNEL CAIDO (https://prisoners-violin-princess-gravity.trycloudflare.com). Relanzando monitor...
[Tue Aug 25 19:16:50 CST 2026] Monitor relanzado (pid 88183)
[Tue Aug 25 19:19:54 CST 2026] OK tunel vivo: https://signed-controller-weed-donations.trycloudflare.com
[Tue Aug 25 19:22:51 CST 2026] TUNEL CAIDO (https://signed-controller-weed-donations.trycloudflare.com). Relanzando monitor...
[Tue Aug 25 19:22:53 CST 2026] Monitor relanzado (pid 88676)
[Tue Aug 25 19:24:38 CST 2026] OK tunel vivo: https://activists-musical-descending-affair.trycloudflare.com
[Tue Aug 25 19:28:13 CST 2026] OK tunel vivo: https://activists-musical-descending-affair.trycloudflare.com
[Tue Aug 25 19:30:41 CST 2026] TUNEL CAIDO (https://activists-musical-descending-affair.trycloudflare.com). Relanzando monitor...
[Tue Aug 25 19:30:44 CST 2026] Monitor relanzado (pid 89169)
[Tue Aug 25 19:32:38 CST 2026] OK tunel vivo: https://instance-forty-dana-cst.trycloudflare.com
[Tue Aug 25 19:34:40 CST 2026] TUNEL CAIDO (https://instance-forty-dana-cst.trycloudflare.com). Relanzando monitor...
[Tue Aug 25 19:34:42 CST 2026] Monitor relanzado (pid 89645)
[Tue Aug 25 19:36:39 CST 2026] TUNEL CAIDO (https://douglas-score-pope-instructional.trycloudflare.com). Relanzando monitor...
[Tue Aug 25 19:36:41 CST 2026] Monitor relanzado (pid 89826)
[Tue Aug 25 19:38:47 CST 2026] OK tunel vivo: https://listed-ata-seattle-chassis.trycloudflare.com
[Tue Aug 25 19:40:39 CST 2026] TUNEL CAIDO (https://listed-ata-seattle-chassis.trycloudflare.com). Relanzando monitor...
[Tue Aug 25 19:40:42 CST 2026] Monitor relanzado (pid 90647)
[Tue Aug 25 19:43:10 CST 2026] TUNEL CAIDO (https://victorian-showing-courtesy-euros.trycloudflare.com). Relanzando monitor...
[Tue Aug 25 19:43:13 CST 2026] Monitor relanzado (pid 91192)
[Tue Aug 25 19:48:22 CST 2026] TUNEL CAIDO (https://firmware-institution-geography-apparent.trycloudflare.com). Relanzando monitor...
[Tue Aug 25 19:48:24 CST 2026] Monitor relanzado (pid 92924)
[Tue Aug 25 19:50:26 CST 2026] TUNEL CAIDO (https://clarity-congress-franchise-bend.trycloudflare.com). Relanzando monitor...
[Tue Aug 25 19:50:28 CST 2026] Monitor relanzado (pid 93135)
[Tue Aug 25 19:52:17 CST 2026] TUNEL CAIDO (https://telephony-meters-steven-peace.trycloudflare.com). Relanzando monitor...
[Tue Aug 25 19:52:19 CST 2026] Monitor relanzado (pid 93272)
[Tue Aug 25 19:54:22 CST 2026] TUNEL CAIDO (https://coast-demands-signatures-beth.trycloudflare.com). Relanzando monitor...
[Tue Aug 25 19:54:25 CST 2026] Monitor relanzado (pid 93424)
[Tue Aug 25 19:56:24 CST 2026] TUNEL CAIDO (https://sell-continuity-insulation-securities.trycloudflare.com). Relanzando monitor...
[Tue Aug 25 19:56:26 CST 2026] Monitor relanzado (pid 93570)
[Tue Aug 25 19:58:16 CST 2026] TUNEL CAIDO (https://approval-place-dom-ones.trycloudflare.com). Relanzando monitor...
[Tue Aug 25 19:58:18 CST 2026] Monitor relanzado (pid 93718)
[Tue Aug 25 20:00:26 CST 2026] TUNEL CAIDO (https://inter-drink-housewares-eleven.trycloudflare.com). Relanzando monitor...
[Tue Aug 25 20:00:28 CST 2026] Monitor relanzado (pid 93866)
[Tue Aug 25 20:10:12 CST 2026] TUNEL CAIDO (https://crossword-historic-engine-summaries.trycloudflare.com). Relanzando monitor...
[Tue Aug 25 20:10:14 CST 2026] Monitor relanzado (pid 94350)
[Tue Aug 25 20:14:17 CST 2026] TUNEL CAIDO (https://prev-scheduling-counties-signatures.trycloudflare.com). Relanzando monitor...
[Tue Aug 25 20:14:19 CST 2026] Monitor relanzado (pid 94577)
[Tue Aug 25 20:16:27 CST 2026] TUNEL CAIDO (https://considerable-proven-booth-wooden.trycloudflare.com). Relanzando monitor...
[Tue Aug 25 20:16:30 CST 2026] Monitor relanzado (pid 94953)
[Tue Aug 25 20:22:37 CST 2026] OK tunel vivo: https://avatar-jerusalem-prince-processor.trycloudflare.com
[Tue Aug 25 20:24:19 CST 2026] OK tunel vivo: https://avatar-jerusalem-prince-processor.trycloudflare.com
[Tue Aug 25 20:26:20 CST 2026] TUNEL CAIDO (https://avatar-jerusalem-prince-processor.trycloudflare.com). Relanzando monitor...
[Tue Aug 25 20:26:22 CST 2026] Monitor relanzado (pid 95613)
[Tue Aug 25 20:30:18 CST 2026] TUNEL CAIDO (https://premium-homework-assigned-sounds.trycloudflare.com). Relanzando monitor...
[Tue Aug 25 20:30:21 CST 2026] Monitor relanzado (pid 95995)
[Tue Aug 25 20:32:48 CST 2026] TUNEL CAIDO (https://constructed-modem-icons-repeat.trycloudflare.com). Relanzando monitor...
[Tue Aug 25 20:32:52 CST 2026] Monitor relanzado (pid 96318)
[Tue Aug 25 20:36:28 CST 2026] TUNEL CAIDO (https://employer-programs-generator-hockey.trycloudflare.com). Relanzando monitor...
[Tue Aug 25 20:36:30 CST 2026] Monitor relanzado (pid 96705)
[Tue Aug 25 20:38:26 CST 2026] TUNEL CAIDO (https://telephone-complement-discuss-advisor.trycloudflare.com). Relanzando monitor...
[Tue Aug 25 20:38:28 CST 2026] Monitor relanzado (pid 96955)
[Tue Aug 25 20:40:24 CST 2026] TUNEL CAIDO (https://usgs-dental-evening-moves.trycloudflare.com). Relanzando monitor...
[Tue Aug 25 20:40:26 CST 2026] Monitor relanzado (pid 97213)
[Tue Aug 25 20:42:25 CST 2026] TUNEL CAIDO (https://subsection-warrior-flowers-thorough.trycloudflare.com). Relanzando monitor...
[Tue Aug 25 20:42:27 CST 2026] Monitor relanzado (pid 97461)
[Tue Aug 25 20:44:26 CST 2026] TUNEL CAIDO (https://wedding-tough-knives-black.trycloudflare.com). Relanzando monitor...
[Tue Aug 25 20:44:28 CST 2026] Monitor relanzado (pid 97789)
[Tue Aug 25 20:46:37 CST 2026] TUNEL CAIDO (https://radios-deleted-postal-consisting.trycloudflare.com). Relanzando monitor...
[Tue Aug 25 20:46:40 CST 2026] Monitor relanzado (pid 98032)
[Tue Aug 25 20:48:37 CST 2026] TUNEL CAIDO (https://dependence-opinion-nelson-candles.trycloudflare.com). Relanzando monitor...
[Tue Aug 25 20:48:39 CST 2026] Monitor relanzado (pid 98219)
[Tue Aug 25 20:52:35 CST 2026] TUNEL CAIDO (https://kurt-eugene-sport-harmony.trycloudflare.com). Relanzando monitor...
[Tue Aug 25 20:52:38 CST 2026] Monitor relanzado (pid 98550)
[Tue Aug 25 20:54:27 CST 2026] OK tunel vivo: https://immediate-indoor-career-illustration.trycloudflare.com
[Tue Aug 25 20:57:36 CST 2026] TUNEL CAIDO (https://immediate-indoor-career-illustration.trycloudflare.com). Relanzando monitor...
[Tue Aug 25 20:57:39 CST 2026] Monitor relanzado (pid 99246)
[Tue Aug 25 21:00:32 CST 2026] TUNEL CAIDO (https://william-progressive-recorder-turns.trycloudflare.com). Relanzando monitor...
[Tue Aug 25 21:00:35 CST 2026] Monitor relanzado (pid 142)
[Tue Aug 25 21:04:36 CST 2026] TUNEL CAIDO (https://resulting-depth-mentor-battle.trycloudflare.com). Relanzando monitor...
[Tue Aug 25 21:04:38 CST 2026] Monitor relanzado (pid 1496)
[Tue Aug 25 21:06:43 CST 2026] TUNEL CAIDO (https://citizenship-earn-begun-conferences.trycloudflare.com). Relanzando monitor...
[Tue Aug 25 21:06:45 CST 2026] Monitor relanzado (pid 1693)
[Tue Aug 25 21:08:28 CST 2026] TUNEL CAIDO (https://burst-bonus-provinces-territories.trycloudflare.com). Relanzando monitor...
[Tue Aug 25 21:08:30 CST 2026] Monitor relanzado (pid 1858)
[Tue Aug 25 21:10:30 CST 2026] TUNEL CAIDO (https://reverse-likewise-available-chains.trycloudflare.com). Relanzando monitor...
[Tue Aug 25 21:10:32 CST 2026] Monitor relanzado (pid 2053)
[Tue Aug 25 21:12:31 CST 2026] TUNEL CAIDO (https://argue-movement-newman-restrict.trycloudflare.com). Relanzando monitor...
[Tue Aug 25 21:12:33 CST 2026] Monitor relanzado (pid 2245)
[Tue Aug 25 21:14:31 CST 2026] TUNEL CAIDO (https://casio-representations-above-poet.trycloudflare.com). Relanzando monitor...
[Tue Aug 25 21:14:33 CST 2026] Monitor relanzado (pid 2425)
[Tue Aug 25 21:16:36 CST 2026] TUNEL CAIDO (https://racing-distribute-enjoyed-hundred.trycloudflare.com). Relanzando monitor...
[Tue Aug 25 21:16:38 CST 2026] Monitor relanzado (pid 2555)
[Tue Aug 25 21:20:35 CST 2026] TUNEL CAIDO (https://retirement-edmonton-ghz-arkansas.trycloudflare.com). Relanzando monitor...
[Tue Aug 25 21:20:37 CST 2026] Monitor relanzado (pid 2812)
[Tue Aug 25 21:22:34 CST 2026] TUNEL CAIDO (https://contains-cornwall-batteries-alert.trycloudflare.com). Relanzando monitor...
[Tue Aug 25 21:22:37 CST 2026] Monitor relanzado (pid 2994)
[Tue Aug 25 21:26:31 CST 2026] TUNEL CAIDO (https://sydney-mode-spine-selected.trycloudflare.com). Relanzando monitor...
[Tue Aug 25 21:26:33 CST 2026] Monitor relanzado (pid 3286)
[Tue Aug 25 21:30:30 CST 2026] TUNEL CAIDO (https://invision-transition-brown-organisms.trycloudflare.com). Relanzando monitor...
[Tue Aug 25 21:30:32 CST 2026] Monitor relanzado (pid 4051)
[Tue Aug 25 21:34:30 CST 2026] TUNEL CAIDO (https://exercises-historical-accounting-johnny.trycloudflare.com). Relanzando monitor...
[Tue Aug 25 21:34:32 CST 2026] Monitor relanzado (pid 4415)
[Tue Aug 25 21:36:32 CST 2026] TUNEL CAIDO (https://educational-pulled-hotel-idle.trycloudflare.com). Relanzando monitor...
[Tue Aug 25 21:36:34 CST 2026] Monitor relanzado (pid 4546)
[Tue Aug 25 21:38:32 CST 2026] TUNEL CAIDO (https://currency-old-lens-cgi.trycloudflare.com). Relanzando monitor...
[Tue Aug 25 21:38:34 CST 2026] Monitor relanzado (pid 4671)
[Tue Aug 25 21:40:31 CST 2026] TUNEL CAIDO (https://slots-newer-adjusted-invite.trycloudflare.com). Relanzando monitor...
[Tue Aug 25 21:40:33 CST 2026] Monitor relanzado (pid 4798)
[Tue Aug 25 21:42:45 CST 2026] TUNEL CAIDO (https://eat-toolbox-brad-installation.trycloudflare.com). Relanzando monitor...
[Tue Aug 25 21:42:48 CST 2026] Monitor relanzado (pid 4933)
[Tue Aug 25 21:44:31 CST 2026] TUNEL CAIDO (https://boom-officials-pas-sagem.trycloudflare.com). Relanzando monitor...
[Tue Aug 25 21:44:34 CST 2026] Monitor relanzado (pid 5107)
[Tue Aug 25 21:48:49 CST 2026] OK tunel vivo: https://sorts-charged-powers-cancellation.trycloudflare.com
[Tue Aug 25 21:52:36 CST 2026] OK tunel vivo: https://sorts-charged-powers-cancellation.trycloudflare.com
[Tue Aug 25 21:56:32 CST 2026] TUNEL CAIDO (https://sorts-charged-powers-cancellation.trycloudflare.com). Relanzando monitor...
[Tue Aug 25 21:56:34 CST 2026] Monitor relanzado (pid 5825)
[Tue Aug 25 21:58:47 CST 2026] TUNEL CAIDO (https://labels-ordinance-floor-dirt.trycloudflare.com). Relanzando monitor...
[Tue Aug 25 21:58:49 CST 2026] Monitor relanzado (pid 5973)
[Tue Aug 25 22:01:01 CST 2026] TUNEL CAIDO (https://stolen-vital-knife-vitamin.trycloudflare.com). Relanzando monitor...
[Tue Aug 25 22:01:04 CST 2026] Monitor relanzado (pid 6184)
[Tue Aug 25 22:04:32 CST 2026] TUNEL CAIDO (https://scanning-binary-les-third.trycloudflare.com). Relanzando monitor...
[Tue Aug 25 22:04:34 CST 2026] Monitor relanzado (pid 6376)
[Tue Aug 25 22:06:41 CST 2026] TUNEL CAIDO (https://break-logs-timer-theorem.trycloudflare.com). Relanzando monitor...
[Tue Aug 25 22:06:43 CST 2026] Monitor relanzado (pid 6511)
[Tue Aug 25 22:10:04 CST 2026] OK tunel vivo: https://frog-years-rely-foundations.trycloudflare.com
[Tue Aug 25 22:12:25 CST 2026] OK tunel vivo: https://frog-years-rely-foundations.trycloudflare.com
[Tue Aug 25 22:14:34 CST 2026] TUNEL CAIDO (https://frog-years-rely-foundations.trycloudflare.com). Relanzando monitor...
[Tue Aug 25 22:14:37 CST 2026] Monitor relanzado (pid 8275)
[Tue Aug 25 22:18:36 CST 2026] TUNEL CAIDO (https://diploma-curve-wake-sanyo.trycloudflare.com). Relanzando monitor...
[Tue Aug 25 22:18:38 CST 2026] Monitor relanzado (pid 9720)
[Tue Aug 25 22:22:37 CST 2026] TUNEL CAIDO (https://protective-dancing-knives-reproduce.trycloudflare.com). Relanzando monitor...
[Tue Aug 25 22:22:39 CST 2026] Monitor relanzado (pid 9924)
[Tue Aug 25 22:24:33 CST 2026] TUNEL CAIDO (https://mario-scsi-feb-disclaimers.trycloudflare.com). Relanzando monitor...
[Tue Aug 25 22:24:35 CST 2026] Monitor relanzado (pid 10572)
[Tue Aug 25 22:26:33 CST 2026] TUNEL CAIDO (https://cartoon-expansion-grill-teaches.trycloudflare.com). Relanzando monitor...
[Tue Aug 25 22:26:35 CST 2026] Monitor relanzado (pid 10744)
[Tue Aug 25 22:28:32 CST 2026] OK tunel vivo: https://arm-template-vitamins-relationship.trycloudflare.com
[Tue Aug 25 22:30:48 CST 2026] TUNEL CAIDO (https://arm-template-vitamins-relationship.trycloudflare.com). Relanzando monitor...
[Tue Aug 25 22:30:50 CST 2026] Monitor relanzado (pid 11098)
[Tue Aug 25 22:34:32 CST 2026] OK tunel vivo: https://sure-declined-completion-will.trycloudflare.com
[Tue Aug 25 22:36:37 CST 2026] TUNEL CAIDO (https://sure-declined-completion-will.trycloudflare.com). Relanzando monitor...
[Tue Aug 25 22:36:39 CST 2026] Monitor relanzado (pid 37817)
[Tue Aug 25 22:38:31 CST 2026] OK tunel vivo: https://mediterranean-myspace-safer-queensland.trycloudflare.com
[Tue Aug 25 22:40:30 CST 2026] OK tunel vivo: https://mediterranean-myspace-safer-queensland.trycloudflare.com
[Tue Aug 25 22:42:39 CST 2026] OK tunel vivo: https://mediterranean-myspace-safer-queensland.trycloudflare.com
[Tue Aug 25 22:44:30 CST 2026] OK tunel vivo: https://mediterranean-myspace-safer-queensland.trycloudflare.com
[Tue Aug 25 22:46:37 CST 2026] OK tunel vivo: https://mediterranean-myspace-safer-queensland.trycloudflare.com
[Tue Aug 25 22:48:31 CST 2026] OK tunel vivo: https://mediterranean-myspace-safer-queensland.trycloudflare.com
[Tue Aug 25 22:50:29 CST 2026] OK tunel vivo: https://mediterranean-myspace-safer-queensland.trycloudflare.com
[Tue Aug 25 22:52:33 CST 2026] OK tunel vivo: https://mediterranean-myspace-safer-queensland.trycloudflare.com
[Tue Aug 25 22:54:29 CST 2026] OK tunel vivo: https://mediterranean-myspace-safer-queensland.trycloudflare.com
[Tue Aug 25 22:56:39 CST 2026] OK tunel vivo: https://mediterranean-myspace-safer-queensland.trycloudflare.com
[Tue Aug 25 22:58:32 CST 2026] OK tunel vivo: https://mediterranean-myspace-safer-queensland.trycloudflare.com
[Tue Aug 25 23:00:46 CST 2026] OK tunel vivo: https://mediterranean-myspace-safer-queensland.trycloudflare.com
[Tue Aug 25 23:02:33 CST 2026] OK tunel vivo: https://mediterranean-myspace-safer-queensland.trycloudflare.com
[Tue Aug 25 23:04:28 CST 2026] OK tunel vivo: https://mediterranean-myspace-safer-queensland.trycloudflare.com
[Tue Aug 25 23:06:30 CST 2026] OK tunel vivo: https://mediterranean-myspace-safer-queensland.trycloudflare.com
[Tue Aug 25 23:08:31 CST 2026] OK tunel vivo: https://mediterranean-myspace-safer-queensland.trycloudflare.com
[Tue Aug 25 23:10:41 CST 2026] TUNEL CAIDO (https://mediterranean-myspace-safer-queensland.trycloudflare.com). Relanzando monitor...
[Tue Aug 25 23:10:43 CST 2026] Monitor relanzado (pid 41261)
[Tue Aug 25 23:12:31 CST 2026] OK tunel vivo: https://discount-participated-pose-anniversary.trycloudflare.com
[Tue Aug 25 23:14:40 CST 2026] OK tunel vivo: https://discount-participated-pose-anniversary.trycloudflare.com
[Tue Aug 25 23:16:29 CST 2026] OK tunel vivo: https://discount-participated-pose-anniversary.trycloudflare.com
[Tue Aug 25 23:18:29 CST 2026] OK tunel vivo: https://discount-participated-pose-anniversary.trycloudflare.com
[Tue Aug 25 23:20:33 CST 2026] OK tunel vivo: https://discount-participated-pose-anniversary.trycloudflare.com
[Tue Aug 25 23:32:14 CST 2026] OK tunel vivo: https://discount-participated-pose-anniversary.trycloudflare.com
[Tue Aug 25 23:34:14 CST 2026] OK tunel vivo: https://discount-participated-pose-anniversary.trycloudflare.com
[Tue Aug 25 23:36:09 CST 2026] OK tunel vivo: https://discount-participated-pose-anniversary.trycloudflare.com
[Tue Aug 25 23:38:13 CST 2026] OK tunel vivo: https://discount-participated-pose-anniversary.trycloudflare.com
[Tue Aug 25 23:40:14 CST 2026] OK tunel vivo: https://discount-participated-pose-anniversary.trycloudflare.com
[Tue Aug 25 23:42:32 CST 2026] OK tunel vivo: https://discount-participated-pose-anniversary.trycloudflare.com
[Tue Aug 25 23:44:18 CST 2026] OK tunel vivo: https://discount-participated-pose-anniversary.trycloudflare.com
[Tue Aug 25 23:46:21 CST 2026] OK tunel vivo: https://discount-participated-pose-anniversary.trycloudflare.com
[Tue Aug 25 23:48:16 CST 2026] TUNEL CAIDO (https://discount-participated-pose-anniversary.trycloudflare.com). Relanzando monitor...
[Tue Aug 25 23:48:19 CST 2026] Monitor relanzado (pid 4261)
[Tue Aug 25 23:50:21 CST 2026] OK tunel vivo: https://services-hero-gadgets-layers.trycloudflare.com
[Tue Aug 25 23:53:08 CST 2026] OK tunel vivo: https://services-hero-gadgets-layers.trycloudflare.com
[Tue Aug 25 23:56:38 CST 2026] OK tunel vivo: https://services-hero-gadgets-layers.trycloudflare.com
[Tue Aug 25 23:58:28 CST 2026] OK tunel vivo: https://services-hero-gadgets-layers.trycloudflare.com
[Wed Aug 26 00:00:53 CST 2026] OK tunel vivo: https://services-hero-gadgets-layers.trycloudflare.com
[Wed Aug 26 00:04:20 CST 2026] OK tunel vivo: https://services-hero-gadgets-layers.trycloudflare.com
[Wed Aug 26 00:08:43 CST 2026] OK tunel vivo: https://services-hero-gadgets-layers.trycloudflare.com
[Wed Aug 26 00:10:58 CST 2026] OK tunel vivo: https://services-hero-gadgets-layers.trycloudflare.com
[Wed Aug 26 00:12:36 CST 2026] OK tunel vivo: https://services-hero-gadgets-layers.trycloudflare.com
[Wed Aug 26 00:14:36 CST 2026] OK tunel vivo: https://services-hero-gadgets-layers.trycloudflare.com
[Wed Aug 26 00:16:30 CST 2026] OK tunel vivo: https://services-hero-gadgets-layers.trycloudflare.com
[Wed Aug 26 00:18:35 CST 2026] OK tunel vivo: https://services-hero-gadgets-layers.trycloudflare.com
[Wed Aug 26 00:20:30 CST 2026] OK tunel vivo: https://services-hero-gadgets-layers.trycloudflare.com
[Wed Aug 26 00:22:28 CST 2026] OK tunel vivo: https://services-hero-gadgets-layers.trycloudflare.com
[Wed Aug 26 00:26:01 CST 2026] OK tunel vivo: https://services-hero-gadgets-layers.trycloudflare.com
[Wed Aug 26 00:28:33 CST 2026] OK tunel vivo: https://services-hero-gadgets-layers.trycloudflare.com
[Wed Aug 26 00:30:29 CST 2026] OK tunel vivo: https://services-hero-gadgets-layers.trycloudflare.com
[Wed Aug 26 00:32:45 CST 2026] OK tunel vivo: https://services-hero-gadgets-layers.trycloudflare.com
[Wed Aug 26 00:34:37 CST 2026] TUNEL CAIDO (https://services-hero-gadgets-layers.trycloudflare.com). Relanzando monitor...
[Wed Aug 26 00:34:39 CST 2026] Monitor relanzado (pid 10067)
[Wed Aug 26 00:40:54 CST 2026] OK tunel vivo: https://feels-tale-wrestling-gate.trycloudflare.com
[Wed Aug 26 00:42:31 CST 2026] OK tunel vivo: https://feels-tale-wrestling-gate.trycloudflare.com
[Wed Aug 26 00:44:32 CST 2026] OK tunel vivo: https://feels-tale-wrestling-gate.trycloudflare.com
[Wed Aug 26 00:46:45 CST 2026] TUNEL CAIDO (https://feels-tale-wrestling-gate.trycloudflare.com). Relanzando monitor...
[Wed Aug 26 00:46:47 CST 2026] Monitor relanzado (pid 11322)
[Wed Aug 26 00:50:33 CST 2026] OK tunel vivo: https://strike-survey-paradise-yellow.trycloudflare.com
[Wed Aug 26 00:52:35 CST 2026] OK tunel vivo: https://strike-survey-paradise-yellow.trycloudflare.com
[Wed Aug 26 00:54:31 CST 2026] OK tunel vivo: https://strike-survey-paradise-yellow.trycloudflare.com
[Wed Aug 26 00:56:42 CST 2026] OK tunel vivo: https://strike-survey-paradise-yellow.trycloudflare.com
[Wed Aug 26 00:58:32 CST 2026] OK tunel vivo: https://strike-survey-paradise-yellow.trycloudflare.com
[Wed Aug 26 01:00:41 CST 2026] OK tunel vivo: https://strike-survey-paradise-yellow.trycloudflare.com
[Wed Aug 26 01:02:33 CST 2026] OK tunel vivo: https://strike-survey-paradise-yellow.trycloudflare.com
[Wed Aug 26 01:04:46 CST 2026] TUNEL CAIDO (https://strike-survey-paradise-yellow.trycloudflare.com). Relanzando monitor...
[Wed Aug 26 01:04:48 CST 2026] Monitor relanzado (pid 13618)
[Wed Aug 26 01:06:35 CST 2026] OK tunel vivo: https://difficulty-council-analytical-frank.trycloudflare.com
[Wed Aug 26 01:08:37 CST 2026] OK tunel vivo: https://difficulty-council-analytical-frank.trycloudflare.com
[Wed Aug 26 01:10:56 CST 2026] TUNEL CAIDO (https://difficulty-council-analytical-frank.trycloudflare.com). Relanzando monitor...
[Wed Aug 26 01:10:58 CST 2026] Monitor relanzado (pid 14279)
[Wed Aug 26 01:12:38 CST 2026] TUNEL CAIDO (https://tired-implied-nut-molecular.trycloudflare.com). Relanzando monitor...
[Wed Aug 26 01:12:40 CST 2026] Monitor relanzado (pid 14600)
[Wed Aug 26 01:14:42 CST 2026] OK tunel vivo: https://outputs-pants-mother-receivers.trycloudflare.com
[Wed Aug 26 01:18:39 CST 2026] TUNEL CAIDO (https://outputs-pants-mother-receivers.trycloudflare.com). Relanzando monitor...
[Wed Aug 26 01:18:41 CST 2026] Monitor relanzado (pid 15829)
[Wed Aug 26 01:20:32 CST 2026] OK tunel vivo: https://technique-permitted-belongs-milwaukee.trycloudflare.com
[Wed Aug 26 01:22:55 CST 2026] TUNEL CAIDO (https://technique-permitted-belongs-milwaukee.trycloudflare.com). Relanzando monitor...
[Wed Aug 26 01:22:57 CST 2026] Monitor relanzado (pid 16311)
[Wed Aug 26 01:24:43 CST 2026] TUNEL CAIDO (https://stamps-childrens-aerial-taught.trycloudflare.com). Relanzando monitor...
[Wed Aug 26 01:24:46 CST 2026] Monitor relanzado (pid 16504)
[Wed Aug 26 01:26:37 CST 2026] OK tunel vivo: https://rome-parking-checks-wood.trycloudflare.com
[Wed Aug 26 01:28:38 CST 2026] OK tunel vivo: https://rome-parking-checks-wood.trycloudflare.com
[Wed Aug 26 01:30:37 CST 2026] OK tunel vivo: https://rome-parking-checks-wood.trycloudflare.com
[Wed Aug 26 01:32:35 CST 2026] OK tunel vivo: https://rome-parking-checks-wood.trycloudflare.com
[Wed Aug 26 01:34:38 CST 2026] OK tunel vivo: https://rome-parking-checks-wood.trycloudflare.com
[Wed Aug 26 01:36:38 CST 2026] OK tunel vivo: https://rome-parking-checks-wood.trycloudflare.com
[Wed Aug 26 01:38:53 CST 2026] OK tunel vivo: https://rome-parking-checks-wood.trycloudflare.com
[Wed Aug 26 01:40:57 CST 2026] TUNEL CAIDO (https://rome-parking-checks-wood.trycloudflare.com). Relanzando monitor...
[Wed Aug 26 01:40:59 CST 2026] Monitor relanzado (pid 17862)
[Wed Aug 26 01:42:37 CST 2026] OK tunel vivo: https://instrumentation-float-mature-zen.trycloudflare.com
[Wed Aug 26 01:44:35 CST 2026] OK tunel vivo: https://instrumentation-float-mature-zen.trycloudflare.com
[Wed Aug 26 01:46:51 CST 2026] OK tunel vivo: https://instrumentation-float-mature-zen.trycloudflare.com
[Wed Aug 26 01:48:38 CST 2026] OK tunel vivo: https://instrumentation-float-mature-zen.trycloudflare.com
[Wed Aug 26 01:50:37 CST 2026] OK tunel vivo: https://instrumentation-float-mature-zen.trycloudflare.com
[Wed Aug 26 01:52:54 CST 2026] OK tunel vivo: https://instrumentation-float-mature-zen.trycloudflare.com
[Wed Aug 26 01:56:01 CST 2026] TUNEL CAIDO (https://instrumentation-float-mature-zen.trycloudflare.com). Relanzando monitor...
[Wed Aug 26 01:56:03 CST 2026] Monitor relanzado (pid 20232)
[Wed Aug 26 01:58:58 CST 2026] OK tunel vivo: https://halo-discs-congratulations-gentle.trycloudflare.com
[Wed Aug 26 02:00:38 CST 2026] OK tunel vivo: https://halo-discs-congratulations-gentle.trycloudflare.com
[Wed Aug 26 02:08:37 CST 2026] OK tunel vivo: https://halo-discs-congratulations-gentle.trycloudflare.com
[Wed Aug 26 02:10:41 CST 2026] OK tunel vivo: https://halo-discs-congratulations-gentle.trycloudflare.com
[Wed Aug 26 02:12:49 CST 2026] OK tunel vivo: https://halo-discs-congratulations-gentle.trycloudflare.com
[Wed Aug 26 02:14:36 CST 2026] OK tunel vivo: https://halo-discs-congratulations-gentle.trycloudflare.com
[Wed Aug 26 02:16:36 CST 2026] OK tunel vivo: https://halo-discs-congratulations-gentle.trycloudflare.com
[Wed Aug 26 02:18:45 CST 2026] OK tunel vivo: https://halo-discs-congratulations-gentle.trycloudflare.com
[Wed Aug 26 02:21:03 CST 2026] OK tunel vivo: https://halo-discs-congratulations-gentle.trycloudflare.com
[Wed Aug 26 02:22:45 CST 2026] TUNEL CAIDO (https://halo-discs-congratulations-gentle.trycloudflare.com). Relanzando monitor...
[Wed Aug 26 02:22:47 CST 2026] Monitor relanzado (pid 23728)
[Wed Aug 26 02:24:39 CST 2026] OK tunel vivo: https://steve-johnson-backing-consideration.trycloudflare.com
[Wed Aug 26 02:26:56 CST 2026] OK tunel vivo: https://steve-johnson-backing-consideration.trycloudflare.com
[Wed Aug 26 02:28:44 CST 2026] OK tunel vivo: https://steve-johnson-backing-consideration.trycloudflare.com
[Wed Aug 26 02:30:49 CST 2026] TUNEL CAIDO (https://steve-johnson-backing-consideration.trycloudflare.com). Relanzando monitor...
[Wed Aug 26 02:30:51 CST 2026] Monitor relanzado (pid 24794)
[Wed Aug 26 02:32:40 CST 2026] OK tunel vivo: https://runner-screw-operators-night.trycloudflare.com
[Wed Aug 26 02:34:40 CST 2026] OK tunel vivo: https://runner-screw-operators-night.trycloudflare.com
[Wed Aug 26 02:36:50 CST 2026] TUNEL CAIDO (https://runner-screw-operators-night.trycloudflare.com). Relanzando monitor...
[Wed Aug 26 02:36:53 CST 2026] Monitor relanzado (pid 26030)
[Wed Aug 26 02:38:42 CST 2026] OK tunel vivo: https://careful-sheffield-commitment-liverpool.trycloudflare.com
[Wed Aug 26 02:40:42 CST 2026] OK tunel vivo: https://careful-sheffield-commitment-liverpool.trycloudflare.com
[Wed Aug 26 02:42:43 CST 2026] OK tunel vivo: https://careful-sheffield-commitment-liverpool.trycloudflare.com
[Wed Aug 26 02:44:40 CST 2026] OK tunel vivo: https://careful-sheffield-commitment-liverpool.trycloudflare.com
[Wed Aug 26 02:46:40 CST 2026] OK tunel vivo: https://careful-sheffield-commitment-liverpool.trycloudflare.com
[Wed Aug 26 02:48:41 CST 2026] OK tunel vivo: https://careful-sheffield-commitment-liverpool.trycloudflare.com
[Wed Aug 26 02:50:45 CST 2026] OK tunel vivo: https://careful-sheffield-commitment-liverpool.trycloudflare.com
[Wed Aug 26 02:52:42 CST 2026] OK tunel vivo: https://careful-sheffield-commitment-liverpool.trycloudflare.com
[Wed Aug 26 02:54:41 CST 2026] OK tunel vivo: https://careful-sheffield-commitment-liverpool.trycloudflare.com
[Wed Aug 26 02:56:40 CST 2026] OK tunel vivo: https://careful-sheffield-commitment-liverpool.trycloudflare.com
[Wed Aug 26 02:58:43 CST 2026] OK tunel vivo: https://careful-sheffield-commitment-liverpool.trycloudflare.com
[Wed Aug 26 03:00:41 CST 2026] OK tunel vivo: https://careful-sheffield-commitment-liverpool.trycloudflare.com
[Wed Aug 26 03:02:41 CST 2026] OK tunel vivo: https://careful-sheffield-commitment-liverpool.trycloudflare.com
[Wed Aug 26 03:04:50 CST 2026] OK tunel vivo: https://careful-sheffield-commitment-liverpool.trycloudflare.com
[Wed Aug 26 03:06:40 CST 2026] OK tunel vivo: https://careful-sheffield-commitment-liverpool.trycloudflare.com
[Wed Aug 26 03:08:41 CST 2026] OK tunel vivo: https://careful-sheffield-commitment-liverpool.trycloudflare.com
[Wed Aug 26 03:10:41 CST 2026] OK tunel vivo: https://careful-sheffield-commitment-liverpool.trycloudflare.com
[Wed Aug 26 03:12:48 CST 2026] OK tunel vivo: https://careful-sheffield-commitment-liverpool.trycloudflare.com
[Wed Aug 26 03:16:41 CST 2026] OK tunel vivo: https://careful-sheffield-commitment-liverpool.trycloudflare.com
[Wed Aug 26 03:18:59 CST 2026] OK tunel vivo: https://careful-sheffield-commitment-liverpool.trycloudflare.com
[Wed Aug 26 03:20:54 CST 2026] OK tunel vivo: https://careful-sheffield-commitment-liverpool.trycloudflare.com
[Wed Aug 26 03:22:42 CST 2026] OK tunel vivo: https://careful-sheffield-commitment-liverpool.trycloudflare.com
[Wed Aug 26 03:24:42 CST 2026] OK tunel vivo: https://careful-sheffield-commitment-liverpool.trycloudflare.com
[Wed Aug 26 03:28:21 CST 2026] OK tunel vivo: https://careful-sheffield-commitment-liverpool.trycloudflare.com
[Wed Aug 26 03:31:09 CST 2026] OK tunel vivo: https://careful-sheffield-commitment-liverpool.trycloudflare.com
[Wed Aug 26 03:33:12 CST 2026] OK tunel vivo: https://careful-sheffield-commitment-liverpool.trycloudflare.com
[Wed Aug 26 03:34:47 CST 2026] OK tunel vivo: https://careful-sheffield-commitment-liverpool.trycloudflare.com
[Wed Aug 26 03:36:41 CST 2026] OK tunel vivo: https://careful-sheffield-commitment-liverpool.trycloudflare.com
[Wed Aug 26 03:38:43 CST 2026] OK tunel vivo: https://careful-sheffield-commitment-liverpool.trycloudflare.com
[Wed Aug 26 03:40:42 CST 2026] OK tunel vivo: https://careful-sheffield-commitment-liverpool.trycloudflare.com
[Wed Aug 26 03:42:43 CST 2026] OK tunel vivo: https://careful-sheffield-commitment-liverpool.trycloudflare.com
[Wed Aug 26 03:44:53 CST 2026] OK tunel vivo: https://careful-sheffield-commitment-liverpool.trycloudflare.com
[Wed Aug 26 03:46:10 CST 2026] OK tunel vivo: https://careful-sheffield-commitment-liverpool.trycloudflare.com
[Wed Aug 26 03:48:08 CST 2026] OK tunel vivo: https://careful-sheffield-commitment-liverpool.trycloudflare.com
[Wed Aug 26 03:50:08 CST 2026] OK tunel vivo: https://careful-sheffield-commitment-liverpool.trycloudflare.com
[Wed Aug 26 03:52:29 CST 2026] OK tunel vivo: https://careful-sheffield-commitment-liverpool.trycloudflare.com
[Wed Aug 26 03:54:26 CST 2026] OK tunel vivo: https://careful-sheffield-commitment-liverpool.trycloudflare.com
[Wed Aug 26 03:56:09 CST 2026] OK tunel vivo: https://careful-sheffield-commitment-liverpool.trycloudflare.com
[Wed Aug 26 03:58:11 CST 2026] OK tunel vivo: https://careful-sheffield-commitment-liverpool.trycloudflare.com
[Wed Aug 26 04:00:10 CST 2026] OK tunel vivo: https://careful-sheffield-commitment-liverpool.trycloudflare.com
[Wed Aug 26 04:02:09 CST 2026] OK tunel vivo: https://careful-sheffield-commitment-liverpool.trycloudflare.com
[Wed Aug 26 04:04:10 CST 2026] OK tunel vivo: https://careful-sheffield-commitment-liverpool.trycloudflare.com
[Wed Aug 26 04:06:11 CST 2026] OK tunel vivo: https://careful-sheffield-commitment-liverpool.trycloudflare.com
[Wed Aug 26 04:08:14 CST 2026] OK tunel vivo: https://careful-sheffield-commitment-liverpool.trycloudflare.com
[Wed Aug 26 04:25:39 CST 2026] TUNEL CAIDO (https://careful-sheffield-commitment-liverpool.trycloudflare.com). Relanzando monitor...
[Wed Aug 26 04:25:41 CST 2026] Monitor relanzado (pid 31535)
[Wed Aug 26 04:41:32 CST 2026] TUNEL CAIDO (https://joy-exotic-integrated-hang.trycloudflare.com). Relanzando monitor...
[Wed Aug 26 04:41:34 CST 2026] Monitor relanzado (pid 31636)
[Wed Aug 26 04:43:35 CST 2026] OK tunel vivo: https://ian-concerning-east-lay.trycloudflare.com
[Wed Aug 26 04:53:49 CST 2026] OK tunel vivo: https://ian-concerning-east-lay.trycloudflare.com
[Wed Aug 26 04:55:04 CST 2026] OK tunel vivo: https://ian-concerning-east-lay.trycloudflare.com
[Wed Aug 26 05:11:32 CST 2026] TUNEL CAIDO (https://ian-concerning-east-lay.trycloudflare.com). Relanzando monitor...
[Wed Aug 26 05:11:35 CST 2026] Monitor relanzado (pid 32154)
[Wed Aug 26 05:14:32 CST 2026] OK tunel vivo: https://treasurer-logical-doubt-touring.trycloudflare.com
[Wed Aug 26 05:30:35 CST 2026] OK tunel vivo: https://treasurer-logical-doubt-touring.trycloudflare.com
[Wed Aug 26 06:02:28 CST 2026] TUNEL CAIDO (https://treasurer-logical-doubt-touring.trycloudflare.com). Relanzando monitor...
[Wed Aug 26 06:02:30 CST 2026] Monitor relanzado (pid 32636)
[Wed Aug 26 06:19:24 CST 2026] TUNEL CAIDO (https://containers-prevent-crafts-editing.trycloudflare.com). Relanzando monitor...
[Wed Aug 26 06:19:26 CST 2026] Monitor relanzado (pid 32805)
[Wed Aug 26 06:36:25 CST 2026] TUNEL CAIDO (https://able-funk-onto-salaries.trycloudflare.com). Relanzando monitor...
[Wed Aug 26 06:36:27 CST 2026] Monitor relanzado (pid 32978)
[Wed Aug 26 06:38:25 CST 2026] OK tunel vivo: https://advertising-boundary-twelve-dom.trycloudflare.com
[Wed Aug 26 06:40:28 CST 2026] OK tunel vivo: https://advertising-boundary-twelve-dom.trycloudflare.com
[Wed Aug 26 06:42:37 CST 2026] TUNEL CAIDO (https://advertising-boundary-twelve-dom.trycloudflare.com). Relanzando monitor...
[Wed Aug 26 06:42:39 CST 2026] Monitor relanzado (pid 33342)
[Wed Aug 26 06:44:27 CST 2026] OK tunel vivo: https://parliamentary-holdem-democracy-minus.trycloudflare.com
[Wed Aug 26 06:46:28 CST 2026] OK tunel vivo: https://parliamentary-holdem-democracy-minus.trycloudflare.com
[Wed Aug 26 06:48:51 CST 2026] OK tunel vivo: https://parliamentary-holdem-democracy-minus.trycloudflare.com
[Wed Aug 26 06:50:36 CST 2026] TUNEL CAIDO (https://parliamentary-holdem-democracy-minus.trycloudflare.com). Relanzando monitor...
[Wed Aug 26 06:50:38 CST 2026] Monitor relanzado (pid 33903)
[Wed Aug 26 06:52:40 CST 2026] OK tunel vivo: https://greg-excitement-yearly-honolulu.trycloudflare.com
[Wed Aug 26 07:11:36 CST 2026] TUNEL CAIDO (https://greg-excitement-yearly-honolulu.trycloudflare.com). Relanzando monitor...
[Wed Aug 26 07:11:38 CST 2026] Monitor relanzado (pid 34355)
[Wed Aug 26 07:30:06 CST 2026] OK tunel vivo: https://bracelets-sake-desktops-profit.trycloudflare.com
[Wed Aug 26 07:30:16 CST 2026] OK tunel vivo: https://bracelets-sake-desktops-profit.trycloudflare.com
[Wed Aug 26 07:56:30 CST 2026] TUNEL CAIDO (https://bracelets-sake-desktops-profit.trycloudflare.com). Relanzando monitor...
[Wed Aug 26 07:56:32 CST 2026] Monitor relanzado (pid 34815)
[Wed Aug 26 08:12:52 CST 2026] TUNEL CAIDO (https://anna-edge-terminal-sold.trycloudflare.com). Relanzando monitor...
[Wed Aug 26 08:12:54 CST 2026] Monitor relanzado (pid 35021)
[Wed Aug 26 08:14:22 CST 2026] OK tunel vivo: https://widely-sunny-reason-subsequently.trycloudflare.com
[Wed Aug 26 08:47:42 CST 2026] TUNEL CAIDO (https://widely-sunny-reason-subsequently.trycloudflare.com). Relanzando monitor...
[Wed Aug 26 08:47:44 CST 2026] Monitor relanzado (pid 35406)
[Wed Aug 26 08:57:45 CST 2026] OK tunel vivo: https://burning-complex-rest-segment.trycloudflare.com
[Wed Aug 26 09:20:17 CST 2026] OK tunel vivo: https://burning-complex-rest-segment.trycloudflare.com
[Wed Aug 26 09:35:43 CST 2026] TUNEL CAIDO (https://burning-complex-rest-segment.trycloudflare.com). Relanzando monitor...
[Wed Aug 26 09:35:45 CST 2026] Monitor relanzado (pid 35884)
[Wed Aug 26 09:58:31 CST 2026] TUNEL CAIDO (https://caused-belts-pan-titanium.trycloudflare.com). Relanzando monitor...
[Wed Aug 26 09:58:33 CST 2026] Monitor relanzado (pid 36063)
[Wed Aug 26 10:16:28 CST 2026] TUNEL CAIDO (https://scripting-film-para-bulletin.trycloudflare.com). Relanzando monitor...
[Wed Aug 26 10:16:30 CST 2026] Monitor relanzado (pid 36292)
[Wed Aug 26 10:18:30 CST 2026] OK tunel vivo: https://defined-threats-camera-emphasis.trycloudflare.com
[Wed Aug 26 10:20:33 CST 2026] OK tunel vivo: https://defined-threats-camera-emphasis.trycloudflare.com
[Wed Aug 26 10:22:33 CST 2026] OK tunel vivo: https://defined-threats-camera-emphasis.trycloudflare.com
[Wed Aug 26 10:24:34 CST 2026] OK tunel vivo: https://defined-threats-camera-emphasis.trycloudflare.com
[Wed Aug 26 10:26:34 CST 2026] OK tunel vivo: https://defined-threats-camera-emphasis.trycloudflare.com
[Wed Aug 26 10:28:07 CST 2026] OK tunel vivo: https://defined-threats-camera-emphasis.trycloudflare.com
[Wed Aug 26 10:30:11 CST 2026] OK tunel vivo: https://defined-threats-camera-emphasis.trycloudflare.com
[Wed Aug 26 10:32:08 CST 2026] OK tunel vivo: https://defined-threats-camera-emphasis.trycloudflare.com
[Wed Aug 26 10:48:30 CST 2026] TUNEL CAIDO (https://defined-threats-camera-emphasis.trycloudflare.com). Relanzando monitor...
[Wed Aug 26 10:48:32 CST 2026] Monitor relanzado (pid 37121)
[Wed Aug 26 10:59:28 CST 2026] OK tunel vivo: https://genealogy-springs-acquired-urw.trycloudflare.com
[Wed Aug 26 11:00:31 CST 2026] OK tunel vivo: https://genealogy-springs-acquired-urw.trycloudflare.com
[Wed Aug 26 11:02:31 CST 2026] OK tunel vivo: https://genealogy-springs-acquired-urw.trycloudflare.com
[Wed Aug 26 11:18:52 CST 2026] TUNEL CAIDO (https://genealogy-springs-acquired-urw.trycloudflare.com). Relanzando monitor...
[Wed Aug 26 11:18:54 CST 2026] Monitor relanzado (pid 37676)
[Wed Aug 26 11:35:45 CST 2026] TUNEL CAIDO (https://expression-upgrades-byte-instrumental.trycloudflare.com). Relanzando monitor...
[Wed Aug 26 11:36:19 CST 2026] TUNEL CAIDO (https://expression-upgrades-byte-instrumental.trycloudflare.com). Relanzando monitor...
[Wed Aug 26 11:36:21 CST 2026] Monitor relanzado (pid 37901)
[Wed Aug 26 11:38:22 CST 2026] OK tunel vivo: https://impressed-batch-wives-reductions.trycloudflare.com
[Wed Aug 26 11:55:43 CST 2026] TUNEL CAIDO (https://impressed-batch-wives-reductions.trycloudflare.com). Relanzando monitor...
[Wed Aug 26 11:55:45 CST 2026] Monitor relanzado (pid 38234)
[Wed Aug 26 11:58:09 CST 2026] OK tunel vivo: https://indicating-hudson-straight-survey.trycloudflare.com
[Wed Aug 26 12:00:12 CST 2026] OK tunel vivo: https://indicating-hudson-straight-survey.trycloudflare.com
[Wed Aug 26 12:19:23 CST 2026] TUNEL CAIDO (https://indicating-hudson-straight-survey.trycloudflare.com). Relanzando monitor...
[Wed Aug 26 12:19:25 CST 2026] Monitor relanzado (pid 38713)
[Wed Aug 26 12:24:46 CST 2026] OK tunel vivo: https://besides-measuring-condition-eating.trycloudflare.com
[Wed Aug 26 12:41:03 CST 2026] TUNEL CAIDO (https://besides-measuring-condition-eating.trycloudflare.com). Relanzando monitor...
[Wed Aug 26 12:41:05 CST 2026] Monitor relanzado (pid 38952)
[Wed Aug 26 12:58:29 CST 2026] TUNEL CAIDO (https://qui-vocals-harold-professor.trycloudflare.com). Relanzando monitor...
[Wed Aug 26 12:58:31 CST 2026] Monitor relanzado (pid 39170)
[Wed Aug 26 13:00:37 CST 2026] OK tunel vivo: https://productivity-distinguished-sphere-several.trycloudflare.com
[Wed Aug 26 13:02:38 CST 2026] OK tunel vivo: https://productivity-distinguished-sphere-several.trycloudflare.com
[Wed Aug 26 13:34:12 CST 2026] TUNEL CAIDO (https://productivity-distinguished-sphere-several.trycloudflare.com). Relanzando monitor...
[Wed Aug 26 13:34:14 CST 2026] Monitor relanzado (pid 39483)
[Wed Aug 26 13:46:01 CST 2026] OK tunel vivo: https://newton-his-tracks-rehabilitation.trycloudflare.com
[Wed Aug 26 13:48:23 CST 2026] OK tunel vivo: https://newton-his-tracks-rehabilitation.trycloudflare.com
[Wed Aug 26 13:50:30 CST 2026] TUNEL CAIDO (https://newton-his-tracks-rehabilitation.trycloudflare.com). Relanzando monitor...
[Wed Aug 26 13:50:33 CST 2026] Monitor relanzado (pid 39994)
[Wed Aug 26 13:52:31 CST 2026] TUNEL CAIDO (https://sao-balanced-switched-bool.trycloudflare.com). Relanzando monitor...
[Wed Aug 26 13:52:33 CST 2026] Monitor relanzado (pid 40242)
[Wed Aug 26 13:54:27 CST 2026] OK tunel vivo: https://necessity-exercises-borders-scheduling.trycloudflare.com
[Wed Aug 26 13:56:24 CST 2026] OK tunel vivo: https://necessity-exercises-borders-scheduling.trycloudflare.com
[Wed Aug 26 13:58:22 CST 2026] OK tunel vivo: https://necessity-exercises-borders-scheduling.trycloudflare.com
[Wed Aug 26 14:00:27 CST 2026] OK tunel vivo: https://necessity-exercises-borders-scheduling.trycloudflare.com
[Wed Aug 26 14:02:26 CST 2026] OK tunel vivo: https://necessity-exercises-borders-scheduling.trycloudflare.com
[Wed Aug 26 14:04:24 CST 2026] OK tunel vivo: https://necessity-exercises-borders-scheduling.trycloudflare.com
[Wed Aug 26 14:06:23 CST 2026] OK tunel vivo: https://necessity-exercises-borders-scheduling.trycloudflare.com
[Wed Aug 26 14:08:24 CST 2026] OK tunel vivo: https://necessity-exercises-borders-scheduling.trycloudflare.com
[Wed Aug 26 14:10:26 CST 2026] OK tunel vivo: https://necessity-exercises-borders-scheduling.trycloudflare.com
[Wed Aug 26 14:12:26 CST 2026] OK tunel vivo: https://necessity-exercises-borders-scheduling.trycloudflare.com
[Wed Aug 26 14:14:25 CST 2026] OK tunel vivo: https://necessity-exercises-borders-scheduling.trycloudflare.com
[Wed Aug 26 14:16:13 CST 2026] OK tunel vivo: https://necessity-exercises-borders-scheduling.trycloudflare.com
[Wed Aug 26 14:18:09 CST 2026] OK tunel vivo: https://necessity-exercises-borders-scheduling.trycloudflare.com
[Wed Aug 26 14:20:09 CST 2026] OK tunel vivo: https://necessity-exercises-borders-scheduling.trycloudflare.com
[Wed Aug 26 14:22:11 CST 2026] OK tunel vivo: https://necessity-exercises-borders-scheduling.trycloudflare.com
[Wed Aug 26 14:24:12 CST 2026] OK tunel vivo: https://necessity-exercises-borders-scheduling.trycloudflare.com
[Wed Aug 26 14:26:11 CST 2026] OK tunel vivo: https://necessity-exercises-borders-scheduling.trycloudflare.com
[Wed Aug 26 14:28:12 CST 2026] OK tunel vivo: https://necessity-exercises-borders-scheduling.trycloudflare.com
[Wed Aug 26 14:30:14 CST 2026] OK tunel vivo: https://necessity-exercises-borders-scheduling.trycloudflare.com
[Wed Aug 26 14:32:13 CST 2026] TUNEL CAIDO (https://necessity-exercises-borders-scheduling.trycloudflare.com). Relanzando monitor...
[Wed Aug 26 14:32:15 CST 2026] Monitor relanzado (pid 42622)
[Wed Aug 26 14:34:18 CST 2026] TUNEL CAIDO (https://boutique-paradise-colour-burner.trycloudflare.com). Relanzando monitor...
[Wed Aug 26 14:34:20 CST 2026] Monitor relanzado (pid 42983)
[Wed Aug 26 14:36:17 CST 2026] TUNEL CAIDO (https://liberal-msgstr-chairman-procedures.trycloudflare.com). Relanzando monitor...
[Wed Aug 26 14:36:19 CST 2026] Monitor relanzado (pid 43488)
[Wed Aug 26 14:40:10 CST 2026] OK tunel vivo: https://kitchen-horizontal-etc-directory.trycloudflare.com
[Wed Aug 26 14:42:11 CST 2026] OK tunel vivo: https://kitchen-horizontal-etc-directory.trycloudflare.com
[Wed Aug 26 14:44:10 CST 2026] OK tunel vivo: https://kitchen-horizontal-etc-directory.trycloudflare.com
[Wed Aug 26 14:46:10 CST 2026] OK tunel vivo: https://kitchen-horizontal-etc-directory.trycloudflare.com
[Wed Aug 26 14:48:13 CST 2026] OK tunel vivo: https://kitchen-horizontal-etc-directory.trycloudflare.com
[Wed Aug 26 14:50:16 CST 2026] OK tunel vivo: https://kitchen-horizontal-etc-directory.trycloudflare.com
[Wed Aug 26 14:52:13 CST 2026] OK tunel vivo: https://kitchen-horizontal-etc-directory.trycloudflare.com
[Wed Aug 26 14:54:09 CST 2026] OK tunel vivo: https://kitchen-horizontal-etc-directory.trycloudflare.com
[Wed Aug 26 14:56:16 CST 2026] OK tunel vivo: https://kitchen-horizontal-etc-directory.trycloudflare.com
[Wed Aug 26 14:58:31 CST 2026] TUNEL CAIDO (https://kitchen-horizontal-etc-directory.trycloudflare.com). Relanzando monitor...
[Wed Aug 26 14:58:33 CST 2026] Monitor relanzado (pid 47652)
[Wed Aug 26 15:00:12 CST 2026] OK tunel vivo: https://appearance-describe-marketplace-efficiently.trycloudflare.com
[Wed Aug 26 15:04:21 CST 2026] TUNEL CAIDO (https://appearance-describe-marketplace-efficiently.trycloudflare.com). Relanzando monitor...
[Wed Aug 26 15:04:23 CST 2026] Monitor relanzado (pid 48609)
[Wed Aug 26 15:06:18 CST 2026] OK tunel vivo: https://extensions-hire-coupons-length.trycloudflare.com
[Wed Aug 26 15:10:20 CST 2026] TUNEL CAIDO (https://extensions-hire-coupons-length.trycloudflare.com). Relanzando monitor...
[Wed Aug 26 15:10:23 CST 2026] Monitor relanzado (pid 49812)
[Wed Aug 26 15:14:16 CST 2026] OK tunel vivo: https://lighting-choir-toys-galaxy.trycloudflare.com
[Wed Aug 26 15:16:10 CST 2026] OK tunel vivo: https://lighting-choir-toys-galaxy.trycloudflare.com
[Wed Aug 26 15:20:12 CST 2026] OK tunel vivo: https://lighting-choir-toys-galaxy.trycloudflare.com
[Wed Aug 26 15:23:00 CST 2026] TUNEL CAIDO (https://lighting-choir-toys-galaxy.trycloudflare.com). Relanzando monitor...
[Wed Aug 26 15:23:03 CST 2026] Monitor relanzado (pid 51856)
[Wed Aug 26 15:24:53 CST 2026] TUNEL CAIDO (https://lol-patrol-whereas-browsers.trycloudflare.com). Relanzando monitor...
[Wed Aug 26 15:24:55 CST 2026] Monitor relanzado (pid 52501)
[Wed Aug 26 15:26:50 CST 2026] OK tunel vivo: https://requires-twin-saving-retailers.trycloudflare.com
[Wed Aug 26 15:28:54 CST 2026] TUNEL CAIDO (https://requires-twin-saving-retailers.trycloudflare.com). Relanzando monitor...
[Wed Aug 26 15:28:56 CST 2026] Monitor relanzado (pid 52958)
[Wed Aug 26 15:30:51 CST 2026] OK tunel vivo: https://taxation-routines-hat-therapist.trycloudflare.com
[Wed Aug 26 15:32:46 CST 2026] OK tunel vivo: https://taxation-routines-hat-therapist.trycloudflare.com
[Wed Aug 26 15:34:48 CST 2026] OK tunel vivo: https://taxation-routines-hat-therapist.trycloudflare.com
[Wed Aug 26 15:36:46 CST 2026] OK tunel vivo: https://taxation-routines-hat-therapist.trycloudflare.com
[Wed Aug 26 15:38:46 CST 2026] OK tunel vivo: https://taxation-routines-hat-therapist.trycloudflare.com
[Wed Aug 26 15:40:45 CST 2026] OK tunel vivo: https://taxation-routines-hat-therapist.trycloudflare.com
[Wed Aug 26 15:42:46 CST 2026] OK tunel vivo: https://taxation-routines-hat-therapist.trycloudflare.com
[Wed Aug 26 15:44:46 CST 2026] OK tunel vivo: https://taxation-routines-hat-therapist.trycloudflare.com
[Wed Aug 26 15:46:46 CST 2026] OK tunel vivo: https://taxation-routines-hat-therapist.trycloudflare.com
[Wed Aug 26 15:48:47 CST 2026] OK tunel vivo: https://taxation-routines-hat-therapist.trycloudflare.com
[Wed Aug 26 15:50:48 CST 2026] OK tunel vivo: https://taxation-routines-hat-therapist.trycloudflare.com
[Wed Aug 26 15:52:46 CST 2026] OK tunel vivo: https://taxation-routines-hat-therapist.trycloudflare.com
[Wed Aug 26 15:54:49 CST 2026] OK tunel vivo: https://taxation-routines-hat-therapist.trycloudflare.com
[Wed Aug 26 15:57:52 CST 2026] OK tunel vivo: https://taxation-routines-hat-therapist.trycloudflare.com
[Wed Aug 26 15:58:39 CST 2026] OK tunel vivo: https://taxation-routines-hat-therapist.trycloudflare.com
[Wed Aug 26 16:00:42 CST 2026] OK tunel vivo: https://taxation-routines-hat-therapist.trycloudflare.com
[Wed Aug 26 16:02:40 CST 2026] OK tunel vivo: https://taxation-routines-hat-therapist.trycloudflare.com
[Wed Aug 26 16:04:41 CST 2026] OK tunel vivo: https://taxation-routines-hat-therapist.trycloudflare.com
[Wed Aug 26 16:06:42 CST 2026] OK tunel vivo: https://taxation-routines-hat-therapist.trycloudflare.com
[Wed Aug 26 16:08:42 CST 2026] OK tunel vivo: https://taxation-routines-hat-therapist.trycloudflare.com
[Wed Aug 26 16:10:42 CST 2026] OK tunel vivo: https://taxation-routines-hat-therapist.trycloudflare.com
[Wed Aug 26 16:12:46 CST 2026] OK tunel vivo: https://taxation-routines-hat-therapist.trycloudflare.com
[Wed Aug 26 16:14:43 CST 2026] OK tunel vivo: https://taxation-routines-hat-therapist.trycloudflare.com
[Wed Aug 26 16:16:42 CST 2026] OK tunel vivo: https://taxation-routines-hat-therapist.trycloudflare.com
[Wed Aug 26 16:18:43 CST 2026] OK tunel vivo: https://taxation-routines-hat-therapist.trycloudflare.com
[Wed Aug 26 16:20:43 CST 2026] OK tunel vivo: https://taxation-routines-hat-therapist.trycloudflare.com
[Wed Aug 26 16:22:42 CST 2026] OK tunel vivo: https://taxation-routines-hat-therapist.trycloudflare.com
[Wed Aug 26 16:24:45 CST 2026] OK tunel vivo: https://taxation-routines-hat-therapist.trycloudflare.com
[Wed Aug 26 16:26:43 CST 2026] OK tunel vivo: https://taxation-routines-hat-therapist.trycloudflare.com
[Wed Aug 26 16:28:44 CST 2026] OK tunel vivo: https://taxation-routines-hat-therapist.trycloudflare.com
[Wed Aug 26 16:30:42 CST 2026] OK tunel vivo: https://taxation-routines-hat-therapist.trycloudflare.com
[Wed Aug 26 16:32:42 CST 2026] OK tunel vivo: https://taxation-routines-hat-therapist.trycloudflare.com
[Wed Aug 26 16:34:52 CST 2026] OK tunel vivo: https://taxation-routines-hat-therapist.trycloudflare.com
[Wed Aug 26 16:36:45 CST 2026] OK tunel vivo: https://taxation-routines-hat-therapist.trycloudflare.com
[Wed Aug 26 16:39:28 CST 2026] TUNEL CAIDO (https://taxation-routines-hat-therapist.trycloudflare.com). Relanzando monitor...
[Wed Aug 26 16:39:31 CST 2026] Monitor relanzado (pid 57997)
[Wed Aug 26 16:42:53 CST 2026] OK tunel vivo: https://continuous-nominated-heel-converter.trycloudflare.com
[Wed Aug 26 16:44:50 CST 2026] OK tunel vivo: https://continuous-nominated-heel-converter.trycloudflare.com
[Wed Aug 26 16:47:07 CST 2026] TUNEL CAIDO (https://continuous-nominated-heel-converter.trycloudflare.com). Relanzando monitor...
[Wed Aug 26 16:47:10 CST 2026] Monitor relanzado (pid 59499)
[Wed Aug 26 16:49:09 CST 2026] OK tunel vivo: https://halloween-cleanup-conceptual-greater.trycloudflare.com
[Wed Aug 26 16:51:23 CST 2026] TUNEL CAIDO (https://halloween-cleanup-conceptual-greater.trycloudflare.com). Relanzando monitor...
[Wed Aug 26 16:51:26 CST 2026] Monitor relanzado (pid 60356)
[Wed Aug 26 16:54:37 CST 2026] OK tunel vivo: https://populations-ceremony-admission-suspension.trycloudflare.com
[Wed Aug 26 16:56:34 CST 2026] OK tunel vivo: https://populations-ceremony-admission-suspension.trycloudflare.com
[Wed Aug 26 16:58:31 CST 2026] OK tunel vivo: https://populations-ceremony-admission-suspension.trycloudflare.com
[Wed Aug 26 17:04:34 CST 2026] OK tunel vivo: https://populations-ceremony-admission-suspension.trycloudflare.com
[Wed Aug 26 17:06:33 CST 2026] OK tunel vivo: https://populations-ceremony-admission-suspension.trycloudflare.com
[Wed Aug 26 17:08:38 CST 2026] OK tunel vivo: https://populations-ceremony-admission-suspension.trycloudflare.com
[Wed Aug 26 17:10:37 CST 2026] OK tunel vivo: https://populations-ceremony-admission-suspension.trycloudflare.com
[Wed Aug 26 17:12:34 CST 2026] OK tunel vivo: https://populations-ceremony-admission-suspension.trycloudflare.com
[Wed Aug 26 17:19:36 CST 2026] OK tunel vivo: https://populations-ceremony-admission-suspension.trycloudflare.com
[Wed Aug 26 17:20:36 CST 2026] OK tunel vivo: https://populations-ceremony-admission-suspension.trycloudflare.com
[Wed Aug 26 17:22:36 CST 2026] OK tunel vivo: https://populations-ceremony-admission-suspension.trycloudflare.com
[Wed Aug 26 17:26:18 CST 2026] OK tunel vivo: https://populations-ceremony-admission-suspension.trycloudflare.com
[Wed Aug 26 17:28:15 CST 2026] OK tunel vivo: https://populations-ceremony-admission-suspension.trycloudflare.com
[Wed Aug 26 17:30:21 CST 2026] TUNEL CAIDO (https://populations-ceremony-admission-suspension.trycloudflare.com). Relanzando monitor...
[Wed Aug 26 17:30:23 CST 2026] Monitor relanzado (pid 68200)
[Wed Aug 26 17:35:04 CST 2026] OK tunel vivo: https://generators-gras-circumstances-references.trycloudflare.com
[Wed Aug 26 17:39:02 CST 2026] OK tunel vivo: https://generators-gras-circumstances-references.trycloudflare.com
[Wed Aug 26 17:41:02 CST 2026] OK tunel vivo: https://generators-gras-circumstances-references.trycloudflare.com
[Wed Aug 26 17:43:04 CST 2026] OK tunel vivo: https://generators-gras-circumstances-references.trycloudflare.com
[Wed Aug 26 17:45:13 CST 2026] TUNEL CAIDO (https://generators-gras-circumstances-references.trycloudflare.com). Relanzando monitor...
[Wed Aug 26 17:45:16 CST 2026] Monitor relanzado (pid 71029)
[Wed Aug 26 17:51:38 CST 2026] TUNEL CAIDO (https://strip-lodge-organized-lemon.trycloudflare.com). Relanzando monitor...
[Wed Aug 26 17:51:40 CST 2026] Monitor relanzado (pid 72725)
[Wed Aug 26 17:54:41 CST 2026] OK tunel vivo: https://globe-together-runner-hidden.trycloudflare.com
[Wed Aug 26 17:56:44 CST 2026] OK tunel vivo: https://globe-together-runner-hidden.trycloudflare.com
[Wed Aug 26 17:58:42 CST 2026] OK tunel vivo: https://globe-together-runner-hidden.trycloudflare.com
[Wed Aug 26 18:00:39 CST 2026] OK tunel vivo: https://globe-together-runner-hidden.trycloudflare.com
[Wed Aug 26 18:02:38 CST 2026] OK tunel vivo: https://globe-together-runner-hidden.trycloudflare.com
[Wed Aug 26 18:04:41 CST 2026] OK tunel vivo: https://globe-together-runner-hidden.trycloudflare.com
[Wed Aug 26 18:06:42 CST 2026] OK tunel vivo: https://globe-together-runner-hidden.trycloudflare.com
[Wed Aug 26 18:08:41 CST 2026] OK tunel vivo: https://globe-together-runner-hidden.trycloudflare.com
[Wed Aug 26 18:10:41 CST 2026] OK tunel vivo: https://globe-together-runner-hidden.trycloudflare.com
[Wed Aug 26 18:13:54 CST 2026] OK tunel vivo: https://globe-together-runner-hidden.trycloudflare.com
[Wed Aug 26 18:16:48 CST 2026] OK tunel vivo: https://globe-together-runner-hidden.trycloudflare.com
[Wed Aug 26 18:18:48 CST 2026] OK tunel vivo: https://globe-together-runner-hidden.trycloudflare.com
[Wed Aug 26 18:20:48 CST 2026] OK tunel vivo: https://globe-together-runner-hidden.trycloudflare.com
[Wed Aug 26 18:22:49 CST 2026] OK tunel vivo: https://globe-together-runner-hidden.trycloudflare.com
[Wed Aug 26 18:24:56 CST 2026] OK tunel vivo: https://globe-together-runner-hidden.trycloudflare.com
[Wed Aug 26 18:26:58 CST 2026] OK tunel vivo: https://globe-together-runner-hidden.trycloudflare.com
[Wed Aug 26 18:28:55 CST 2026] OK tunel vivo: https://globe-together-runner-hidden.trycloudflare.com
[Wed Aug 26 18:30:55 CST 2026] OK tunel vivo: https://globe-together-runner-hidden.trycloudflare.com
[Wed Aug 26 18:32:54 CST 2026] OK tunel vivo: https://globe-together-runner-hidden.trycloudflare.com
[Wed Aug 26 18:34:58 CST 2026] OK tunel vivo: https://globe-together-runner-hidden.trycloudflare.com
[Wed Aug 26 18:37:00 CST 2026] OK tunel vivo: https://globe-together-runner-hidden.trycloudflare.com
[Wed Aug 26 18:38:56 CST 2026] OK tunel vivo: https://globe-together-runner-hidden.trycloudflare.com
[Wed Aug 26 18:41:01 CST 2026] OK tunel vivo: https://globe-together-runner-hidden.trycloudflare.com
[Wed Aug 26 18:42:56 CST 2026] OK tunel vivo: https://globe-together-runner-hidden.trycloudflare.com
[Wed Aug 26 18:45:11 CST 2026] TUNEL CAIDO (https://globe-together-runner-hidden.trycloudflare.com). Relanzando monitor...
[Wed Aug 26 18:45:13 CST 2026] Monitor relanzado (pid 80106)
[Wed Aug 26 18:50:55 CST 2026] OK tunel vivo: https://ambassador-consider-defensive-loops.trycloudflare.com
[Wed Aug 26 18:52:56 CST 2026] OK tunel vivo: https://ambassador-consider-defensive-loops.trycloudflare.com
[Wed Aug 26 18:54:55 CST 2026] OK tunel vivo: https://ambassador-consider-defensive-loops.trycloudflare.com
[Wed Aug 26 18:57:03 CST 2026] OK tunel vivo: https://ambassador-consider-defensive-loops.trycloudflare.com
[Wed Aug 26 18:58:57 CST 2026] OK tunel vivo: https://ambassador-consider-defensive-loops.trycloudflare.com
[Wed Aug 26 19:01:05 CST 2026] OK tunel vivo: https://ambassador-consider-defensive-loops.trycloudflare.com
[Wed Aug 26 19:02:58 CST 2026] OK tunel vivo: https://ambassador-consider-defensive-loops.trycloudflare.com
[Wed Aug 26 19:04:57 CST 2026] OK tunel vivo: https://ambassador-consider-defensive-loops.trycloudflare.com
[Wed Aug 26 19:06:59 CST 2026] OK tunel vivo: https://ambassador-consider-defensive-loops.trycloudflare.com
[Wed Aug 26 19:09:05 CST 2026] OK tunel vivo: https://ambassador-consider-defensive-loops.trycloudflare.com
[Wed Aug 26 19:17:32 CST 2026] OK tunel vivo: https://ambassador-consider-defensive-loops.trycloudflare.com
[Wed Aug 26 19:18:27 CST 2026] OK tunel vivo: https://ambassador-consider-defensive-loops.trycloudflare.com
[Wed Aug 26 19:20:28 CST 2026] OK tunel vivo: https://ambassador-consider-defensive-loops.trycloudflare.com
[Wed Aug 26 19:22:26 CST 2026] OK tunel vivo: https://ambassador-consider-defensive-loops.trycloudflare.com
[Wed Aug 26 19:34:20 CST 2026] OK tunel vivo: https://ambassador-consider-defensive-loops.trycloudflare.com
[Wed Aug 26 19:36:50 CST 2026] OK tunel vivo: https://ambassador-consider-defensive-loops.trycloudflare.com
[Wed Aug 26 19:38:53 CST 2026] OK tunel vivo: https://ambassador-consider-defensive-loops.trycloudflare.com
[Wed Aug 26 19:44:57 CST 2026] OK tunel vivo: https://ambassador-consider-defensive-loops.trycloudflare.com
[Wed Aug 26 19:47:00 CST 2026] OK tunel vivo: https://ambassador-consider-defensive-loops.trycloudflare.com
[Wed Aug 26 19:49:02 CST 2026] OK tunel vivo: https://ambassador-consider-defensive-loops.trycloudflare.com
[Wed Aug 26 19:51:00 CST 2026] OK tunel vivo: https://ambassador-consider-defensive-loops.trycloudflare.com
[Wed Aug 26 19:53:02 CST 2026] OK tunel vivo: https://ambassador-consider-defensive-loops.trycloudflare.com
[Wed Aug 26 19:55:00 CST 2026] OK tunel vivo: https://ambassador-consider-defensive-loops.trycloudflare.com
[Wed Aug 26 19:57:02 CST 2026] OK tunel vivo: https://ambassador-consider-defensive-loops.trycloudflare.com
[Wed Aug 26 19:59:06 CST 2026] OK tunel vivo: https://ambassador-consider-defensive-loops.trycloudflare.com
[Wed Aug 26 20:00:58 CST 2026] OK tunel vivo: https://ambassador-consider-defensive-loops.trycloudflare.com
[Wed Aug 26 20:03:02 CST 2026] OK tunel vivo: https://ambassador-consider-defensive-loops.trycloudflare.com
[Wed Aug 26 20:04:58 CST 2026] OK tunel vivo: https://ambassador-consider-defensive-loops.trycloudflare.com
[Wed Aug 26 20:06:57 CST 2026] OK tunel vivo: https://ambassador-consider-defensive-loops.trycloudflare.com
[Wed Aug 26 20:09:01 CST 2026] OK tunel vivo: https://ambassador-consider-defensive-loops.trycloudflare.com
[Wed Aug 26 20:10:59 CST 2026] OK tunel vivo: https://ambassador-consider-defensive-loops.trycloudflare.com
[Wed Aug 26 20:12:58 CST 2026] OK tunel vivo: https://ambassador-consider-defensive-loops.trycloudflare.com
[Wed Aug 26 20:15:02 CST 2026] OK tunel vivo: https://ambassador-consider-defensive-loops.trycloudflare.com
[Wed Aug 26 20:17:01 CST 2026] OK tunel vivo: https://ambassador-consider-defensive-loops.trycloudflare.com
[Wed Aug 26 20:18:59 CST 2026] OK tunel vivo: https://ambassador-consider-defensive-loops.trycloudflare.com
[Wed Aug 26 20:20:41 CST 2026] OK tunel vivo: https://ambassador-consider-defensive-loops.trycloudflare.com
[Wed Aug 26 20:22:21 CST 2026] OK tunel vivo: https://ambassador-consider-defensive-loops.trycloudflare.com
[Wed Aug 26 20:24:25 CST 2026] TUNEL CAIDO (https://ambassador-consider-defensive-loops.trycloudflare.com). Relanzando monitor...
[Wed Aug 26 20:24:28 CST 2026] Monitor relanzado (pid 98012)
[Wed Aug 26 20:26:18 CST 2026] OK tunel vivo: https://injured-responsibilities-tomato-hunter.trycloudflare.com
[Wed Aug 26 20:28:24 CST 2026] TUNEL CAIDO (https://injured-responsibilities-tomato-hunter.trycloudflare.com). Relanzando monitor...
[Wed Aug 26 20:28:28 CST 2026] Monitor relanzado (pid 99205)
[Wed Aug 26 20:30:32 CST 2026] OK tunel vivo: https://secondary-barbara-movers-integrity.trycloudflare.com
[Wed Aug 26 20:32:27 CST 2026] OK tunel vivo: https://secondary-barbara-movers-integrity.trycloudflare.com
[Wed Aug 26 20:34:31 CST 2026] OK tunel vivo: https://secondary-barbara-movers-integrity.trycloudflare.com
[Wed Aug 26 20:36:21 CST 2026] OK tunel vivo: https://secondary-barbara-movers-integrity.trycloudflare.com
[Wed Aug 26 20:38:20 CST 2026] OK tunel vivo: https://secondary-barbara-movers-integrity.trycloudflare.com
[Wed Aug 26 20:40:19 CST 2026] OK tunel vivo: https://secondary-barbara-movers-integrity.trycloudflare.com
[Wed Aug 26 20:42:28 CST 2026] OK tunel vivo: https://secondary-barbara-movers-integrity.trycloudflare.com
[Wed Aug 26 20:44:20 CST 2026] OK tunel vivo: https://secondary-barbara-movers-integrity.trycloudflare.com
[Wed Aug 26 20:46:24 CST 2026] OK tunel vivo: https://secondary-barbara-movers-integrity.trycloudflare.com
[Wed Aug 26 20:48:23 CST 2026] OK tunel vivo: https://secondary-barbara-movers-integrity.trycloudflare.com
[Wed Aug 26 20:50:20 CST 2026] OK tunel vivo: https://secondary-barbara-movers-integrity.trycloudflare.com
[Wed Aug 26 20:52:27 CST 2026] OK tunel vivo: https://secondary-barbara-movers-integrity.trycloudflare.com
[Wed Aug 26 20:54:27 CST 2026] OK tunel vivo: https://secondary-barbara-movers-integrity.trycloudflare.com
[Wed Aug 26 20:56:24 CST 2026] OK tunel vivo: https://secondary-barbara-movers-integrity.trycloudflare.com
[Wed Aug 26 20:58:23 CST 2026] OK tunel vivo: https://secondary-barbara-movers-integrity.trycloudflare.com
[Wed Aug 26 21:00:23 CST 2026] OK tunel vivo: https://secondary-barbara-movers-integrity.trycloudflare.com
[Wed Aug 26 21:02:20 CST 2026] OK tunel vivo: https://secondary-barbara-movers-integrity.trycloudflare.com
[Wed Aug 26 21:04:38 CST 2026] TUNEL CAIDO (https://secondary-barbara-movers-integrity.trycloudflare.com). Relanzando monitor...
[Wed Aug 26 21:04:41 CST 2026] Monitor relanzado (pid 4068)
[Wed Aug 26 21:06:27 CST 2026] OK tunel vivo: https://beaches-announce-occur-venues.trycloudflare.com
[Wed Aug 26 21:08:24 CST 2026] OK tunel vivo: https://beaches-announce-occur-venues.trycloudflare.com
[Wed Aug 26 21:10:29 CST 2026] OK tunel vivo: https://beaches-announce-occur-venues.trycloudflare.com
[Wed Aug 26 21:12:30 CST 2026] OK tunel vivo: https://beaches-announce-occur-venues.trycloudflare.com
[Wed Aug 26 21:14:21 CST 2026] OK tunel vivo: https://beaches-announce-occur-venues.trycloudflare.com
[Wed Aug 26 21:16:21 CST 2026] OK tunel vivo: https://beaches-announce-occur-venues.trycloudflare.com
[Wed Aug 26 21:18:28 CST 2026] OK tunel vivo: https://beaches-announce-occur-venues.trycloudflare.com
[Wed Aug 26 21:20:22 CST 2026] OK tunel vivo: https://beaches-announce-occur-venues.trycloudflare.com
[Wed Aug 26 21:22:22 CST 2026] OK tunel vivo: https://beaches-announce-occur-venues.trycloudflare.com
[Wed Aug 26 21:24:24 CST 2026] OK tunel vivo: https://beaches-announce-occur-venues.trycloudflare.com
[Wed Aug 26 21:26:25 CST 2026] OK tunel vivo: https://beaches-announce-occur-venues.trycloudflare.com
[Wed Aug 26 21:28:23 CST 2026] OK tunel vivo: https://beaches-announce-occur-venues.trycloudflare.com
[Wed Aug 26 21:30:24 CST 2026] OK tunel vivo: https://beaches-announce-occur-venues.trycloudflare.com
[Wed Aug 26 21:32:26 CST 2026] OK tunel vivo: https://beaches-announce-occur-venues.trycloudflare.com
[Wed Aug 26 21:34:27 CST 2026] OK tunel vivo: https://beaches-announce-occur-venues.trycloudflare.com
[Wed Aug 26 21:36:26 CST 2026] OK tunel vivo: https://beaches-announce-occur-venues.trycloudflare.com
[Wed Aug 26 21:38:27 CST 2026] OK tunel vivo: https://beaches-announce-occur-venues.trycloudflare.com
[Wed Aug 26 21:40:25 CST 2026] OK tunel vivo: https://beaches-announce-occur-venues.trycloudflare.com
[Wed Aug 26 21:42:33 CST 2026] OK tunel vivo: https://beaches-announce-occur-venues.trycloudflare.com
[Wed Aug 26 21:44:24 CST 2026] OK tunel vivo: https://beaches-announce-occur-venues.trycloudflare.com
[Wed Aug 26 21:46:25 CST 2026] OK tunel vivo: https://beaches-announce-occur-venues.trycloudflare.com
[Wed Aug 26 21:48:25 CST 2026] OK tunel vivo: https://beaches-announce-occur-venues.trycloudflare.com
[Wed Aug 26 21:50:27 CST 2026] OK tunel vivo: https://beaches-announce-occur-venues.trycloudflare.com
[Wed Aug 26 21:52:27 CST 2026] OK tunel vivo: https://beaches-announce-occur-venues.trycloudflare.com
[Wed Aug 26 21:54:30 CST 2026] OK tunel vivo: https://beaches-announce-occur-venues.trycloudflare.com
[Wed Aug 26 21:56:29 CST 2026] OK tunel vivo: https://beaches-announce-occur-venues.trycloudflare.com
[Wed Aug 26 21:58:26 CST 2026] OK tunel vivo: https://beaches-announce-occur-venues.trycloudflare.com
[Wed Aug 26 22:00:30 CST 2026] OK tunel vivo: https://beaches-announce-occur-venues.trycloudflare.com
[Wed Aug 26 22:02:30 CST 2026] OK tunel vivo: https://beaches-announce-occur-venues.trycloudflare.com
[Wed Aug 26 22:04:27 CST 2026] OK tunel vivo: https://beaches-announce-occur-venues.trycloudflare.com
[Wed Aug 26 22:06:28 CST 2026] OK tunel vivo: https://beaches-announce-occur-venues.trycloudflare.com
[Wed Aug 26 22:08:31 CST 2026] OK tunel vivo: https://beaches-announce-occur-venues.trycloudflare.com
[Wed Aug 26 22:10:27 CST 2026] OK tunel vivo: https://beaches-announce-occur-venues.trycloudflare.com
[Wed Aug 26 22:12:28 CST 2026] OK tunel vivo: https://beaches-announce-occur-venues.trycloudflare.com
[Wed Aug 26 22:14:27 CST 2026] OK tunel vivo: https://beaches-announce-occur-venues.trycloudflare.com
[Wed Aug 26 22:16:30 CST 2026] OK tunel vivo: https://beaches-announce-occur-venues.trycloudflare.com
[Wed Aug 26 22:18:29 CST 2026] OK tunel vivo: https://beaches-announce-occur-venues.trycloudflare.com
[Wed Aug 26 22:20:30 CST 2026] OK tunel vivo: https://beaches-announce-occur-venues.trycloudflare.com
[Wed Aug 26 22:22:28 CST 2026] OK tunel vivo: https://beaches-announce-occur-venues.trycloudflare.com
[Wed Aug 26 22:24:28 CST 2026] OK tunel vivo: https://beaches-announce-occur-venues.trycloudflare.com
[Wed Aug 26 22:26:34 CST 2026] OK tunel vivo: https://beaches-announce-occur-venues.trycloudflare.com
[Wed Aug 26 22:28:29 CST 2026] OK tunel vivo: https://beaches-announce-occur-venues.trycloudflare.com
[Wed Aug 26 22:30:33 CST 2026] OK tunel vivo: https://beaches-announce-occur-venues.trycloudflare.com
[Wed Aug 26 22:32:28 CST 2026] OK tunel vivo: https://beaches-announce-occur-venues.trycloudflare.com
[Wed Aug 26 22:34:30 CST 2026] OK tunel vivo: https://beaches-announce-occur-venues.trycloudflare.com
[Wed Aug 26 22:36:30 CST 2026] OK tunel vivo: https://beaches-announce-occur-venues.trycloudflare.com
[Wed Aug 26 22:38:30 CST 2026] OK tunel vivo: https://beaches-announce-occur-venues.trycloudflare.com
[Wed Aug 26 22:40:31 CST 2026] OK tunel vivo: https://beaches-announce-occur-venues.trycloudflare.com
[Wed Aug 26 22:42:28 CST 2026] OK tunel vivo: https://beaches-announce-occur-venues.trycloudflare.com
[Wed Aug 26 22:44:28 CST 2026] OK tunel vivo: https://beaches-announce-occur-venues.trycloudflare.com
[Wed Aug 26 22:46:28 CST 2026] OK tunel vivo: https://beaches-announce-occur-venues.trycloudflare.com
[Wed Aug 26 22:48:29 CST 2026] OK tunel vivo: https://beaches-announce-occur-venues.trycloudflare.com
[Wed Aug 26 22:50:34 CST 2026] OK tunel vivo: https://beaches-announce-occur-venues.trycloudflare.com
[Wed Aug 26 22:52:29 CST 2026] OK tunel vivo: https://beaches-announce-occur-venues.trycloudflare.com
[Wed Aug 26 22:54:33 CST 2026] OK tunel vivo: https://beaches-announce-occur-venues.trycloudflare.com
[Wed Aug 26 22:56:31 CST 2026] OK tunel vivo: https://beaches-announce-occur-venues.trycloudflare.com
[Wed Aug 26 22:58:35 CST 2026] OK tunel vivo: https://beaches-announce-occur-venues.trycloudflare.com
[Wed Aug 26 23:00:37 CST 2026] OK tunel vivo: https://beaches-announce-occur-venues.trycloudflare.com
[Wed Aug 26 23:02:30 CST 2026] OK tunel vivo: https://beaches-announce-occur-venues.trycloudflare.com
[Wed Aug 26 23:04:31 CST 2026] OK tunel vivo: https://beaches-announce-occur-venues.trycloudflare.com
[Wed Aug 26 23:06:33 CST 2026] OK tunel vivo: https://beaches-announce-occur-venues.trycloudflare.com
[Wed Aug 26 23:08:31 CST 2026] OK tunel vivo: https://beaches-announce-occur-venues.trycloudflare.com
[Wed Aug 26 23:10:31 CST 2026] OK tunel vivo: https://beaches-announce-occur-venues.trycloudflare.com
[Wed Aug 26 23:12:31 CST 2026] OK tunel vivo: https://beaches-announce-occur-venues.trycloudflare.com
[Wed Aug 26 23:14:31 CST 2026] OK tunel vivo: https://beaches-announce-occur-venues.trycloudflare.com
[Wed Aug 26 23:16:30 CST 2026] OK tunel vivo: https://beaches-announce-occur-venues.trycloudflare.com
[Wed Aug 26 23:18:38 CST 2026] OK tunel vivo: https://beaches-announce-occur-venues.trycloudflare.com
[Wed Aug 26 23:20:32 CST 2026] OK tunel vivo: https://beaches-announce-occur-venues.trycloudflare.com
[Wed Aug 26 23:22:32 CST 2026] OK tunel vivo: https://beaches-announce-occur-venues.trycloudflare.com
[Wed Aug 26 23:24:35 CST 2026] OK tunel vivo: https://beaches-announce-occur-venues.trycloudflare.com
[Wed Aug 26 23:26:32 CST 2026] OK tunel vivo: https://beaches-announce-occur-venues.trycloudflare.com
[Wed Aug 26 23:28:34 CST 2026] OK tunel vivo: https://beaches-announce-occur-venues.trycloudflare.com
[Wed Aug 26 23:30:34 CST 2026] OK tunel vivo: https://beaches-announce-occur-venues.trycloudflare.com
[Wed Aug 26 23:32:33 CST 2026] OK tunel vivo: https://beaches-announce-occur-venues.trycloudflare.com
[Wed Aug 26 23:34:34 CST 2026] OK tunel vivo: https://beaches-announce-occur-venues.trycloudflare.com
[Wed Aug 26 23:36:35 CST 2026] OK tunel vivo: https://beaches-announce-occur-venues.trycloudflare.com
[Wed Aug 26 23:38:35 CST 2026] OK tunel vivo: https://beaches-announce-occur-venues.trycloudflare.com
[Wed Aug 26 23:40:36 CST 2026] OK tunel vivo: https://beaches-announce-occur-venues.trycloudflare.com
[Wed Aug 26 23:42:34 CST 2026] OK tunel vivo: https://beaches-announce-occur-venues.trycloudflare.com
[Wed Aug 26 23:44:35 CST 2026] OK tunel vivo: https://beaches-announce-occur-venues.trycloudflare.com
[Wed Aug 26 23:46:34 CST 2026] OK tunel vivo: https://beaches-announce-occur-venues.trycloudflare.com
[Wed Aug 26 23:48:39 CST 2026] OK tunel vivo: https://beaches-announce-occur-venues.trycloudflare.com
[Wed Aug 26 23:50:38 CST 2026] OK tunel vivo: https://beaches-announce-occur-venues.trycloudflare.com
[Wed Aug 26 23:52:35 CST 2026] OK tunel vivo: https://beaches-announce-occur-venues.trycloudflare.com
[Wed Aug 26 23:54:37 CST 2026] OK tunel vivo: https://beaches-announce-occur-venues.trycloudflare.com
[Wed Aug 26 23:56:39 CST 2026] OK tunel vivo: https://beaches-announce-occur-venues.trycloudflare.com
[Wed Aug 26 23:58:36 CST 2026] OK tunel vivo: https://beaches-announce-occur-venues.trycloudflare.com
[Thu Aug 27 00:00:40 CST 2026] OK tunel vivo: https://beaches-announce-occur-venues.trycloudflare.com
[Thu Aug 27 00:02:37 CST 2026] OK tunel vivo: https://beaches-announce-occur-venues.trycloudflare.com
[Thu Aug 27 00:04:37 CST 2026] OK tunel vivo: https://beaches-announce-occur-venues.trycloudflare.com
[Thu Aug 27 00:06:38 CST 2026] OK tunel vivo: https://beaches-announce-occur-venues.trycloudflare.com
[Thu Aug 27 00:08:38 CST 2026] OK tunel vivo: https://beaches-announce-occur-venues.trycloudflare.com
[Thu Aug 27 00:10:38 CST 2026] OK tunel vivo: https://beaches-announce-occur-venues.trycloudflare.com
[Thu Aug 27 00:12:39 CST 2026] OK tunel vivo: https://beaches-announce-occur-venues.trycloudflare.com
[Thu Aug 27 00:14:37 CST 2026] OK tunel vivo: https://beaches-announce-occur-venues.trycloudflare.com
[Thu Aug 27 00:16:39 CST 2026] OK tunel vivo: https://beaches-announce-occur-venues.trycloudflare.com
[Thu Aug 27 00:18:39 CST 2026] OK tunel vivo: https://beaches-announce-occur-venues.trycloudflare.com
[Thu Aug 27 00:20:44 CST 2026] OK tunel vivo: https://beaches-announce-occur-venues.trycloudflare.com
[Thu Aug 27 00:22:41 CST 2026] OK tunel vivo: https://beaches-announce-occur-venues.trycloudflare.com
[Thu Aug 27 00:24:39 CST 2026] OK tunel vivo: https://beaches-announce-occur-venues.trycloudflare.com
[Thu Aug 27 00:26:43 CST 2026] OK tunel vivo: https://beaches-announce-occur-venues.trycloudflare.com
[Thu Aug 27 00:28:45 CST 2026] OK tunel vivo: https://beaches-announce-occur-venues.trycloudflare.com
[Thu Aug 27 00:30:40 CST 2026] OK tunel vivo: https://beaches-announce-occur-venues.trycloudflare.com
[Thu Aug 27 00:32:42 CST 2026] OK tunel vivo: https://beaches-announce-occur-venues.trycloudflare.com
[Thu Aug 27 00:34:39 CST 2026] OK tunel vivo: https://beaches-announce-occur-venues.trycloudflare.com
[Thu Aug 27 00:36:44 CST 2026] OK tunel vivo: https://beaches-announce-occur-venues.trycloudflare.com
[Thu Aug 27 00:38:40 CST 2026] OK tunel vivo: https://beaches-announce-occur-venues.trycloudflare.com
[Thu Aug 27 00:40:41 CST 2026] OK tunel vivo: https://beaches-announce-occur-venues.trycloudflare.com
[Thu Aug 27 00:42:41 CST 2026] OK tunel vivo: https://beaches-announce-occur-venues.trycloudflare.com
[Thu Aug 27 00:44:43 CST 2026] OK tunel vivo: https://beaches-announce-occur-venues.trycloudflare.com
[Thu Aug 27 00:46:43 CST 2026] OK tunel vivo: https://beaches-announce-occur-venues.trycloudflare.com
[Thu Aug 27 00:48:44 CST 2026] OK tunel vivo: https://beaches-announce-occur-venues.trycloudflare.com
[Thu Aug 27 00:50:42 CST 2026] OK tunel vivo: https://beaches-announce-occur-venues.trycloudflare.com
[Thu Aug 27 00:52:42 CST 2026] OK tunel vivo: https://beaches-announce-occur-venues.trycloudflare.com
[Thu Aug 27 00:54:43 CST 2026] OK tunel vivo: https://beaches-announce-occur-venues.trycloudflare.com
[Thu Aug 27 00:56:43 CST 2026] OK tunel vivo: https://beaches-announce-occur-venues.trycloudflare.com
[Thu Aug 27 00:58:47 CST 2026] OK tunel vivo: https://beaches-announce-occur-venues.trycloudflare.com
[Thu Aug 27 01:00:54 CST 2026] OK tunel vivo: https://beaches-announce-occur-venues.trycloudflare.com
[Thu Aug 27 01:02:45 CST 2026] OK tunel vivo: https://beaches-announce-occur-venues.trycloudflare.com
[Thu Aug 27 01:04:45 CST 2026] OK tunel vivo: https://beaches-announce-occur-venues.trycloudflare.com
[Thu Aug 27 01:06:45 CST 2026] OK tunel vivo: https://beaches-announce-occur-venues.trycloudflare.com
[Thu Aug 27 01:08:46 CST 2026] OK tunel vivo: https://beaches-announce-occur-venues.trycloudflare.com
[Thu Aug 27 01:10:45 CST 2026] OK tunel vivo: https://beaches-announce-occur-venues.trycloudflare.com
[Thu Aug 27 01:12:46 CST 2026] OK tunel vivo: https://beaches-announce-occur-venues.trycloudflare.com
[Thu Aug 27 01:14:44 CST 2026] OK tunel vivo: https://beaches-announce-occur-venues.trycloudflare.com
[Thu Aug 27 01:16:46 CST 2026] OK tunel vivo: https://beaches-announce-occur-venues.trycloudflare.com
[Thu Aug 27 01:18:46 CST 2026] OK tunel vivo: https://beaches-announce-occur-venues.trycloudflare.com
[Thu Aug 27 01:20:45 CST 2026] OK tunel vivo: https://beaches-announce-occur-venues.trycloudflare.com
[Thu Aug 27 01:22:45 CST 2026] OK tunel vivo: https://beaches-announce-occur-venues.trycloudflare.com
[Thu Aug 27 01:24:47 CST 2026] OK tunel vivo: https://beaches-announce-occur-venues.trycloudflare.com
[Thu Aug 27 01:26:46 CST 2026] OK tunel vivo: https://beaches-announce-occur-venues.trycloudflare.com
[Thu Aug 27 01:28:47 CST 2026] OK tunel vivo: https://beaches-announce-occur-venues.trycloudflare.com
[Thu Aug 27 01:30:51 CST 2026] OK tunel vivo: https://beaches-announce-occur-venues.trycloudflare.com
[Thu Aug 27 01:32:46 CST 2026] OK tunel vivo: https://beaches-announce-occur-venues.trycloudflare.com
[Thu Aug 27 01:34:47 CST 2026] OK tunel vivo: https://beaches-announce-occur-venues.trycloudflare.com
[Thu Aug 27 01:36:47 CST 2026] OK tunel vivo: https://beaches-announce-occur-venues.trycloudflare.com
[Thu Aug 27 01:38:49 CST 2026] OK tunel vivo: https://beaches-announce-occur-venues.trycloudflare.com
[Thu Aug 27 01:40:48 CST 2026] OK tunel vivo: https://beaches-announce-occur-venues.trycloudflare.com
[Thu Aug 27 01:42:54 CST 2026] OK tunel vivo: https://beaches-announce-occur-venues.trycloudflare.com
[Thu Aug 27 01:44:48 CST 2026] OK tunel vivo: https://beaches-announce-occur-venues.trycloudflare.com
[Thu Aug 27 01:46:49 CST 2026] OK tunel vivo: https://beaches-announce-occur-venues.trycloudflare.com
[Thu Aug 27 01:48:50 CST 2026] OK tunel vivo: https://beaches-announce-occur-venues.trycloudflare.com
[Thu Aug 27 01:50:49 CST 2026] OK tunel vivo: https://beaches-announce-occur-venues.trycloudflare.com
[Thu Aug 27 01:52:49 CST 2026] OK tunel vivo: https://beaches-announce-occur-venues.trycloudflare.com
[Thu Aug 27 01:54:50 CST 2026] OK tunel vivo: https://beaches-announce-occur-venues.trycloudflare.com
[Thu Aug 27 01:56:48 CST 2026] OK tunel vivo: https://beaches-announce-occur-venues.trycloudflare.com
[Thu Aug 27 01:58:49 CST 2026] OK tunel vivo: https://beaches-announce-occur-venues.trycloudflare.com
[Thu Aug 27 02:00:53 CST 2026] OK tunel vivo: https://beaches-announce-occur-venues.trycloudflare.com
[Thu Aug 27 02:02:52 CST 2026] OK tunel vivo: https://beaches-announce-occur-venues.trycloudflare.com
[Thu Aug 27 02:04:50 CST 2026] OK tunel vivo: https://beaches-announce-occur-venues.trycloudflare.com
[Thu Aug 27 02:06:50 CST 2026] OK tunel vivo: https://beaches-announce-occur-venues.trycloudflare.com
[Thu Aug 27 02:08:51 CST 2026] OK tunel vivo: https://beaches-announce-occur-venues.trycloudflare.com
[Thu Aug 27 02:10:51 CST 2026] OK tunel vivo: https://beaches-announce-occur-venues.trycloudflare.com
[Thu Aug 27 02:12:57 CST 2026] OK tunel vivo: https://beaches-announce-occur-venues.trycloudflare.com
[Thu Aug 27 02:14:51 CST 2026] OK tunel vivo: https://beaches-announce-occur-venues.trycloudflare.com
[Thu Aug 27 02:16:52 CST 2026] OK tunel vivo: https://beaches-announce-occur-venues.trycloudflare.com
[Thu Aug 27 02:18:53 CST 2026] OK tunel vivo: https://beaches-announce-occur-venues.trycloudflare.com
[Thu Aug 27 02:20:58 CST 2026] OK tunel vivo: https://beaches-announce-occur-venues.trycloudflare.com
[Thu Aug 27 02:22:53 CST 2026] OK tunel vivo: https://beaches-announce-occur-venues.trycloudflare.com
[Thu Aug 27 02:24:54 CST 2026] OK tunel vivo: https://beaches-announce-occur-venues.trycloudflare.com
[Thu Aug 27 02:26:54 CST 2026] OK tunel vivo: https://beaches-announce-occur-venues.trycloudflare.com
[Thu Aug 27 02:28:55 CST 2026] OK tunel vivo: https://beaches-announce-occur-venues.trycloudflare.com
[Thu Aug 27 02:30:57 CST 2026] OK tunel vivo: https://beaches-announce-occur-venues.trycloudflare.com
[Thu Aug 27 02:32:57 CST 2026] OK tunel vivo: https://beaches-announce-occur-venues.trycloudflare.com
[Thu Aug 27 02:34:55 CST 2026] OK tunel vivo: https://beaches-announce-occur-venues.trycloudflare.com
[Thu Aug 27 02:36:57 CST 2026] OK tunel vivo: https://beaches-announce-occur-venues.trycloudflare.com
[Thu Aug 27 02:38:59 CST 2026] OK tunel vivo: https://beaches-announce-occur-venues.trycloudflare.com
[Thu Aug 27 02:40:55 CST 2026] OK tunel vivo: https://beaches-announce-occur-venues.trycloudflare.com
[Thu Aug 27 02:42:54 CST 2026] OK tunel vivo: https://beaches-announce-occur-venues.trycloudflare.com
[Thu Aug 27 02:44:58 CST 2026] OK tunel vivo: https://beaches-announce-occur-venues.trycloudflare.com
[Thu Aug 27 02:46:55 CST 2026] OK tunel vivo: https://beaches-announce-occur-venues.trycloudflare.com
[Thu Aug 27 02:48:56 CST 2026] OK tunel vivo: https://beaches-announce-occur-venues.trycloudflare.com
[Thu Aug 27 02:50:55 CST 2026] OK tunel vivo: https://beaches-announce-occur-venues.trycloudflare.com
[Thu Aug 27 02:52:56 CST 2026] OK tunel vivo: https://beaches-announce-occur-venues.trycloudflare.com
[Thu Aug 27 02:54:57 CST 2026] OK tunel vivo: https://beaches-announce-occur-venues.trycloudflare.com
[Thu Aug 27 02:56:59 CST 2026] OK tunel vivo: https://beaches-announce-occur-venues.trycloudflare.com
[Thu Aug 27 02:58:59 CST 2026] OK tunel vivo: https://beaches-announce-occur-venues.trycloudflare.com
[Thu Aug 27 03:00:59 CST 2026] OK tunel vivo: https://beaches-announce-occur-venues.trycloudflare.com
[Thu Aug 27 03:02:57 CST 2026] OK tunel vivo: https://beaches-announce-occur-venues.trycloudflare.com
[Thu Aug 27 03:05:01 CST 2026] OK tunel vivo: https://beaches-announce-occur-venues.trycloudflare.com
[Thu Aug 27 03:06:58 CST 2026] OK tunel vivo: https://beaches-announce-occur-venues.trycloudflare.com
[Thu Aug 27 03:08:58 CST 2026] OK tunel vivo: https://beaches-announce-occur-venues.trycloudflare.com
[Thu Aug 27 03:10:58 CST 2026] OK tunel vivo: https://beaches-announce-occur-venues.trycloudflare.com
[Thu Aug 27 03:12:58 CST 2026] OK tunel vivo: https://beaches-announce-occur-venues.trycloudflare.com
[Thu Aug 27 03:14:59 CST 2026] OK tunel vivo: https://beaches-announce-occur-venues.trycloudflare.com
[Thu Aug 27 03:17:00 CST 2026] OK tunel vivo: https://beaches-announce-occur-venues.trycloudflare.com
[Thu Aug 27 03:19:01 CST 2026] OK tunel vivo: https://beaches-announce-occur-venues.trycloudflare.com
[Thu Aug 27 03:20:59 CST 2026] OK tunel vivo: https://beaches-announce-occur-venues.trycloudflare.com
[Thu Aug 27 03:23:00 CST 2026] OK tunel vivo: https://beaches-announce-occur-venues.trycloudflare.com
[Thu Aug 27 03:25:02 CST 2026] OK tunel vivo: https://beaches-announce-occur-venues.trycloudflare.com
[Thu Aug 27 03:27:02 CST 2026] OK tunel vivo: https://beaches-announce-occur-venues.trycloudflare.com
[Thu Aug 27 03:29:02 CST 2026] OK tunel vivo: https://beaches-announce-occur-venues.trycloudflare.com
[Thu Aug 27 03:31:05 CST 2026] OK tunel vivo: https://beaches-announce-occur-venues.trycloudflare.com
[Thu Aug 27 03:33:09 CST 2026] OK tunel vivo: https://beaches-announce-occur-venues.trycloudflare.com
[Thu Aug 27 03:35:02 CST 2026] OK tunel vivo: https://beaches-announce-occur-venues.trycloudflare.com
[Thu Aug 27 03:37:03 CST 2026] OK tunel vivo: https://beaches-announce-occur-venues.trycloudflare.com
[Thu Aug 27 03:39:03 CST 2026] OK tunel vivo: https://beaches-announce-occur-venues.trycloudflare.com
[Thu Aug 27 03:41:02 CST 2026] OK tunel vivo: https://beaches-announce-occur-venues.trycloudflare.com
[Thu Aug 27 03:43:03 CST 2026] OK tunel vivo: https://beaches-announce-occur-venues.trycloudflare.com
[Thu Aug 27 03:45:03 CST 2026] OK tunel vivo: https://beaches-announce-occur-venues.trycloudflare.com
[Thu Aug 27 03:47:05 CST 2026] OK tunel vivo: https://beaches-announce-occur-venues.trycloudflare.com
[Thu Aug 27 03:49:06 CST 2026] OK tunel vivo: https://beaches-announce-occur-venues.trycloudflare.com
[Thu Aug 27 03:51:06 CST 2026] OK tunel vivo: https://beaches-announce-occur-venues.trycloudflare.com
[Thu Aug 27 03:53:05 CST 2026] OK tunel vivo: https://beaches-announce-occur-venues.trycloudflare.com
[Thu Aug 27 03:55:06 CST 2026] OK tunel vivo: https://beaches-announce-occur-venues.trycloudflare.com
[Thu Aug 27 03:57:07 CST 2026] OK tunel vivo: https://beaches-announce-occur-venues.trycloudflare.com
[Thu Aug 27 03:59:06 CST 2026] OK tunel vivo: https://beaches-announce-occur-venues.trycloudflare.com
[Thu Aug 27 04:01:06 CST 2026] OK tunel vivo: https://beaches-announce-occur-venues.trycloudflare.com
[Thu Aug 27 04:02:07 CST 2026] OK tunel vivo: https://beaches-announce-occur-venues.trycloudflare.com
[Thu Aug 27 04:04:07 CST 2026] OK tunel vivo: https://beaches-announce-occur-venues.trycloudflare.com
[Thu Aug 27 04:06:07 CST 2026] OK tunel vivo: https://beaches-announce-occur-venues.trycloudflare.com
[Thu Aug 27 04:08:08 CST 2026] OK tunel vivo: https://beaches-announce-occur-venues.trycloudflare.com
[Thu Aug 27 04:10:07 CST 2026] OK tunel vivo: https://beaches-announce-occur-venues.trycloudflare.com
[Thu Aug 27 04:12:07 CST 2026] OK tunel vivo: https://beaches-announce-occur-venues.trycloudflare.com
[Thu Aug 27 04:14:09 CST 2026] OK tunel vivo: https://beaches-announce-occur-venues.trycloudflare.com
[Thu Aug 27 04:16:08 CST 2026] OK tunel vivo: https://beaches-announce-occur-venues.trycloudflare.com
[Thu Aug 27 04:18:07 CST 2026] OK tunel vivo: https://beaches-announce-occur-venues.trycloudflare.com
[Thu Aug 27 04:20:07 CST 2026] OK tunel vivo: https://beaches-announce-occur-venues.trycloudflare.com
[Thu Aug 27 04:22:10 CST 2026] OK tunel vivo: https://beaches-announce-occur-venues.trycloudflare.com
[Thu Aug 27 04:24:09 CST 2026] OK tunel vivo: https://beaches-announce-occur-venues.trycloudflare.com
[Thu Aug 27 04:26:07 CST 2026] OK tunel vivo: https://beaches-announce-occur-venues.trycloudflare.com
[Thu Aug 27 04:28:08 CST 2026] OK tunel vivo: https://beaches-announce-occur-venues.trycloudflare.com
[Thu Aug 27 04:30:08 CST 2026] OK tunel vivo: https://beaches-announce-occur-venues.trycloudflare.com
[Thu Aug 27 04:32:11 CST 2026] OK tunel vivo: https://beaches-announce-occur-venues.trycloudflare.com
[Thu Aug 27 04:34:08 CST 2026] OK tunel vivo: https://beaches-announce-occur-venues.trycloudflare.com
[Thu Aug 27 04:36:07 CST 2026] OK tunel vivo: https://beaches-announce-occur-venues.trycloudflare.com
[Thu Aug 27 04:38:09 CST 2026] OK tunel vivo: https://beaches-announce-occur-venues.trycloudflare.com
[Thu Aug 27 04:40:08 CST 2026] OK tunel vivo: https://beaches-announce-occur-venues.trycloudflare.com
[Thu Aug 27 04:42:08 CST 2026] OK tunel vivo: https://beaches-announce-occur-venues.trycloudflare.com
[Thu Aug 27 04:44:08 CST 2026] OK tunel vivo: https://beaches-announce-occur-venues.trycloudflare.com
[Thu Aug 27 04:46:08 CST 2026] OK tunel vivo: https://beaches-announce-occur-venues.trycloudflare.com
[Thu Aug 27 04:48:08 CST 2026] OK tunel vivo: https://beaches-announce-occur-venues.trycloudflare.com
[Thu Aug 27 04:50:09 CST 2026] OK tunel vivo: https://beaches-announce-occur-venues.trycloudflare.com
[Thu Aug 27 04:52:09 CST 2026] OK tunel vivo: https://beaches-announce-occur-venues.trycloudflare.com
[Thu Aug 27 04:54:16 CST 2026] OK tunel vivo: https://beaches-announce-occur-venues.trycloudflare.com
[Thu Aug 27 04:56:10 CST 2026] OK tunel vivo: https://beaches-announce-occur-venues.trycloudflare.com
[Thu Aug 27 04:58:09 CST 2026] OK tunel vivo: https://beaches-announce-occur-venues.trycloudflare.com
[Thu Aug 27 05:00:10 CST 2026] OK tunel vivo: https://beaches-announce-occur-venues.trycloudflare.com
[Thu Aug 27 05:02:09 CST 2026] OK tunel vivo: https://beaches-announce-occur-venues.trycloudflare.com
[Thu Aug 27 05:04:12 CST 2026] OK tunel vivo: https://beaches-announce-occur-venues.trycloudflare.com
[Thu Aug 27 05:20:24 CST 2026] OK tunel vivo: https://beaches-announce-occur-venues.trycloudflare.com
[Thu Aug 27 05:36:46 CST 2026] TUNEL CAIDO (https://beaches-announce-occur-venues.trycloudflare.com). Relanzando monitor...
[Thu Aug 27 05:36:48 CST 2026] Monitor relanzado (pid 89732)
[Thu Aug 27 05:38:48 CST 2026] OK tunel vivo: https://proposed-correspondence-james-missile.trycloudflare.com
[Thu Aug 27 05:56:12 CST 2026] TUNEL CAIDO (https://proposed-correspondence-james-missile.trycloudflare.com). Relanzando monitor...
[Thu Aug 27 05:56:14 CST 2026] Monitor relanzado (pid 90277)
[Thu Aug 27 06:13:34 CST 2026] TUNEL CAIDO (https://url-synthesis-validity-sally.trycloudflare.com). Relanzando monitor...
[Thu Aug 27 06:13:37 CST 2026] Monitor relanzado (pid 90656)
[Thu Aug 27 06:14:36 CST 2026] OK tunel vivo: https://objectives-pickup-vote-operations.trycloudflare.com
[Thu Aug 27 06:31:07 CST 2026] TUNEL CAIDO (https://objectives-pickup-vote-operations.trycloudflare.com). Relanzando monitor...
[Thu Aug 27 06:31:09 CST 2026] Monitor relanzado (pid 90972)
[Thu Aug 27 06:32:07 CST 2026] OK tunel vivo: https://mid-strength-blanket-spending.trycloudflare.com
[Thu Aug 27 06:39:59 CST 2026] OK tunel vivo: https://mid-strength-blanket-spending.trycloudflare.com
[Thu Aug 27 06:58:21 CST 2026] TUNEL CAIDO (https://mid-strength-blanket-spending.trycloudflare.com). Relanzando monitor...
[Thu Aug 27 06:58:23 CST 2026] Monitor relanzado (pid 91723)
[Thu Aug 27 07:00:24 CST 2026] OK tunel vivo: https://biblical-internship-tuition-ready.trycloudflare.com
[Thu Aug 27 07:26:12 CST 2026] TUNEL CAIDO (https://biblical-internship-tuition-ready.trycloudflare.com). Relanzando monitor...
[Thu Aug 27 07:26:14 CST 2026] Monitor relanzado (pid 92434)
[Thu Aug 27 07:42:19 CST 2026] TUNEL CAIDO (https://biblical-internship-tuition-ready.trycloudflare.com). Relanzando monitor...
[Thu Aug 27 07:42:21 CST 2026] Monitor relanzado (pid 92997)
[Thu Aug 27 08:16:11 CST 2026] TUNEL CAIDO (https://mission-ricky-cap-aviation.trycloudflare.com). Relanzando monitor...
[Thu Aug 27 08:16:13 CST 2026] Monitor relanzado (pid 93468)
[Thu Aug 27 08:18:12 CST 2026] OK tunel vivo: https://clause-scholars-separately-talking.trycloudflare.com
[Thu Aug 27 08:34:34 CST 2026] TUNEL CAIDO (https://clause-scholars-separately-talking.trycloudflare.com). Relanzando monitor...
[Thu Aug 27 08:34:37 CST 2026] Monitor relanzado (pid 93924)
[Thu Aug 27 08:41:53 CST 2026] OK tunel vivo: https://pills-remind-flashers-sparc.trycloudflare.com
[Thu Aug 27 08:57:59 CST 2026] TUNEL CAIDO (https://pills-remind-flashers-sparc.trycloudflare.com). Relanzando monitor...
[Thu Aug 27 08:58:01 CST 2026] Monitor relanzado (pid 94239)
[Thu Aug 27 09:15:25 CST 2026] OK tunel vivo: https://construct-notes-playback-queens.trycloudflare.com
[Thu Aug 27 09:43:19 CST 2026] TUNEL CAIDO (https://construct-notes-playback-queens.trycloudflare.com). Relanzando monitor...
[Thu Aug 27 09:43:21 CST 2026] Monitor relanzado (pid 95125)
[Thu Aug 27 09:59:23 CST 2026] TUNEL CAIDO (https://gulf-intervals-crystal-globe.trycloudflare.com). Relanzando monitor...
[Thu Aug 27 09:59:25 CST 2026] Monitor relanzado (pid 95452)
[Thu Aug 27 10:00:25 CST 2026] OK tunel vivo: https://gay-belongs-liability-comments.trycloudflare.com
[Thu Aug 27 10:17:49 CST 2026] TUNEL CAIDO (https://gay-belongs-liability-comments.trycloudflare.com). Relanzando monitor...
[Thu Aug 27 10:17:51 CST 2026] Monitor relanzado (pid 95892)
[Thu Aug 27 10:26:14 CST 2026] OK tunel vivo: https://wallpaper-framed-conversion-eden.trycloudflare.com
[Thu Aug 27 10:42:24 CST 2026] TUNEL CAIDO (https://wallpaper-framed-conversion-eden.trycloudflare.com). Relanzando monitor...
[Thu Aug 27 10:42:26 CST 2026] Monitor relanzado (pid 96616)
[Thu Aug 27 10:59:49 CST 2026] OK tunel vivo: https://wan-beijing-consistency-shopping.trycloudflare.com
[Thu Aug 27 11:17:09 CST 2026] TUNEL CAIDO (https://wan-beijing-consistency-shopping.trycloudflare.com). Relanzando monitor...
[Thu Aug 27 11:17:11 CST 2026] Monitor relanzado (pid 97256)
[Thu Aug 27 11:18:10 CST 2026] OK tunel vivo: https://fruits-classical-aims-produces.trycloudflare.com
[Thu Aug 27 11:34:37 CST 2026] TUNEL CAIDO (https://fruits-classical-aims-produces.trycloudflare.com). Relanzando monitor...
[Thu Aug 27 11:34:39 CST 2026] Monitor relanzado (pid 97653)
[Thu Aug 27 11:38:35 CST 2026] OK tunel vivo: https://ferry-cancellation-guaranteed-after.trycloudflare.com
[Thu Aug 27 11:40:38 CST 2026] OK tunel vivo: https://ferry-cancellation-guaranteed-after.trycloudflare.com
[Thu Aug 27 11:42:38 CST 2026] OK tunel vivo: https://ferry-cancellation-guaranteed-after.trycloudflare.com
[Thu Aug 27 11:44:39 CST 2026] OK tunel vivo: https://ferry-cancellation-guaranteed-after.trycloudflare.com
[Thu Aug 27 12:01:01 CST 2026] TUNEL CAIDO (https://ferry-cancellation-guaranteed-after.trycloudflare.com). Relanzando monitor...
[Thu Aug 27 12:01:03 CST 2026] Monitor relanzado (pid 99256)
[Thu Aug 27 12:19:18 CST 2026] TUNEL CAIDO (https://interest-evaluations-bulk-barnes.trycloudflare.com). Relanzando monitor...
[Thu Aug 27 12:19:20 CST 2026] Monitor relanzado (pid 99835)
[Thu Aug 27 12:36:53 CST 2026] OK tunel vivo: https://toronto-phrases-polar-idaho.trycloudflare.com
[Thu Aug 27 12:44:21 CST 2026] OK tunel vivo: https://toronto-phrases-polar-idaho.trycloudflare.com
[Thu Aug 27 12:47:36 CST 2026] OK tunel vivo: https://toronto-phrases-polar-idaho.trycloudflare.com
[Thu Aug 27 13:03:59 CST 2026] TUNEL CAIDO (https://toronto-phrases-polar-idaho.trycloudflare.com). Relanzando monitor...
[Thu Aug 27 13:04:01 CST 2026] Monitor relanzado (pid 1103)
[Thu Aug 27 13:19:52 CST 2026] OK tunel vivo: https://elsewhere-therapeutic-cable-switching.trycloudflare.com
[Thu Aug 27 13:22:50 CST 2026] OK tunel vivo: https://elsewhere-therapeutic-cable-switching.trycloudflare.com
[Thu Aug 27 13:24:51 CST 2026] OK tunel vivo: https://elsewhere-therapeutic-cable-switching.trycloudflare.com
[Thu Aug 27 13:26:56 CST 2026] TUNEL CAIDO (https://elsewhere-therapeutic-cable-switching.trycloudflare.com). Relanzando monitor...
[Thu Aug 27 13:26:58 CST 2026] Monitor relanzado (pid 2643)
[Thu Aug 27 13:28:50 CST 2026] OK tunel vivo: https://advisor-withdrawal-benefits-programs.trycloudflare.com
[Thu Aug 27 13:30:52 CST 2026] OK tunel vivo: https://advisor-withdrawal-benefits-programs.trycloudflare.com
[Thu Aug 27 13:32:50 CST 2026] OK tunel vivo: https://advisor-withdrawal-benefits-programs.trycloudflare.com
[Thu Aug 27 13:35:00 CST 2026] OK tunel vivo: https://advisor-withdrawal-benefits-programs.trycloudflare.com
[Thu Aug 27 13:37:02 CST 2026] OK tunel vivo: https://advisor-withdrawal-benefits-programs.trycloudflare.com
[Thu Aug 27 13:39:09 CST 2026] OK tunel vivo: https://advisor-withdrawal-benefits-programs.trycloudflare.com
[Thu Aug 27 13:40:40 CST 2026] TUNEL CAIDO (https://advisor-withdrawal-benefits-programs.trycloudflare.com). Relanzando monitor...
[Thu Aug 27 13:40:42 CST 2026] Monitor relanzado (pid 5085)
[Thu Aug 27 13:42:56 CST 2026] OK tunel vivo: https://circumstances-shapes-sunset-specials.trycloudflare.com
[Thu Aug 27 13:44:38 CST 2026] TUNEL CAIDO (https://circumstances-shapes-sunset-specials.trycloudflare.com). Relanzando monitor...
[Thu Aug 27 13:44:45 CST 2026] Monitor relanzado (pid 5816)
[Thu Aug 27 13:55:06 CST 2026] TUNEL CAIDO (https://philosophy-oakland-stopped-realize.trycloudflare.com). Relanzando monitor...
[Thu Aug 27 13:55:08 CST 2026] Monitor relanzado (pid 7699)
[Thu Aug 27 14:04:26 CST 2026] TUNEL CAIDO (https://blend-salon-sandra-rough.trycloudflare.com). Relanzando monitor...
[Thu Aug 27 14:04:34 CST 2026] Monitor relanzado (pid 9824)
[Thu Aug 27 14:14:27 CST 2026] TUNEL CAIDO (https://therapy-liberal-enlargement-inspections.trycloudflare.com). Relanzando monitor...
[Thu Aug 27 14:14:30 CST 2026] Monitor relanzado (pid 12741)
[Thu Aug 27 14:16:25 CST 2026] TUNEL CAIDO (https://information-navigation-trains-charm.trycloudflare.com). Relanzando monitor...
[Thu Aug 27 14:16:30 CST 2026] Monitor relanzado (pid 13092)
[Thu Aug 27 14:19:07 CST 2026] TUNEL CAIDO (https://sci-primarily-impacts-techno.trycloudflare.com). Relanzando monitor...
[Thu Aug 27 14:19:09 CST 2026] Monitor relanzado (pid 13537)
[Thu Aug 27 14:21:02 CST 2026] TUNEL CAIDO (https://sara-knights-productivity-martha.trycloudflare.com). Relanzando monitor...
[Thu Aug 27 14:21:06 CST 2026] Monitor relanzado (pid 13908)
[Thu Aug 27 14:23:07 CST 2026] TUNEL CAIDO (https://warehouse-wellness-elizabeth-amount.trycloudflare.com). Relanzando monitor...
[Thu Aug 27 14:23:10 CST 2026] Monitor relanzado (pid 14170)
[Thu Aug 27 14:27:26 CST 2026] TUNEL CAIDO (https://wine-integrated-mortgages-economy.trycloudflare.com). Relanzando monitor...
[Thu Aug 27 14:27:29 CST 2026] Monitor relanzado (pid 14647)
[Thu Aug 27 14:30:32 CST 2026] TUNEL CAIDO (https://record-encourages-chassis-viewpicture.trycloudflare.com). Relanzando monitor...
[Thu Aug 27 14:30:36 CST 2026] Monitor relanzado (pid 15022)
[Thu Aug 27 14:40:35 CST 2026] TUNEL CAIDO (https://adventure-standards-affordable-space.trycloudflare.com). Relanzando monitor...
[Thu Aug 27 14:40:37 CST 2026] Monitor relanzado (pid 16804)
[Thu Aug 27 14:42:36 CST 2026] TUNEL CAIDO (https://parts-lists-arm-training.trycloudflare.com). Relanzando monitor...
[Thu Aug 27 14:42:39 CST 2026] Monitor relanzado (pid 17066)
[Thu Aug 27 14:44:35 CST 2026] TUNEL CAIDO (https://regional-msie-assurance-divine.trycloudflare.com). Relanzando monitor...
[Thu Aug 27 14:44:38 CST 2026] Monitor relanzado (pid 17304)
[Thu Aug 27 14:46:39 CST 2026] TUNEL CAIDO (https://astrology-buy-yacht-katie.trycloudflare.com). Relanzando monitor...
[Thu Aug 27 14:46:43 CST 2026] Monitor relanzado (pid 17518)
[Thu Aug 27 14:48:32 CST 2026] OK tunel vivo: https://glass-comfort-dice-dot.trycloudflare.com
[Thu Aug 27 14:50:33 CST 2026] OK tunel vivo: https://glass-comfort-dice-dot.trycloudflare.com
[Thu Aug 27 14:52:33 CST 2026] OK tunel vivo: https://glass-comfort-dice-dot.trycloudflare.com
[Thu Aug 27 14:54:31 CST 2026] OK tunel vivo: https://glass-comfort-dice-dot.trycloudflare.com
[Thu Aug 27 14:56:33 CST 2026] OK tunel vivo: https://glass-comfort-dice-dot.trycloudflare.com
[Thu Aug 27 14:58:32 CST 2026] OK tunel vivo: https://glass-comfort-dice-dot.trycloudflare.com
[Thu Aug 27 15:00:32 CST 2026] OK tunel vivo: https://glass-comfort-dice-dot.trycloudflare.com
[Thu Aug 27 15:02:38 CST 2026] TUNEL CAIDO (https://glass-comfort-dice-dot.trycloudflare.com). Relanzando monitor...
[Thu Aug 27 15:02:41 CST 2026] Monitor relanzado (pid 20026)
[Thu Aug 27 15:04:33 CST 2026] OK tunel vivo: https://iso-camp-comparing-games.trycloudflare.com
[Thu Aug 27 15:06:37 CST 2026] OK tunel vivo: https://iso-camp-comparing-games.trycloudflare.com
[Thu Aug 27 15:08:34 CST 2026] OK tunel vivo: https://iso-camp-comparing-games.trycloudflare.com
[Thu Aug 27 15:10:34 CST 2026] OK tunel vivo: https://iso-camp-comparing-games.trycloudflare.com
[Thu Aug 27 15:12:32 CST 2026] OK tunel vivo: https://iso-camp-comparing-games.trycloudflare.com
[Thu Aug 27 15:14:32 CST 2026] OK tunel vivo: https://iso-camp-comparing-games.trycloudflare.com
[Thu Aug 27 15:16:32 CST 2026] OK tunel vivo: https://iso-camp-comparing-games.trycloudflare.com
[Thu Aug 27 15:18:34 CST 2026] OK tunel vivo: https://iso-camp-comparing-games.trycloudflare.com
[Thu Aug 27 15:20:32 CST 2026] OK tunel vivo: https://iso-camp-comparing-games.trycloudflare.com
[Thu Aug 27 15:22:33 CST 2026] OK tunel vivo: https://iso-camp-comparing-games.trycloudflare.com
[Thu Aug 27 15:24:35 CST 2026] OK tunel vivo: https://iso-camp-comparing-games.trycloudflare.com
[Thu Aug 27 15:26:35 CST 2026] OK tunel vivo: https://iso-camp-comparing-games.trycloudflare.com
[Thu Aug 27 15:28:33 CST 2026] OK tunel vivo: https://iso-camp-comparing-games.trycloudflare.com
[Thu Aug 27 15:30:38 CST 2026] OK tunel vivo: https://iso-camp-comparing-games.trycloudflare.com
[Thu Aug 27 15:32:33 CST 2026] OK tunel vivo: https://iso-camp-comparing-games.trycloudflare.com
[Thu Aug 27 15:34:36 CST 2026] OK tunel vivo: https://iso-camp-comparing-games.trycloudflare.com
[Thu Aug 27 15:36:33 CST 2026] OK tunel vivo: https://iso-camp-comparing-games.trycloudflare.com
[Thu Aug 27 15:38:37 CST 2026] OK tunel vivo: https://iso-camp-comparing-games.trycloudflare.com
[Thu Aug 27 15:40:36 CST 2026] OK tunel vivo: https://iso-camp-comparing-games.trycloudflare.com
[Thu Aug 27 15:42:37 CST 2026] OK tunel vivo: https://iso-camp-comparing-games.trycloudflare.com
[Thu Aug 27 15:44:38 CST 2026] OK tunel vivo: https://iso-camp-comparing-games.trycloudflare.com
[Thu Aug 27 15:46:34 CST 2026] OK tunel vivo: https://iso-camp-comparing-games.trycloudflare.com
[Thu Aug 27 15:48:36 CST 2026] OK tunel vivo: https://iso-camp-comparing-games.trycloudflare.com
[Thu Aug 27 15:50:33 CST 2026] OK tunel vivo: https://iso-camp-comparing-games.trycloudflare.com
[Thu Aug 27 15:52:14 CST 2026] OK tunel vivo: https://iso-camp-comparing-games.trycloudflare.com
[Thu Aug 27 15:54:10 CST 2026] OK tunel vivo: https://iso-camp-comparing-games.trycloudflare.com
[Thu Aug 27 15:56:18 CST 2026] OK tunel vivo: https://iso-camp-comparing-games.trycloudflare.com
[Thu Aug 27 15:58:14 CST 2026] OK tunel vivo: https://iso-camp-comparing-games.trycloudflare.com
[Thu Aug 27 16:00:10 CST 2026] OK tunel vivo: https://iso-camp-comparing-games.trycloudflare.com
[Thu Aug 27 16:02:26 CST 2026] OK tunel vivo: https://iso-camp-comparing-games.trycloudflare.com
[Thu Aug 27 16:04:11 CST 2026] OK tunel vivo: https://iso-camp-comparing-games.trycloudflare.com
[Thu Aug 27 16:08:49 CST 2026] OK tunel vivo: https://iso-camp-comparing-games.trycloudflare.com
[Thu Aug 27 16:10:38 CST 2026] TUNEL CAIDO (https://iso-camp-comparing-games.trycloudflare.com). Relanzando monitor...
[Thu Aug 27 16:10:40 CST 2026] Monitor relanzado (pid 34816)
[Thu Aug 27 16:28:29 CST 2026] OK tunel vivo: https://18318a8b542a93a4-187-184-9-55.serveousercontent.com
[Thu Aug 27 16:30:27 CST 2026] OK tunel vivo: https://18318a8b542a93a4-187-184-9-55.serveousercontent.com
[Thu Aug 27 16:32:52 CST 2026] OK tunel vivo: https://18318a8b542a93a4-187-184-9-55.serveousercontent.com
[Thu Aug 27 16:34:25 CST 2026] OK tunel vivo: https://18318a8b542a93a4-187-184-9-55.serveousercontent.com
[Thu Aug 27 16:36:25 CST 2026] OK tunel vivo: https://18318a8b542a93a4-187-184-9-55.serveousercontent.com
[Thu Aug 27 16:38:27 CST 2026] OK tunel vivo: https://18318a8b542a93a4-187-184-9-55.serveousercontent.com
[Thu Aug 27 16:40:25 CST 2026] OK tunel vivo: https://18318a8b542a93a4-187-184-9-55.serveousercontent.com
[Thu Aug 27 16:42:27 CST 2026] OK tunel vivo: https://18318a8b542a93a4-187-184-9-55.serveousercontent.com
[Thu Aug 27 16:44:46 CST 2026] OK tunel vivo: https://18318a8b542a93a4-187-184-9-55.serveousercontent.com
[Thu Aug 27 16:46:45 CST 2026] OK tunel vivo: https://18318a8b542a93a4-187-184-9-55.serveousercontent.com
[Thu Aug 27 16:48:52 CST 2026] OK tunel vivo: https://18318a8b542a93a4-187-184-9-55.serveousercontent.com
[Thu Aug 27 16:50:44 CST 2026] OK tunel vivo: https://18318a8b542a93a4-187-184-9-55.serveousercontent.com
[Thu Aug 27 16:52:50 CST 2026] OK tunel vivo: https://18318a8b542a93a4-187-184-9-55.serveousercontent.com
[Thu Aug 27 16:54:59 CST 2026] OK tunel vivo: https://18318a8b542a93a4-187-184-9-55.serveousercontent.com
[Thu Aug 27 17:06:55 CST 2026] TUNEL CAIDO (https://safer-gauge-both-presidential.trycloudflare.com). Relanzando monitor...
[Thu Aug 27 17:06:57 CST 2026] Monitor relanzado (pid 46287)
[Thu Aug 27 17:08:56 CST 2026] OK tunel vivo: https://inf-observer-night-physicians.trycloudflare.com
[Thu Aug 27 17:10:52 CST 2026] OK tunel vivo: https://inf-observer-night-physicians.trycloudflare.com
[Thu Aug 27 17:12:54 CST 2026] OK tunel vivo: https://inf-observer-night-physicians.trycloudflare.com
[Thu Aug 27 17:15:47 CST 2026] TUNEL CAIDO (https://inf-observer-night-physicians.trycloudflare.com). Relanzando monitor...
[Thu Aug 27 17:15:49 CST 2026] Monitor relanzado (pid 47588)
[Thu Aug 27 17:18:54 CST 2026] TUNEL CAIDO (https://tennis-ensure-sand-valley.trycloudflare.com). Relanzando monitor...
[Thu Aug 27 17:18:56 CST 2026] Monitor relanzado (pid 48204)
[Thu Aug 27 17:20:46 CST 2026] OK tunel vivo: https://fun-plug-letters-influence.trycloudflare.com
[Thu Aug 27 17:22:47 CST 2026] OK tunel vivo: https://fun-plug-letters-influence.trycloudflare.com
[Thu Aug 27 17:24:47 CST 2026] OK tunel vivo: https://fun-plug-letters-influence.trycloudflare.com
[Thu Aug 27 17:26:48 CST 2026] OK tunel vivo: https://fun-plug-letters-influence.trycloudflare.com
[Thu Aug 27 17:28:45 CST 2026] OK tunel vivo: https://fun-plug-letters-influence.trycloudflare.com
[Thu Aug 27 17:30:56 CST 2026] OK tunel vivo: https://fun-plug-letters-influence.trycloudflare.com
[Thu Aug 27 17:32:51 CST 2026] OK tunel vivo: https://fun-plug-letters-influence.trycloudflare.com
[Thu Aug 27 17:34:49 CST 2026] OK tunel vivo: https://fun-plug-letters-influence.trycloudflare.com
[Thu Aug 27 17:36:48 CST 2026] OK tunel vivo: https://fun-plug-letters-influence.trycloudflare.com
[Thu Aug 27 17:38:51 CST 2026] OK tunel vivo: https://fun-plug-letters-influence.trycloudflare.com
[Thu Aug 27 17:40:50 CST 2026] OK tunel vivo: https://fun-plug-letters-influence.trycloudflare.com
[Thu Aug 27 17:42:49 CST 2026] OK tunel vivo: https://fun-plug-letters-influence.trycloudflare.com
[Thu Aug 27 17:44:52 CST 2026] TUNEL CAIDO (https://fun-plug-letters-influence.trycloudflare.com). Relanzando monitor...
[Thu Aug 27 17:44:54 CST 2026] Monitor relanzado (pid 52576)
[Thu Aug 27 17:57:05 CST 2026] OK tunel vivo: https://fun-plug-letters-influence.trycloudflare.com
[Thu Aug 27 18:18:34 CST 2026] TUNEL CAIDO (https://fun-plug-letters-influence.trycloudflare.com). Relanzando monitor...
[Thu Aug 27 18:18:37 CST 2026] Monitor relanzado (pid 63892)
[Thu Aug 27 18:30:47 CST 2026] TUNEL CAIDO (https://fun-plug-letters-influence.trycloudflare.com). Relanzando monitor...
[Thu Aug 27 18:30:49 CST 2026] Monitor relanzado (pid 67611)
[Thu Aug 27 18:51:01 CST 2026] TUNEL CAIDO (https://assistance-disks-coffee-economic.trycloudflare.com). Relanzando monitor...
[Thu Aug 27 18:51:03 CST 2026] Monitor relanzado (pid 72596)
[Thu Aug 27 18:53:02 CST 2026] TUNEL CAIDO (https://super-strike-poison-accessory.trycloudflare.com). Relanzando monitor...
[Thu Aug 27 18:53:05 CST 2026] Monitor relanzado (pid 72873)
[Thu Aug 27 18:55:01 CST 2026] TUNEL CAIDO (https://parent-blowing-whose-delivering.trycloudflare.com). Relanzando monitor...
[Thu Aug 27 18:55:03 CST 2026] Monitor relanzado (pid 73168)
[Thu Aug 27 18:57:01 CST 2026] TUNEL CAIDO (https://impacts-preventing-doctrine-praise.trycloudflare.com). Relanzando monitor...
[Thu Aug 27 18:57:03 CST 2026] Monitor relanzado (pid 73452)
[Thu Aug 27 18:59:03 CST 2026] TUNEL CAIDO (https://movements-definitely-undo-other.trycloudflare.com). Relanzando monitor...
[Thu Aug 27 18:59:05 CST 2026] Monitor relanzado (pid 74228)
[Thu Aug 27 19:00:59 CST 2026] TUNEL CAIDO (https://interact-algorithm-salt-cork.trycloudflare.com). Relanzando monitor...
[Thu Aug 27 19:01:02 CST 2026] Monitor relanzado (pid 74495)
[Thu Aug 27 19:03:06 CST 2026] TUNEL CAIDO (https://highways-dog-dishes-middle.trycloudflare.com). Relanzando monitor...
[Thu Aug 27 19:03:09 CST 2026] Monitor relanzado (pid 74984)
[Thu Aug 27 19:05:12 CST 2026] TUNEL CAIDO (https://edge-physiology-habits-ranges.trycloudflare.com). Relanzando monitor...
[Thu Aug 27 19:05:14 CST 2026] Monitor relanzado (pid 75254)
[Thu Aug 27 19:09:06 CST 2026] TUNEL CAIDO (https://globe-charged-rolling-euro.trycloudflare.com). Relanzando monitor...
[Thu Aug 27 19:09:11 CST 2026] Monitor relanzado (pid 75875)
[Thu Aug 27 19:13:09 CST 2026] TUNEL CAIDO (https://nutrition-hearing-approximately-bars.trycloudflare.com). Relanzando monitor...
[Thu Aug 27 19:13:11 CST 2026] Monitor relanzado (pid 76941)
[Thu Aug 27 19:15:23 CST 2026] TUNEL CAIDO (https://song-uniform-sara-unexpected.trycloudflare.com). Relanzando monitor...
[Thu Aug 27 19:15:26 CST 2026] Monitor relanzado (pid 77759)
[Thu Aug 27 19:16:25 CST 2026] TUNEL CAIDO (https://hopkins-creation-funky-apparatus.trycloudflare.com). Relanzando monitor...
[Thu Aug 27 19:16:27 CST 2026] Monitor relanzado (pid 78059)
[Thu Aug 27 19:18:38 CST 2026] TUNEL CAIDO (https://maui-bedding-nonprofit-albuquerque.trycloudflare.com). Relanzando monitor...
[Thu Aug 27 19:18:40 CST 2026] Monitor relanzado (pid 78839)
[Thu Aug 27 19:20:32 CST 2026] TUNEL CAIDO (https://smith-briefs-scotland-regime.trycloudflare.com). Relanzando monitor...
[Thu Aug 27 19:20:34 CST 2026] Monitor relanzado (pid 79327)
[Thu Aug 27 19:22:37 CST 2026] TUNEL CAIDO (https://math-mills-procedures-leaders.trycloudflare.com). Relanzando monitor...
[Thu Aug 27 19:22:39 CST 2026] Monitor relanzado (pid 79829)
[Thu Aug 27 19:24:30 CST 2026] TUNEL CAIDO (https://tattoo-preview-prospect-maternity.trycloudflare.com). Relanzando monitor...
[Thu Aug 27 19:24:32 CST 2026] Monitor relanzado (pid 80433)
[Thu Aug 27 19:26:27 CST 2026] OK tunel vivo: https://los-functionality-treat-housewives.trycloudflare.com
[Thu Aug 27 19:28:26 CST 2026] TUNEL CAIDO (https://los-functionality-treat-housewives.trycloudflare.com). Relanzando monitor...
[Thu Aug 27 19:28:29 CST 2026] Monitor relanzado (pid 81945)
[Thu Aug 27 19:30:32 CST 2026] TUNEL CAIDO (https://underground-immunology-coal-jonathan.trycloudflare.com). Relanzando monitor...
[Thu Aug 27 19:30:35 CST 2026] Monitor relanzado (pid 82850)
[Thu Aug 27 19:32:29 CST 2026] TUNEL CAIDO (https://eliminate-handheld-milton-subject.trycloudflare.com). Relanzando monitor...
[Thu Aug 27 19:32:32 CST 2026] Monitor relanzado (pid 83576)
[Thu Aug 27 19:34:30 CST 2026] TUNEL CAIDO (https://removable-estates-perry-marked.trycloudflare.com). Relanzando monitor...
[Thu Aug 27 19:34:32 CST 2026] Monitor relanzado (pid 84698)
[Thu Aug 27 19:36:28 CST 2026] OK tunel vivo: https://ladder-bold-salmon-copyrights.trycloudflare.com
[Thu Aug 27 19:38:27 CST 2026] OK tunel vivo: https://ladder-bold-salmon-copyrights.trycloudflare.com
[Thu Aug 27 19:40:27 CST 2026] OK tunel vivo: https://ladder-bold-salmon-copyrights.trycloudflare.com
[Thu Aug 27 19:42:30 CST 2026] TUNEL CAIDO (https://ladder-bold-salmon-copyrights.trycloudflare.com). Relanzando monitor...
[Thu Aug 27 19:42:32 CST 2026] Monitor relanzado (pid 86027)
[Thu Aug 27 19:46:20 CST 2026] TUNEL CAIDO (https://contests-longitude-tin-opposed.trycloudflare.com). Relanzando monitor...
[Thu Aug 27 19:46:22 CST 2026] Monitor relanzado (pid 87242)
[Thu Aug 27 19:48:29 CST 2026] OK tunel vivo: https://molecular-tackle-wto-animated.trycloudflare.com
[Thu Aug 27 19:50:46 CST 2026] TUNEL CAIDO (https://molecular-tackle-wto-animated.trycloudflare.com). Relanzando monitor...
[Thu Aug 27 19:50:48 CST 2026] Monitor relanzado (pid 88249)
[Thu Aug 27 19:52:39 CST 2026] TUNEL CAIDO (https://convicted-miss-avatar-services.trycloudflare.com). Relanzando monitor...
[Thu Aug 27 19:52:41 CST 2026] Monitor relanzado (pid 88640)
[Thu Aug 27 19:54:35 CST 2026] TUNEL CAIDO (https://warning-sage-asin-tend.trycloudflare.com). Relanzando monitor...
[Thu Aug 27 19:54:37 CST 2026] Monitor relanzado (pid 89545)
[Thu Aug 27 19:56:33 CST 2026] TUNEL CAIDO (https://skirts-iii-vancouver-convinced.trycloudflare.com). Relanzando monitor...
[Thu Aug 27 19:56:36 CST 2026] Monitor relanzado (pid 90214)
[Thu Aug 27 19:58:28 CST 2026] OK tunel vivo: https://casino-provide-entity-daniel.trycloudflare.com
[Thu Aug 27 20:00:44 CST 2026] TUNEL CAIDO (https://casino-provide-entity-daniel.trycloudflare.com). Relanzando monitor...
[Thu Aug 27 20:00:46 CST 2026] Monitor relanzado (pid 91099)
[Thu Aug 27 20:02:30 CST 2026] TUNEL CAIDO (https://stood-except-edwards-worker.trycloudflare.com). Relanzando monitor...
[Thu Aug 27 20:02:32 CST 2026] Monitor relanzado (pid 91360)
[Thu Aug 27 20:04:33 CST 2026] TUNEL CAIDO (https://principal-dimensions-carl-moderator.trycloudflare.com). Relanzando monitor...
[Thu Aug 27 20:04:36 CST 2026] Monitor relanzado (pid 91661)
[Thu Aug 27 20:06:39 CST 2026] OK tunel vivo: https://discusses-brake-kid-conflict.trycloudflare.com
[Thu Aug 27 20:08:32 CST 2026] TUNEL CAIDO (https://discusses-brake-kid-conflict.trycloudflare.com). Relanzando monitor...
[Thu Aug 27 20:08:34 CST 2026] Monitor relanzado (pid 92220)
[Thu Aug 27 20:10:36 CST 2026] TUNEL CAIDO (https://developer-injection-choosing-donated.trycloudflare.com). Relanzando monitor...
[Thu Aug 27 20:10:39 CST 2026] Monitor relanzado (pid 92547)
[Thu Aug 27 20:12:35 CST 2026] TUNEL CAIDO (https://headset-copies-nobody-challenged.trycloudflare.com). Relanzando monitor...
[Thu Aug 27 20:12:37 CST 2026] Monitor relanzado (pid 93051)
[Thu Aug 27 20:14:51 CST 2026] TUNEL CAIDO (https://distribution-aggregate-racing-calvin.trycloudflare.com). Relanzando monitor...
[Thu Aug 27 20:14:56 CST 2026] Monitor relanzado (pid 93811)
[Thu Aug 27 20:16:51 CST 2026] TUNEL CAIDO (https://script-highway-island-saints.trycloudflare.com). Relanzando monitor...
[Thu Aug 27 20:16:53 CST 2026] Monitor relanzado (pid 94498)
[Thu Aug 27 20:18:35 CST 2026] TUNEL CAIDO (https://thursday-everybody-bracelet-cards.trycloudflare.com). Relanzando monitor...
[Thu Aug 27 20:18:37 CST 2026] Monitor relanzado (pid 94780)
[Thu Aug 27 20:20:44 CST 2026] TUNEL CAIDO (https://command-sri-sec-optics.trycloudflare.com). Relanzando monitor...
[Thu Aug 27 20:20:46 CST 2026] Monitor relanzado (pid 95472)
[Thu Aug 27 20:23:02 CST 2026] TUNEL CAIDO (https://democracy-enlarge-multi-actions.trycloudflare.com). Relanzando monitor...
[Thu Aug 27 20:23:05 CST 2026] Monitor relanzado (pid 95975)
[Thu Aug 27 20:25:23 CST 2026] TUNEL CAIDO (https://realm-reflection-rachel-requirement.trycloudflare.com). Relanzando monitor...
[Thu Aug 27 20:25:27 CST 2026] Monitor relanzado (pid 96324)
[Thu Aug 27 20:26:51 CST 2026] TUNEL CAIDO (https://autos-margaret-recommendation-around.trycloudflare.com). Relanzando monitor...
[Thu Aug 27 20:26:54 CST 2026] Monitor relanzado (pid 96621)
[Thu Aug 27 20:28:50 CST 2026] OK tunel vivo: https://illustrated-sake-webcams-travelers.trycloudflare.com
[Thu Aug 27 20:30:51 CST 2026] OK tunel vivo: https://illustrated-sake-webcams-travelers.trycloudflare.com
[Thu Aug 27 20:32:52 CST 2026] TUNEL CAIDO (https://illustrated-sake-webcams-travelers.trycloudflare.com). Relanzando monitor...
[Thu Aug 27 20:32:54 CST 2026] Monitor relanzado (pid 97450)
[Thu Aug 27 20:35:17 CST 2026] TUNEL CAIDO (https://boring-looksmart-removed-end.trycloudflare.com). Relanzando monitor...
[Thu Aug 27 20:35:19 CST 2026] Monitor relanzado (pid 97788)
[Thu Aug 27 20:53:53 CST 2026] TUNEL CAIDO (https://trying-fountain-consequently-realized.trycloudflare.com). Relanzando monitor...
[Thu Aug 27 20:53:56 CST 2026] Monitor relanzado (pid 197)
[Thu Aug 27 21:01:22 CST 2026] TUNEL CAIDO (https://static-northwest-ward-jerusalem.trycloudflare.com). Relanzando monitor...
[Thu Aug 27 21:01:24 CST 2026] Monitor relanzado (pid 549)
[Thu Aug 27 21:02:20 CST 2026] TUNEL CAIDO (https://corner-pulling-infringement-beautiful.trycloudflare.com). Relanzando monitor...
[Thu Aug 27 21:02:22 CST 2026] Monitor relanzado (pid 983)
[Thu Aug 27 21:04:18 CST 2026] TUNEL CAIDO (https://bold-hills-purchasing-tuner.trycloudflare.com). Relanzando monitor...
[Thu Aug 27 21:04:20 CST 2026] Monitor relanzado (pid 1838)
[Thu Aug 27 21:07:33 CST 2026] TUNEL CAIDO (https://boats-easily-happens-catherine.trycloudflare.com). Relanzando monitor...
[Thu Aug 27 21:07:35 CST 2026] Monitor relanzado (pid 2515)
[Thu Aug 27 21:10:33 CST 2026] OK tunel vivo: https://filters-clicks-something-jelsoft.trycloudflare.com
[Thu Aug 27 21:12:36 CST 2026] TUNEL CAIDO (https://filters-clicks-something-jelsoft.trycloudflare.com). Relanzando monitor...
[Thu Aug 27 21:12:38 CST 2026] Monitor relanzado (pid 3098)
[Thu Aug 27 21:14:34 CST 2026] TUNEL CAIDO (https://trackback-glad-states-fashion.trycloudflare.com). Relanzando monitor...
[Thu Aug 27 21:14:36 CST 2026] Monitor relanzado (pid 3353)
[Thu Aug 27 21:16:33 CST 2026] TUNEL CAIDO (https://ppc-maybe-soma-heath.trycloudflare.com). Relanzando monitor...
[Thu Aug 27 21:16:35 CST 2026] Monitor relanzado (pid 4102)
[Thu Aug 27 21:18:34 CST 2026] TUNEL CAIDO (https://whom-gain-businesses-preferred.trycloudflare.com). Relanzando monitor...
[Thu Aug 27 21:18:36 CST 2026] Monitor relanzado (pid 4912)
[Thu Aug 27 21:20:33 CST 2026] TUNEL CAIDO (https://met-rich-broadway-entering.trycloudflare.com). Relanzando monitor...
[Thu Aug 27 21:20:35 CST 2026] Monitor relanzado (pid 5837)
[Thu Aug 27 21:24:27 CST 2026] TUNEL CAIDO (https://match-focal-containing-horn.trycloudflare.com). Relanzando monitor...
[Thu Aug 27 21:24:29 CST 2026] Monitor relanzado (pid 7289)
[Thu Aug 27 21:26:34 CST 2026] TUNEL CAIDO (https://desirable-spatial-plays-thought.trycloudflare.com). Relanzando monitor...
[Thu Aug 27 21:26:36 CST 2026] Monitor relanzado (pid 8114)
[Thu Aug 27 21:28:34 CST 2026] TUNEL CAIDO (https://suspended-broker-browser-from.trycloudflare.com). Relanzando monitor...
[Thu Aug 27 21:28:36 CST 2026] Monitor relanzado (pid 8380)
[Thu Aug 27 21:30:32 CST 2026] OK tunel vivo: https://nvidia-revolutionary-pottery-associated.trycloudflare.com
[Thu Aug 27 21:32:33 CST 2026] TUNEL CAIDO (https://nvidia-revolutionary-pottery-associated.trycloudflare.com). Relanzando monitor...
[Thu Aug 27 21:32:35 CST 2026] Monitor relanzado (pid 10158)
[Thu Aug 27 21:34:38 CST 2026] TUNEL CAIDO (https://adapter-drawings-programming-illustration.trycloudflare.com). Relanzando monitor...
[Thu Aug 27 21:34:40 CST 2026] Monitor relanzado (pid 10587)
[Thu Aug 27 21:40:35 CST 2026] OK tunel vivo: https://cases-juan-sand-leon.trycloudflare.com
[Thu Aug 27 21:42:33 CST 2026] TUNEL CAIDO (https://cases-juan-sand-leon.trycloudflare.com). Relanzando monitor...
[Thu Aug 27 21:42:35 CST 2026] Monitor relanzado (pid 11810)
[Thu Aug 27 21:44:36 CST 2026] OK tunel vivo: https://paul-two-cornwall-demand.trycloudflare.com
[Thu Aug 27 21:46:34 CST 2026] TUNEL CAIDO (https://paul-two-cornwall-demand.trycloudflare.com). Relanzando monitor...
[Thu Aug 27 21:46:36 CST 2026] Monitor relanzado (pid 12686)
[Thu Aug 27 21:48:32 CST 2026] OK tunel vivo: https://skin-routines-exp-assuming.trycloudflare.com
[Thu Aug 27 21:50:35 CST 2026] OK tunel vivo: https://skin-routines-exp-assuming.trycloudflare.com
[Thu Aug 27 21:52:35 CST 2026] OK tunel vivo: https://skin-routines-exp-assuming.trycloudflare.com
[Thu Aug 27 21:54:34 CST 2026] TUNEL CAIDO (https://skin-routines-exp-assuming.trycloudflare.com). Relanzando monitor...
[Thu Aug 27 21:54:37 CST 2026] Monitor relanzado (pid 15499)
[Thu Aug 27 21:56:34 CST 2026] TUNEL CAIDO (https://ocean-posters-marshall-shortly.trycloudflare.com). Relanzando monitor...
[Thu Aug 27 21:56:36 CST 2026] Monitor relanzado (pid 15857)
[Thu Aug 27 21:58:35 CST 2026] TUNEL CAIDO (https://reg-stanley-triangle-weather.trycloudflare.com). Relanzando monitor...
[Thu Aug 27 21:58:37 CST 2026] Monitor relanzado (pid 16217)
[Thu Aug 27 22:00:34 CST 2026] TUNEL CAIDO (https://todd-chef-participation-shelf.trycloudflare.com). Relanzando monitor...
[Thu Aug 27 22:00:36 CST 2026] Monitor relanzado (pid 16616)
[Thu Aug 27 22:04:27 CST 2026] TUNEL CAIDO (https://solaris-steal-pts-ann.trycloudflare.com). Relanzando monitor...
[Thu Aug 27 22:04:29 CST 2026] Monitor relanzado (pid 17137)
[Thu Aug 27 22:06:36 CST 2026] TUNEL CAIDO (https://black-recreation-online-games.trycloudflare.com). Relanzando monitor...
[Thu Aug 27 22:06:38 CST 2026] Monitor relanzado (pid 17561)
[Thu Aug 27 22:08:36 CST 2026] OK tunel vivo: https://valium-patches-mental-showcase.trycloudflare.com
[Thu Aug 27 22:10:35 CST 2026] TUNEL CAIDO (https://valium-patches-mental-showcase.trycloudflare.com). Relanzando monitor...
[Thu Aug 27 22:10:37 CST 2026] Monitor relanzado (pid 19138)
[Thu Aug 27 22:12:36 CST 2026] TUNEL CAIDO (https://stop-johnston-regarding-lifestyle.trycloudflare.com). Relanzando monitor...
[Thu Aug 27 22:12:38 CST 2026] Monitor relanzado (pid 19784)
[Thu Aug 27 22:14:34 CST 2026] TUNEL CAIDO (https://ranging-relying-astronomy-jay.trycloudflare.com). Relanzando monitor...
[Thu Aug 27 22:14:36 CST 2026] Monitor relanzado (pid 20276)
[Thu Aug 27 22:16:36 CST 2026] OK tunel vivo: https://wave-occupational-investment-enter.trycloudflare.com
[Thu Aug 27 22:18:35 CST 2026] TUNEL CAIDO (https://wave-occupational-investment-enter.trycloudflare.com). Relanzando monitor...
[Thu Aug 27 22:18:37 CST 2026] Monitor relanzado (pid 20831)
[Thu Aug 27 22:20:35 CST 2026] TUNEL CAIDO (https://mission-pop-alternatively-ear.trycloudflare.com). Relanzando monitor...
[Thu Aug 27 22:20:37 CST 2026] Monitor relanzado (pid 21142)
[Thu Aug 27 22:22:38 CST 2026] TUNEL CAIDO (https://aircraft-exp-little-ready.trycloudflare.com). Relanzando monitor...
[Thu Aug 27 22:22:40 CST 2026] Monitor relanzado (pid 21380)
[Thu Aug 27 22:24:35 CST 2026] TUNEL CAIDO (https://sys-maker-scales-downloads.trycloudflare.com). Relanzando monitor...
[Thu Aug 27 22:24:37 CST 2026] Monitor relanzado (pid 21759)
[Thu Aug 27 22:26:37 CST 2026] TUNEL CAIDO (https://belfast-confidence-represent-gay.trycloudflare.com). Relanzando monitor...
[Thu Aug 27 22:26:39 CST 2026] Monitor relanzado (pid 22051)
[Thu Aug 27 22:28:36 CST 2026] TUNEL CAIDO (https://overhead-maximize-equal-triple.trycloudflare.com). Relanzando monitor...
[Thu Aug 27 22:28:38 CST 2026] Monitor relanzado (pid 22332)
[Thu Aug 27 22:30:36 CST 2026] TUNEL CAIDO (https://sized-sudden-enjoyed-seats.trycloudflare.com). Relanzando monitor...
[Thu Aug 27 22:30:38 CST 2026] Monitor relanzado (pid 22741)
[Thu Aug 27 22:32:39 CST 2026] TUNEL CAIDO (https://regular-sympathy-characteristics-humanities.trycloudflare.com). Relanzando monitor...
[Thu Aug 27 22:32:41 CST 2026] Monitor relanzado (pid 23108)
[Thu Aug 27 22:34:36 CST 2026] TUNEL CAIDO (https://explain-split-toilet-weekly.trycloudflare.com). Relanzando monitor...
[Thu Aug 27 22:34:38 CST 2026] Monitor relanzado (pid 23633)
[Thu Aug 27 22:36:37 CST 2026] TUNEL CAIDO (https://planned-tracks-survey-advertising.trycloudflare.com). Relanzando monitor...
[Thu Aug 27 22:36:39 CST 2026] Monitor relanzado (pid 24300)
[Thu Aug 27 22:38:37 CST 2026] TUNEL CAIDO (https://theories-firmware-clothing-wright.trycloudflare.com). Relanzando monitor...
[Thu Aug 27 22:38:39 CST 2026] Monitor relanzado (pid 24915)
[Thu Aug 27 22:40:38 CST 2026] TUNEL CAIDO (https://extensive-maria-jennifer-verified.trycloudflare.com). Relanzando monitor...
[Thu Aug 27 22:40:40 CST 2026] Monitor relanzado (pid 25985)
[Thu Aug 27 22:42:38 CST 2026] TUNEL CAIDO (https://stockholm-significance-appendix-declaration.trycloudflare.com). Relanzando monitor...
[Thu Aug 27 22:42:40 CST 2026] Monitor relanzado (pid 26258)
[Thu Aug 27 22:44:37 CST 2026] TUNEL CAIDO (https://powerseller-rear-respiratory-sink.trycloudflare.com). Relanzando monitor...
[Thu Aug 27 22:44:39 CST 2026] Monitor relanzado (pid 27070)
[Thu Aug 27 22:46:46 CST 2026] TUNEL CAIDO (https://database-remains-heart-philosophy.trycloudflare.com). Relanzando monitor...
[Thu Aug 27 22:46:48 CST 2026] Monitor relanzado (pid 27334)
[Thu Aug 27 22:48:41 CST 2026] TUNEL CAIDO (https://philadelphia-bowl-language-destinations.trycloudflare.com). Relanzando monitor...
[Thu Aug 27 22:48:43 CST 2026] Monitor relanzado (pid 27585)
[Thu Aug 27 22:50:39 CST 2026] TUNEL CAIDO (https://would-listprice-honolulu-nec.trycloudflare.com). Relanzando monitor...
[Thu Aug 27 22:50:41 CST 2026] Monitor relanzado (pid 28134)
[Thu Aug 27 22:52:37 CST 2026] TUNEL CAIDO (https://motion-built-trainer-uploaded.trycloudflare.com). Relanzando monitor...
[Thu Aug 27 22:52:39 CST 2026] Monitor relanzado (pid 28654)
[Thu Aug 27 23:02:31 CST 2026] OK tunel vivo: https://motion-built-trainer-uploaded.trycloudflare.com
[Thu Aug 27 23:14:30 CST 2026] TUNEL CAIDO (https://motion-built-trainer-uploaded.trycloudflare.com). Relanzando monitor...
[Thu Aug 27 23:14:32 CST 2026] Monitor relanzado (pid 36480)
[Thu Aug 27 23:18:29 CST 2026] TUNEL CAIDO (https://motion-built-trainer-uploaded.trycloudflare.com). Relanzando monitor...
[Thu Aug 27 23:18:32 CST 2026] Monitor relanzado (pid 38348)
[Thu Aug 27 23:22:32 CST 2026] TUNEL CAIDO (https://motion-built-trainer-uploaded.trycloudflare.com). Relanzando monitor...
[Thu Aug 27 23:22:34 CST 2026] Monitor relanzado (pid 40105)
[Thu Aug 27 23:36:34 CST 2026] OK tunel vivo: http://127.0.0.1:8000
[Thu Aug 27 23:38:33 CST 2026] OK tunel vivo: http://127.0.0.1:8000
[Thu Aug 27 23:40:34 CST 2026] OK tunel vivo: http://127.0.0.1:8000
[Thu Aug 27 23:42:32 CST 2026] OK tunel vivo: http://127.0.0.1:8000
[Thu Aug 27 23:44:33 CST 2026] OK tunel vivo: http://127.0.0.1:8000
[Thu Aug 27 23:46:34 CST 2026] OK tunel vivo: http://127.0.0.1:8000
[Thu Aug 27 23:48:34 CST 2026] OK tunel vivo: http://127.0.0.1:8000
[Thu Aug 27 23:50:32 CST 2026] OK tunel vivo: http://127.0.0.1:8000
[Thu Aug 27 23:52:34 CST 2026] OK tunel vivo: http://127.0.0.1:8000
[Thu Aug 27 23:54:37 CST 2026] OK tunel vivo: http://127.0.0.1:8000
[Thu Aug 27 23:56:32 CST 2026] OK tunel vivo: http://127.0.0.1:8000
[Thu Aug 27 23:58:33 CST 2026] OK tunel vivo: http://127.0.0.1:8000
[Fri Aug 28 00:00:32 CST 2026] OK tunel vivo: http://127.0.0.1:8000
[Fri Aug 28 00:02:34 CST 2026] OK tunel vivo: http://127.0.0.1:8000
[Fri Aug 28 00:04:36 CST 2026] OK tunel vivo: http://127.0.0.1:8000
[Fri Aug 28 00:06:33 CST 2026] OK tunel vivo: http://127.0.0.1:8000
[Fri Aug 28 00:08:10 CST 2026] OK tunel vivo: http://127.0.0.1:8000
[Fri Aug 28 00:10:09 CST 2026] OK tunel vivo: http://127.0.0.1:8000
[Fri Aug 28 00:12:09 CST 2026] OK tunel vivo: http://127.0.0.1:8000
[Fri Aug 28 00:14:27 CST 2026] OK tunel vivo: http://127.0.0.1:8000
[Fri Aug 28 00:16:14 CST 2026] OK tunel vivo: http://127.0.0.1:8000
[Fri Aug 28 00:18:38 CST 2026] OK tunel vivo: http://127.0.0.1:8000
[Fri Aug 28 00:20:13 CST 2026] OK tunel vivo: http://127.0.0.1:8000
[Fri Aug 28 00:22:14 CST 2026] OK tunel vivo: http://127.0.0.1:8000
[Fri Aug 28 00:24:14 CST 2026] OK tunel vivo: http://127.0.0.1:8000
[Fri Aug 28 00:26:15 CST 2026] OK tunel vivo: http://127.0.0.1:8000
[Fri Aug 28 00:28:32 CST 2026] OK tunel vivo: http://127.0.0.1:8000
[Fri Aug 28 00:30:14 CST 2026] OK tunel vivo: http://127.0.0.1:8000
[Fri Aug 28 00:32:14 CST 2026] OK tunel vivo: http://127.0.0.1:8000
[Fri Aug 28 00:34:14 CST 2026] OK tunel vivo: http://127.0.0.1:8000
[Fri Aug 28 00:36:15 CST 2026] OK tunel vivo: http://127.0.0.1:8000
[Fri Aug 28 00:38:24 CST 2026] OK tunel vivo: http://127.0.0.1:8000
[Fri Aug 28 00:40:18 CST 2026] OK tunel vivo: http://127.0.0.1:8000
[Fri Aug 28 00:42:14 CST 2026] OK tunel vivo: http://127.0.0.1:8000
[Fri Aug 28 00:44:15 CST 2026] OK tunel vivo: http://127.0.0.1:8000
[Fri Aug 28 00:46:19 CST 2026] OK tunel vivo: http://127.0.0.1:8000
[Fri Aug 28 00:48:18 CST 2026] OK tunel vivo: http://127.0.0.1:8000
[Fri Aug 28 00:50:17 CST 2026] OK tunel vivo: http://127.0.0.1:8000
[Fri Aug 28 00:52:38 CST 2026] OK tunel vivo: http://127.0.0.1:8000
[Fri Aug 28 00:54:43 CST 2026] OK tunel vivo: http://127.0.0.1:8000
[Fri Aug 28 00:56:38 CST 2026] OK tunel vivo: http://127.0.0.1:8000
[Fri Aug 28 00:58:31 CST 2026] OK tunel vivo: http://127.0.0.1:8000
[Fri Aug 28 01:00:27 CST 2026] OK tunel vivo: http://127.0.0.1:8000
[Fri Aug 28 01:02:27 CST 2026] OK tunel vivo: http://127.0.0.1:8000
[Fri Aug 28 01:04:25 CST 2026] OK tunel vivo: http://127.0.0.1:8000
[Fri Aug 28 01:06:26 CST 2026] OK tunel vivo: http://127.0.0.1:8000
[Fri Aug 28 01:08:26 CST 2026] OK tunel vivo: http://127.0.0.1:8000
[Fri Aug 28 01:10:26 CST 2026] OK tunel vivo: http://127.0.0.1:8000
[Fri Aug 28 01:12:25 CST 2026] OK tunel vivo: http://127.0.0.1:8000
[Fri Aug 28 01:14:29 CST 2026] OK tunel vivo: http://127.0.0.1:8000
[Fri Aug 28 01:16:26 CST 2026] OK tunel vivo: http://127.0.0.1:8000
[Fri Aug 28 01:18:28 CST 2026] OK tunel vivo: http://127.0.0.1:8000
[Fri Aug 28 01:20:26 CST 2026] OK tunel vivo: http://127.0.0.1:8000
[Fri Aug 28 01:22:26 CST 2026] OK tunel vivo: http://127.0.0.1:8000
[Fri Aug 28 01:24:51 CST 2026] OK tunel vivo: http://127.0.0.1:8000
[Fri Aug 28 01:26:47 CST 2026] OK tunel vivo: http://127.0.0.1:8000
[Fri Aug 28 01:28:48 CST 2026] OK tunel vivo: http://127.0.0.1:8000
[Fri Aug 28 01:30:36 CST 2026] OK tunel vivo: http://127.0.0.1:8000
[Fri Aug 28 01:32:44 CST 2026] OK tunel vivo: http://127.0.0.1:8000
[Fri Aug 28 01:34:34 CST 2026] OK tunel vivo: http://127.0.0.1:8000
[Fri Aug 28 01:36:31 CST 2026] OK tunel vivo: http://127.0.0.1:8000
[Fri Aug 28 01:38:31 CST 2026] OK tunel vivo: http://127.0.0.1:8000
[Fri Aug 28 01:40:42 CST 2026] OK tunel vivo: http://127.0.0.1:8000
[Fri Aug 28 01:42:49 CST 2026] OK tunel vivo: http://127.0.0.1:8000
[Fri Aug 28 01:44:47 CST 2026] OK tunel vivo: http://127.0.0.1:8000
[Fri Aug 28 01:46:42 CST 2026] OK tunel vivo: http://127.0.0.1:8000
[Fri Aug 28 01:48:33 CST 2026] OK tunel vivo: http://127.0.0.1:8000
[Fri Aug 28 01:50:32 CST 2026] OK tunel vivo: http://127.0.0.1:8000
[Fri Aug 28 01:52:32 CST 2026] OK tunel vivo: http://127.0.0.1:8000
[Fri Aug 28 01:54:34 CST 2026] OK tunel vivo: http://127.0.0.1:8000
[Fri Aug 28 01:56:43 CST 2026] OK tunel vivo: http://127.0.0.1:8000
[Fri Aug 28 01:58:37 CST 2026] OK tunel vivo: http://127.0.0.1:8000
[Fri Aug 28 02:00:35 CST 2026] OK tunel vivo: http://127.0.0.1:8000
[Fri Aug 28 02:02:37 CST 2026] OK tunel vivo: http://127.0.0.1:8000
[Fri Aug 28 02:04:37 CST 2026] OK tunel vivo: http://127.0.0.1:8000
[Fri Aug 28 02:06:37 CST 2026] OK tunel vivo: http://127.0.0.1:8000
[Fri Aug 28 02:08:37 CST 2026] OK tunel vivo: http://127.0.0.1:8000
[Fri Aug 28 02:10:42 CST 2026] OK tunel vivo: http://127.0.0.1:8000
[Fri Aug 28 02:12:36 CST 2026] OK tunel vivo: http://127.0.0.1:8000
[Fri Aug 28 02:14:39 CST 2026] OK tunel vivo: http://127.0.0.1:8000
[Fri Aug 28 02:16:38 CST 2026] OK tunel vivo: http://127.0.0.1:8000
[Fri Aug 28 02:18:37 CST 2026] OK tunel vivo: http://127.0.0.1:8000
[Fri Aug 28 02:20:37 CST 2026] OK tunel vivo: http://127.0.0.1:8000
[Fri Aug 28 02:22:42 CST 2026] OK tunel vivo: http://127.0.0.1:8000
[Fri Aug 28 02:24:39 CST 2026] OK tunel vivo: http://127.0.0.1:8000
[Fri Aug 28 02:26:37 CST 2026] OK tunel vivo: http://127.0.0.1:8000
[Fri Aug 28 02:28:38 CST 2026] OK tunel vivo: http://127.0.0.1:8000
[Fri Aug 28 02:30:39 CST 2026] OK tunel vivo: http://127.0.0.1:8000
[Fri Aug 28 02:32:42 CST 2026] OK tunel vivo: http://127.0.0.1:8000
[Fri Aug 28 02:34:42 CST 2026] OK tunel vivo: http://127.0.0.1:8000
[Fri Aug 28 02:36:42 CST 2026] OK tunel vivo: http://127.0.0.1:8000
[Fri Aug 28 02:38:41 CST 2026] OK tunel vivo: http://127.0.0.1:8000
[Fri Aug 28 02:40:42 CST 2026] OK tunel vivo: http://127.0.0.1:8000
[Fri Aug 28 02:42:39 CST 2026] OK tunel vivo: http://127.0.0.1:8000
[Fri Aug 28 02:44:39 CST 2026] OK tunel vivo: http://127.0.0.1:8000
[Fri Aug 28 02:46:43 CST 2026] OK tunel vivo: http://127.0.0.1:8000
[Fri Aug 28 02:48:42 CST 2026] OK tunel vivo: http://127.0.0.1:8000
[Fri Aug 28 02:50:41 CST 2026] OK tunel vivo: http://127.0.0.1:8000
[Fri Aug 28 02:52:40 CST 2026] OK tunel vivo: http://127.0.0.1:8000
[Fri Aug 28 02:54:41 CST 2026] OK tunel vivo: http://127.0.0.1:8000
[Fri Aug 28 02:56:41 CST 2026] OK tunel vivo: http://127.0.0.1:8000
[Fri Aug 28 02:58:42 CST 2026] OK tunel vivo: http://127.0.0.1:8000
[Fri Aug 28 03:00:40 CST 2026] OK tunel vivo: http://127.0.0.1:8000
[Fri Aug 28 03:02:42 CST 2026] OK tunel vivo: http://127.0.0.1:8000
[Fri Aug 28 03:04:41 CST 2026] OK tunel vivo: http://127.0.0.1:8000
[Fri Aug 28 03:06:41 CST 2026] OK tunel vivo: http://127.0.0.1:8000
[Fri Aug 28 03:08:41 CST 2026] OK tunel vivo: http://127.0.0.1:8000
[Fri Aug 28 03:10:43 CST 2026] OK tunel vivo: http://127.0.0.1:8000
[Fri Aug 28 03:12:43 CST 2026] OK tunel vivo: http://127.0.0.1:8000
[Fri Aug 28 03:14:41 CST 2026] OK tunel vivo: http://127.0.0.1:8000
[Fri Aug 28 03:16:43 CST 2026] OK tunel vivo: http://127.0.0.1:8000
[Fri Aug 28 03:18:43 CST 2026] OK tunel vivo: http://127.0.0.1:8000
[Fri Aug 28 03:20:40 CST 2026] OK tunel vivo: http://127.0.0.1:8000
[Fri Aug 28 03:22:43 CST 2026] OK tunel vivo: http://127.0.0.1:8000
[Fri Aug 28 06:58:34 CST 2026] OK tunel vivo: http://127.0.0.1:8000
[Fri Aug 28 07:05:38 CST 2026] OK tunel vivo: http://127.0.0.1:8000
[Fri Aug 28 07:06:36 CST 2026] OK tunel vivo: http://127.0.0.1:8000
[Fri Aug 28 07:08:36 CST 2026] OK tunel vivo: http://127.0.0.1:8000
[Fri Aug 28 07:26:12 CST 2026] OK tunel vivo: http://127.0.0.1:8000
[Fri Aug 28 07:42:11 CST 2026] OK tunel vivo: http://127.0.0.1:8000
[Fri Aug 28 07:44:11 CST 2026] OK tunel vivo: http://127.0.0.1:8000
[Fri Aug 28 08:00:36 CST 2026] OK tunel vivo: http://127.0.0.1:8000
[Fri Aug 28 08:02:37 CST 2026] OK tunel vivo: http://127.0.0.1:8000
[Fri Aug 28 08:34:30 CST 2026] TUNEL CAIDO (http://127.0.0.1:8000). Relanzando monitor...
[Fri Aug 28 08:34:32 CST 2026] Monitor relanzado (pid 2660)
[Fri Aug 28 08:35:16 CST 2026] TUNEL CAIDO (https://prize-respectively-locate-considerable.trycloudflare.com). Relanzando monitor...
[Fri Aug 28 08:35:18 CST 2026] Monitor relanzado (pid 2844)
[Fri Aug 28 09:00:07 CST 2026] TUNEL CAIDO (https://previously-leone-striking-mini.trycloudflare.com). Relanzando monitor...
[Fri Aug 28 09:00:09 CST 2026] Monitor relanzado (pid 3200)
[Fri Aug 28 09:18:32 CST 2026] TUNEL CAIDO (https://paying-fisher-scheduling-association.trycloudflare.com). Relanzando monitor...
[Fri Aug 28 09:18:34 CST 2026] Monitor relanzado (pid 3666)
[Fri Aug 28 09:34:42 CST 2026] TUNEL CAIDO (https://cartridge-sunny-effectively-trinity.trycloudflare.com). Relanzando monitor...
[Fri Aug 28 09:34:44 CST 2026] Monitor relanzado (pid 4016)
[Fri Aug 28 09:36:48 CST 2026] TUNEL CAIDO (https://budget-picked-autumn-speeds.trycloudflare.com). Relanzando monitor...
[Fri Aug 28 09:36:50 CST 2026] Monitor relanzado (pid 4491)
[Fri Aug 28 09:38:13 CST 2026] TUNEL CAIDO (https://robot-dakota-pour-pipeline.trycloudflare.com). Relanzando monitor...
[Fri Aug 28 09:38:15 CST 2026] Monitor relanzado (pid 4824)
[Fri Aug 28 09:40:20 CST 2026] TUNEL CAIDO (https://integration-chen-somewhat-viruses.trycloudflare.com). Relanzando monitor...
[Fri Aug 28 09:40:23 CST 2026] Monitor relanzado (pid 5756)
[Fri Aug 28 09:42:20 CST 2026] TUNEL CAIDO (https://bullet-territory-patients-fell.trycloudflare.com). Relanzando monitor...
[Fri Aug 28 09:42:22 CST 2026] Monitor relanzado (pid 6188)
[Fri Aug 28 09:44:30 CST 2026] TUNEL CAIDO (https://wishlist-challenges-every-owner.trycloudflare.com). Relanzando monitor...
[Fri Aug 28 09:44:32 CST 2026] Monitor relanzado (pid 6952)
[Fri Aug 28 09:46:28 CST 2026] TUNEL CAIDO (https://transactions-pattern-vary-ask.trycloudflare.com). Relanzando monitor...
[Fri Aug 28 09:46:31 CST 2026] Monitor relanzado (pid 7380)
[Fri Aug 28 09:48:10 CST 2026] OK tunel vivo: https://following-enterprises-travis-sink.trycloudflare.com
[Fri Aug 28 09:50:20 CST 2026] OK tunel vivo: https://following-enterprises-travis-sink.trycloudflare.com
[Fri Aug 28 09:56:22 CST 2026] TUNEL CAIDO (https://carried-suspended-contacted-national.trycloudflare.com). Relanzando monitor...
[Fri Aug 28 09:56:24 CST 2026] Monitor relanzado (pid 9858)
[Fri Aug 28 09:58:11 CST 2026] OK tunel vivo: https://casting-renewal-charlotte-exists.trycloudflare.com
[Fri Aug 28 10:04:39 CST 2026] TUNEL CAIDO (https://casting-renewal-charlotte-exists.trycloudflare.com). Relanzando monitor...
[Fri Aug 28 10:04:42 CST 2026] Monitor relanzado (pid 12898)
[Fri Aug 28 10:06:26 CST 2026] OK tunel vivo: https://newsletters-buck-vital-technician.trycloudflare.com
[Fri Aug 28 10:08:14 CST 2026] OK tunel vivo: https://newsletters-buck-vital-technician.trycloudflare.com
[Fri Aug 28 10:10:15 CST 2026] OK tunel vivo: https://newsletters-buck-vital-technician.trycloudflare.com
[Fri Aug 28 10:12:24 CST 2026] TUNEL CAIDO (https://newsletters-buck-vital-technician.trycloudflare.com). Relanzando monitor...
[Fri Aug 28 10:12:26 CST 2026] Monitor relanzado (pid 14280)
[Fri Aug 28 10:14:15 CST 2026] OK tunel vivo: https://weekends-champagne-enables-treatments.trycloudflare.com
[Fri Aug 28 10:16:16 CST 2026] OK tunel vivo: https://weekends-champagne-enables-treatments.trycloudflare.com
[Fri Aug 28 10:18:15 CST 2026] OK tunel vivo: https://weekends-champagne-enables-treatments.trycloudflare.com
[Fri Aug 28 10:20:13 CST 2026] OK tunel vivo: https://weekends-champagne-enables-treatments.trycloudflare.com
[Fri Aug 28 10:22:18 CST 2026] OK tunel vivo: https://weekends-champagne-enables-treatments.trycloudflare.com
[Fri Aug 28 10:24:15 CST 2026] OK tunel vivo: https://weekends-champagne-enables-treatments.trycloudflare.com
[Fri Aug 28 10:26:18 CST 2026] OK tunel vivo: https://weekends-champagne-enables-treatments.trycloudflare.com
[Fri Aug 28 10:28:17 CST 2026] OK tunel vivo: https://weekends-champagne-enables-treatments.trycloudflare.com
[Fri Aug 28 10:30:20 CST 2026] OK tunel vivo: https://weekends-champagne-enables-treatments.trycloudflare.com
[Fri Aug 28 10:32:18 CST 2026] OK tunel vivo: https://weekends-champagne-enables-treatments.trycloudflare.com
[Fri Aug 28 10:34:19 CST 2026] OK tunel vivo: https://weekends-champagne-enables-treatments.trycloudflare.com
[Fri Aug 28 10:36:21 CST 2026] OK tunel vivo: https://weekends-champagne-enables-treatments.trycloudflare.com
[Fri Aug 28 10:38:18 CST 2026] OK tunel vivo: https://weekends-champagne-enables-treatments.trycloudflare.com
[Fri Aug 28 10:40:21 CST 2026] OK tunel vivo: https://weekends-champagne-enables-treatments.trycloudflare.com
[Fri Aug 28 10:42:19 CST 2026] OK tunel vivo: https://weekends-champagne-enables-treatments.trycloudflare.com
[Fri Aug 28 10:44:20 CST 2026] OK tunel vivo: https://weekends-champagne-enables-treatments.trycloudflare.com
[Fri Aug 28 10:46:24 CST 2026] OK tunel vivo: https://weekends-champagne-enables-treatments.trycloudflare.com
[Fri Aug 28 10:48:31 CST 2026] TUNEL CAIDO (https://weekends-champagne-enables-treatments.trycloudflare.com). Relanzando monitor...
[Fri Aug 28 10:48:34 CST 2026] Monitor relanzado (pid 21593)
[Fri Aug 28 10:54:25 CST 2026] OK tunel vivo: https://opponents-documents-time-joe.trycloudflare.com
[Fri Aug 28 10:56:25 CST 2026] OK tunel vivo: https://opponents-documents-time-joe.trycloudflare.com
[Fri Aug 28 10:58:25 CST 2026] OK tunel vivo: https://opponents-documents-time-joe.trycloudflare.com
[Fri Aug 28 11:00:27 CST 2026] OK tunel vivo: https://opponents-documents-time-joe.trycloudflare.com
[Fri Aug 28 11:02:27 CST 2026] OK tunel vivo: https://opponents-documents-time-joe.trycloudflare.com
[Fri Aug 28 11:04:26 CST 2026] OK tunel vivo: https://opponents-documents-time-joe.trycloudflare.com
[Fri Aug 28 11:06:37 CST 2026] OK tunel vivo: https://opponents-documents-time-joe.trycloudflare.com
[Fri Aug 28 11:08:26 CST 2026] OK tunel vivo: https://opponents-documents-time-joe.trycloudflare.com
[Fri Aug 28 11:10:30 CST 2026] OK tunel vivo: https://opponents-documents-time-joe.trycloudflare.com
[Fri Aug 28 11:12:26 CST 2026] OK tunel vivo: https://opponents-documents-time-joe.trycloudflare.com
[Fri Aug 28 11:14:30 CST 2026] OK tunel vivo: https://opponents-documents-time-joe.trycloudflare.com
[Fri Aug 28 11:16:24 CST 2026] OK tunel vivo: https://opponents-documents-time-joe.trycloudflare.com
[Fri Aug 28 11:18:30 CST 2026] OK tunel vivo: https://opponents-documents-time-joe.trycloudflare.com
[Fri Aug 28 11:20:29 CST 2026] OK tunel vivo: https://opponents-documents-time-joe.trycloudflare.com
[Fri Aug 28 11:22:27 CST 2026] OK tunel vivo: https://opponents-documents-time-joe.trycloudflare.com
[Fri Aug 28 11:24:32 CST 2026] OK tunel vivo: https://opponents-documents-time-joe.trycloudflare.com
[Fri Aug 28 11:26:30 CST 2026] OK tunel vivo: https://opponents-documents-time-joe.trycloudflare.com
[Fri Aug 28 11:28:30 CST 2026] OK tunel vivo: https://opponents-documents-time-joe.trycloudflare.com
[Fri Aug 28 11:30:27 CST 2026] OK tunel vivo: https://opponents-documents-time-joe.trycloudflare.com
[Fri Aug 28 11:32:27 CST 2026] OK tunel vivo: https://opponents-documents-time-joe.trycloudflare.com
[Fri Aug 28 11:34:28 CST 2026] OK tunel vivo: https://opponents-documents-time-joe.trycloudflare.com
[Fri Aug 28 11:36:40 CST 2026] OK tunel vivo: https://opponents-documents-time-joe.trycloudflare.com
[Fri Aug 28 11:38:34 CST 2026] OK tunel vivo: https://opponents-documents-time-joe.trycloudflare.com
[Fri Aug 28 11:40:30 CST 2026] OK tunel vivo: https://opponents-documents-time-joe.trycloudflare.com
[Fri Aug 28 11:42:36 CST 2026] OK tunel vivo: https://opponents-documents-time-joe.trycloudflare.com
[Fri Aug 28 11:44:32 CST 2026] OK tunel vivo: https://opponents-documents-time-joe.trycloudflare.com
[Fri Aug 28 11:46:32 CST 2026] OK tunel vivo: https://opponents-documents-time-joe.trycloudflare.com
[Fri Aug 28 11:48:34 CST 2026] OK tunel vivo: https://opponents-documents-time-joe.trycloudflare.com
[Fri Aug 28 11:50:34 CST 2026] OK tunel vivo: https://opponents-documents-time-joe.trycloudflare.com
[Fri Aug 28 11:52:32 CST 2026] OK tunel vivo: https://opponents-documents-time-joe.trycloudflare.com
[Fri Aug 28 11:54:33 CST 2026] OK tunel vivo: https://opponents-documents-time-joe.trycloudflare.com
[Fri Aug 28 11:56:32 CST 2026] OK tunel vivo: https://opponents-documents-time-joe.trycloudflare.com
[Fri Aug 28 11:58:37 CST 2026] OK tunel vivo: https://opponents-documents-time-joe.trycloudflare.com
[Fri Aug 28 12:00:35 CST 2026] OK tunel vivo: https://opponents-documents-time-joe.trycloudflare.com
[Fri Aug 28 12:02:38 CST 2026] OK tunel vivo: https://opponents-documents-time-joe.trycloudflare.com
[Fri Aug 28 12:04:36 CST 2026] OK tunel vivo: https://opponents-documents-time-joe.trycloudflare.com
[Fri Aug 28 12:06:39 CST 2026] OK tunel vivo: https://opponents-documents-time-joe.trycloudflare.com
[Fri Aug 28 12:08:36 CST 2026] OK tunel vivo: https://opponents-documents-time-joe.trycloudflare.com
[Fri Aug 28 12:10:35 CST 2026] OK tunel vivo: https://opponents-documents-time-joe.trycloudflare.com
[Fri Aug 28 12:12:35 CST 2026] OK tunel vivo: https://opponents-documents-time-joe.trycloudflare.com
[Fri Aug 28 12:14:36 CST 2026] OK tunel vivo: https://opponents-documents-time-joe.trycloudflare.com
[Fri Aug 28 12:16:38 CST 2026] OK tunel vivo: https://opponents-documents-time-joe.trycloudflare.com
[Fri Aug 28 12:18:37 CST 2026] OK tunel vivo: https://opponents-documents-time-joe.trycloudflare.com
[Fri Aug 28 12:20:38 CST 2026] OK tunel vivo: https://opponents-documents-time-joe.trycloudflare.com
[Fri Aug 28 12:22:39 CST 2026] OK tunel vivo: https://opponents-documents-time-joe.trycloudflare.com
[Fri Aug 28 12:24:40 CST 2026] OK tunel vivo: https://opponents-documents-time-joe.trycloudflare.com
[Fri Aug 28 12:26:37 CST 2026] OK tunel vivo: https://opponents-documents-time-joe.trycloudflare.com
[Fri Aug 28 12:28:38 CST 2026] OK tunel vivo: https://opponents-documents-time-joe.trycloudflare.com
[Fri Aug 28 12:30:38 CST 2026] OK tunel vivo: https://opponents-documents-time-joe.trycloudflare.com
[Fri Aug 28 12:32:41 CST 2026] OK tunel vivo: https://opponents-documents-time-joe.trycloudflare.com
[Fri Aug 28 12:34:41 CST 2026] OK tunel vivo: https://opponents-documents-time-joe.trycloudflare.com
[Fri Aug 28 12:36:43 CST 2026] OK tunel vivo: https://opponents-documents-time-joe.trycloudflare.com
[Fri Aug 28 12:38:43 CST 2026] OK tunel vivo: https://opponents-documents-time-joe.trycloudflare.com
[Fri Aug 28 12:40:43 CST 2026] OK tunel vivo: https://opponents-documents-time-joe.trycloudflare.com
[Fri Aug 28 12:42:43 CST 2026] OK tunel vivo: https://opponents-documents-time-joe.trycloudflare.com
[Fri Aug 28 12:44:42 CST 2026] OK tunel vivo: https://opponents-documents-time-joe.trycloudflare.com
[Fri Aug 28 13:00:55 CST 2026] TUNEL CAIDO (https://opponents-documents-time-joe.trycloudflare.com). Relanzando monitor...
[Fri Aug 28 13:00:57 CST 2026] Monitor relanzado (pid 35230)
[Fri Aug 28 13:34:26 CST 2026] TUNEL CAIDO (https://opponents-documents-time-joe.trycloudflare.com). Relanzando monitor...
[Fri Aug 28 13:34:28 CST 2026] Monitor relanzado (pid 35796)
[Fri Aug 28 13:45:39 CST 2026] TUNEL CAIDO (https://romantic-howto-pointer-clerk.trycloudflare.com). Relanzando monitor...
[Fri Aug 28 13:45:42 CST 2026] Monitor relanzado (pid 36047)
[Fri Aug 28 14:18:23 CST 2026] TUNEL CAIDO (https://los-moved-clearly-adjustment.trycloudflare.com). Relanzando monitor...
[Fri Aug 28 14:18:26 CST 2026] Monitor relanzado (pid 36381)
[Fri Aug 28 14:20:25 CST 2026] OK tunel vivo: https://candle-suits-restore-phpbb.trycloudflare.com
[Fri Aug 28 14:46:50 CST 2026] TUNEL CAIDO (https://candle-suits-restore-phpbb.trycloudflare.com). Relanzando monitor...
[Fri Aug 28 14:46:52 CST 2026] Monitor relanzado (pid 36901)
[Fri Aug 28 15:19:41 CST 2026] TUNEL CAIDO (https://methodology-dna-abilities-ghz.trycloudflare.com). Relanzando monitor...
[Fri Aug 28 15:19:43 CST 2026] Monitor relanzado (pid 37401)
[Fri Aug 28 15:47:27 CST 2026] TUNEL CAIDO (https://italia-gordon-sheriff-python.trycloudflare.com). Relanzando monitor...
[Fri Aug 28 15:47:29 CST 2026] Monitor relanzado (pid 38065)
[Fri Aug 28 16:03:34 CST 2026] TUNEL CAIDO (https://legs-concluded-expand-relative.trycloudflare.com). Relanzando monitor...
[Fri Aug 28 16:03:36 CST 2026] Monitor relanzado (pid 38274)
[Fri Aug 28 16:36:17 CST 2026] TUNEL CAIDO (https://parliament-glasses-doc-inns.trycloudflare.com). Relanzando monitor...
[Fri Aug 28 16:36:20 CST 2026] Monitor relanzado (pid 38727)
[Fri Aug 28 16:49:06 CST 2026] OK tunel vivo: https://echo-computer-joseph-persons.trycloudflare.com
[Fri Aug 28 16:58:26 CST 2026] OK tunel vivo: https://echo-computer-joseph-persons.trycloudflare.com
[Fri Aug 28 17:00:22 CST 2026] TUNEL CAIDO (https://echo-computer-joseph-persons.trycloudflare.com). Relanzando monitor...
[Fri Aug 28 17:00:24 CST 2026] Monitor relanzado (pid 39710)
[Fri Aug 28 17:06:18 CST 2026] TUNEL CAIDO (https://gardening-publicity-documented-scores.trycloudflare.com). Relanzando monitor...
[Fri Aug 28 17:06:20 CST 2026] Monitor relanzado (pid 41361)
[Fri Aug 28 17:08:20 CST 2026] OK tunel vivo: https://works-notification-kennedy-handled.trycloudflare.com
[Fri Aug 28 17:12:12 CST 2026] TUNEL CAIDO (https://works-notification-kennedy-handled.trycloudflare.com). Relanzando monitor...
[Fri Aug 28 17:12:16 CST 2026] Monitor relanzado (pid 42207)
[Fri Aug 28 17:15:00 CST 2026] OK tunel vivo: https://specials-opening-every-grew.trycloudflare.com
[Fri Aug 28 17:17:00 CST 2026] TUNEL CAIDO (https://specials-opening-every-grew.trycloudflare.com). Relanzando monitor...
[Fri Aug 28 17:17:03 CST 2026] Monitor relanzado (pid 42913)
[Fri Aug 28 17:18:59 CST 2026] OK tunel vivo: https://seeker-exams-resulted-could.trycloudflare.com
[Fri Aug 28 17:20:58 CST 2026] OK tunel vivo: https://seeker-exams-resulted-could.trycloudflare.com
[Fri Aug 28 17:23:01 CST 2026] OK tunel vivo: https://seeker-exams-resulted-could.trycloudflare.com
[Fri Aug 28 17:24:58 CST 2026] OK tunel vivo: https://seeker-exams-resulted-could.trycloudflare.com
[Fri Aug 28 17:27:00 CST 2026] OK tunel vivo: https://seeker-exams-resulted-could.trycloudflare.com
[Fri Aug 28 17:29:01 CST 2026] OK tunel vivo: https://seeker-exams-resulted-could.trycloudflare.com
[Fri Aug 28 17:31:08 CST 2026] OK tunel vivo: https://seeker-exams-resulted-could.trycloudflare.com
[Fri Aug 28 17:33:08 CST 2026] OK tunel vivo: https://seeker-exams-resulted-could.trycloudflare.com
[Fri Aug 28 17:35:13 CST 2026] TUNEL CAIDO (https://seeker-exams-resulted-could.trycloudflare.com). Relanzando monitor...
[Fri Aug 28 17:35:15 CST 2026] Monitor relanzado (pid 44945)
[Fri Aug 28 17:40:16 CST 2026] OK tunel vivo: https://adventure-setting-expansion-regulation.trycloudflare.com
[Fri Aug 28 17:42:19 CST 2026] TUNEL CAIDO (https://adventure-setting-expansion-regulation.trycloudflare.com). Relanzando monitor...
[Fri Aug 28 17:42:21 CST 2026] Monitor relanzado (pid 46383)
[Fri Aug 28 17:44:20 CST 2026] TUNEL CAIDO (https://privileges-people-demands-interaction.trycloudflare.com). Relanzando monitor...
[Fri Aug 28 17:44:22 CST 2026] Monitor relanzado (pid 46575)
[Fri Aug 28 17:46:15 CST 2026] OK tunel vivo: https://road-ethics-eric-suited.trycloudflare.com
[Fri Aug 28 17:48:15 CST 2026] OK tunel vivo: https://road-ethics-eric-suited.trycloudflare.com
[Fri Aug 28 17:50:15 CST 2026] OK tunel vivo: https://road-ethics-eric-suited.trycloudflare.com
[Fri Aug 28 17:52:16 CST 2026] OK tunel vivo: https://road-ethics-eric-suited.trycloudflare.com
[Fri Aug 28 17:54:20 CST 2026] OK tunel vivo: https://road-ethics-eric-suited.trycloudflare.com
[Fri Aug 28 17:56:20 CST 2026] OK tunel vivo: https://road-ethics-eric-suited.trycloudflare.com
[Fri Aug 28 17:58:23 CST 2026] OK tunel vivo: https://road-ethics-eric-suited.trycloudflare.com
[Fri Aug 28 18:00:21 CST 2026] TUNEL CAIDO (https://road-ethics-eric-suited.trycloudflare.com). Relanzando monitor...
[Fri Aug 28 18:00:23 CST 2026] Monitor relanzado (pid 48198)
[Fri Aug 28 18:04:15 CST 2026] TUNEL CAIDO (https://advancement-lexmark-nearest-pixels.trycloudflare.com). Relanzando monitor...
[Fri Aug 28 18:04:17 CST 2026] Monitor relanzado (pid 49295)
[Fri Aug 28 18:06:22 CST 2026] TUNEL CAIDO (https://ambient-sims-reflection-exam.trycloudflare.com). Relanzando monitor...
[Fri Aug 28 18:06:24 CST 2026] Monitor relanzado (pid 49592)
[Fri Aug 28 18:08:21 CST 2026] TUNEL CAIDO (https://breach-system-organizations-treat.trycloudflare.com). Relanzando monitor...
[Fri Aug 28 18:08:23 CST 2026] Monitor relanzado (pid 49968)
[Fri Aug 28 18:10:27 CST 2026] TUNEL CAIDO (https://commonwealth-toolbox-sport-fax.trycloudflare.com). Relanzando monitor...
[Fri Aug 28 18:10:29 CST 2026] Monitor relanzado (pid 50223)
[Fri Aug 28 18:12:20 CST 2026] OK tunel vivo: https://prix-pentium-shipment-liabilities.trycloudflare.com
[Fri Aug 28 18:14:20 CST 2026] TUNEL CAIDO (https://prix-pentium-shipment-liabilities.trycloudflare.com). Relanzando monitor...
[Fri Aug 28 18:14:22 CST 2026] Monitor relanzado (pid 50612)
[Fri Aug 28 18:16:32 CST 2026] TUNEL CAIDO (https://subjects-twist-contacting-questionnaire.trycloudflare.com). Relanzando monitor...
[Fri Aug 28 18:16:34 CST 2026] Monitor relanzado (pid 52001)
[Fri Aug 28 18:18:36 CST 2026] TUNEL CAIDO (https://remains-hobby-scientists-world.trycloudflare.com). Relanzando monitor...
[Fri Aug 28 18:18:38 CST 2026] Monitor relanzado (pid 53168)
[Fri Aug 28 18:20:31 CST 2026] OK tunel vivo: https://missile-unsigned-yeast-und.trycloudflare.com
[Fri Aug 28 18:22:37 CST 2026] TUNEL CAIDO (https://missile-unsigned-yeast-und.trycloudflare.com). Relanzando monitor...
[Fri Aug 28 18:22:39 CST 2026] Monitor relanzado (pid 54146)
[Fri Aug 28 18:24:36 CST 2026] TUNEL CAIDO (https://spirituality-manchester-east-alerts.trycloudflare.com). Relanzando monitor...
[Fri Aug 28 18:24:38 CST 2026] Monitor relanzado (pid 54605)
[Fri Aug 28 18:26:30 CST 2026] OK tunel vivo: https://wealth-viewpicture-preceding-transportation.trycloudflare.com
[Fri Aug 28 18:28:33 CST 2026] OK tunel vivo: https://wealth-viewpicture-preceding-transportation.trycloudflare.com
[Fri Aug 28 18:30:32 CST 2026] OK tunel vivo: https://wealth-viewpicture-preceding-transportation.trycloudflare.com
[Fri Aug 28 18:32:30 CST 2026] OK tunel vivo: https://wealth-viewpicture-preceding-transportation.trycloudflare.com
[Fri Aug 28 18:34:33 CST 2026] OK tunel vivo: https://wealth-viewpicture-preceding-transportation.trycloudflare.com
[Fri Aug 28 18:36:33 CST 2026] OK tunel vivo: https://wealth-viewpicture-preceding-transportation.trycloudflare.com
[Fri Aug 28 18:38:33 CST 2026] OK tunel vivo: https://wealth-viewpicture-preceding-transportation.trycloudflare.com
[Fri Aug 28 18:40:33 CST 2026] OK tunel vivo: https://wealth-viewpicture-preceding-transportation.trycloudflare.com
[Fri Aug 28 18:42:31 CST 2026] OK tunel vivo: https://wealth-viewpicture-preceding-transportation.trycloudflare.com
[Fri Aug 28 19:03:16 CST 2026] TUNEL CAIDO (https://wealth-viewpicture-preceding-transportation.trycloudflare.com). Relanzando monitor...
[Fri Aug 28 19:03:18 CST 2026] Monitor relanzado (pid 57850)
[Fri Aug 28 19:04:21 CST 2026] OK tunel vivo: https://arnold-deals-monica-passed.trycloudflare.com
[Fri Aug 28 19:21:14 CST 2026] TUNEL CAIDO (https://arnold-deals-monica-passed.trycloudflare.com). Relanzando monitor...
[Fri Aug 28 19:21:16 CST 2026] Monitor relanzado (pid 58227)
[Fri Aug 28 19:22:17 CST 2026] OK tunel vivo: https://with-flexibility-give-lit.trycloudflare.com
[Fri Aug 28 19:24:16 CST 2026] OK tunel vivo: https://with-flexibility-give-lit.trycloudflare.com
[Fri Aug 28 19:26:22 CST 2026] TUNEL CAIDO (https://with-flexibility-give-lit.trycloudflare.com). Relanzando monitor...
[Fri Aug 28 19:26:24 CST 2026] Monitor relanzado (pid 58723)
[Fri Aug 28 19:28:17 CST 2026] OK tunel vivo: https://presents-products-administration-study.trycloudflare.com
[Fri Aug 28 19:30:20 CST 2026] TUNEL CAIDO (https://presents-products-administration-study.trycloudflare.com). Relanzando monitor...
[Fri Aug 28 19:30:22 CST 2026] Monitor relanzado (pid 59063)
[Fri Aug 28 19:52:58 CST 2026] TUNEL CAIDO (https://jeremy-blades-vegetable-software.trycloudflare.com). Relanzando monitor...
[Fri Aug 28 20:08:08 CST 2026] Monitor relanzado (pid 59644)
[Fri Aug 28 20:10:47 CST 2026] TUNEL CAIDO (https://jeremy-blades-vegetable-software.trycloudflare.com). Relanzando monitor...
[Fri Aug 28 20:10:49 CST 2026] Monitor relanzado (pid 59915)
[Fri Aug 28 20:28:00 CST 2026] TUNEL CAIDO (https://talented-sub-hostels-accepts.trycloudflare.com). Relanzando monitor...
[Fri Aug 28 20:28:02 CST 2026] Monitor relanzado (pid 60246)
[Fri Aug 28 20:33:13 CST 2026] TUNEL CAIDO (https://narrow-cents-luke-third.trycloudflare.com). Relanzando monitor...
[Fri Aug 28 20:33:15 CST 2026] Monitor relanzado (pid 60483)
[Fri Aug 28 20:34:22 CST 2026] TUNEL CAIDO (https://kijiji-stockholm-dense-channels.trycloudflare.com). Relanzando monitor...
[Fri Aug 28 20:34:24 CST 2026] Monitor relanzado (pid 60674)
[Fri Aug 28 20:51:43 CST 2026] TUNEL CAIDO (https://promotion-bingo-dependent-arizona.trycloudflare.com). Relanzando monitor...
[Fri Aug 28 20:51:46 CST 2026] Monitor relanzado (pid 60903)
[Fri Aug 28 20:54:34 CST 2026] OK tunel vivo: https://secrets-deposits-emphasis-palm.trycloudflare.com
[Fri Aug 28 21:27:24 CST 2026] TUNEL CAIDO (https://secrets-deposits-emphasis-palm.trycloudflare.com). Relanzando monitor...
[Fri Aug 28 21:27:26 CST 2026] Monitor relanzado (pid 61414)
[Fri Aug 28 21:43:22 CST 2026] OK tunel vivo: https://dramatically-sitting-meaning-chapel.trycloudflare.com
[Fri Aug 28 21:44:17 CST 2026] OK tunel vivo: https://dramatically-sitting-meaning-chapel.trycloudflare.com
[Fri Aug 28 21:58:16 CST 2026] OK tunel vivo: https://dramatically-sitting-meaning-chapel.trycloudflare.com
[Fri Aug 28 22:00:13 CST 2026] OK tunel vivo: https://dramatically-sitting-meaning-chapel.trycloudflare.com
[Fri Aug 28 22:02:12 CST 2026] OK tunel vivo: https://dramatically-sitting-meaning-chapel.trycloudflare.com
[Fri Aug 28 22:04:17 CST 2026] OK tunel vivo: https://dramatically-sitting-meaning-chapel.trycloudflare.com
[Fri Aug 28 22:06:17 CST 2026] OK tunel vivo: https://dramatically-sitting-meaning-chapel.trycloudflare.com
[Fri Aug 28 22:08:19 CST 2026] OK tunel vivo: https://dramatically-sitting-meaning-chapel.trycloudflare.com
[Fri Aug 28 22:10:24 CST 2026] TUNEL CAIDO (https://dramatically-sitting-meaning-chapel.trycloudflare.com). Relanzando monitor...
[Fri Aug 28 22:10:26 CST 2026] Monitor relanzado (pid 63786)
[Fri Aug 28 22:12:20 CST 2026] TUNEL CAIDO (https://mainstream-scholar-guitar-southern.trycloudflare.com). Relanzando monitor...
[Fri Aug 28 22:12:23 CST 2026] Monitor relanzado (pid 64000)
[Fri Aug 28 22:14:21 CST 2026] TUNEL CAIDO (https://silver-discount-detected-sees.trycloudflare.com). Relanzando monitor...
[Fri Aug 28 22:14:24 CST 2026] Monitor relanzado (pid 64205)
[Fri Aug 28 22:16:36 CST 2026] TUNEL CAIDO (https://results-roy-whose-economies.trycloudflare.com). Relanzando monitor...
[Fri Aug 28 22:16:39 CST 2026] Monitor relanzado (pid 64455)
[Fri Aug 28 22:28:30 CST 2026] TUNEL CAIDO (https://robertson-phil-motor-serious.trycloudflare.com). Relanzando monitor...
[Fri Aug 28 22:28:32 CST 2026] Monitor relanzado (pid 67844)
[Fri Aug 28 22:30:25 CST 2026] TUNEL CAIDO (https://players-yoga-his-gourmet.trycloudflare.com). Relanzando monitor...
[Fri Aug 28 22:30:27 CST 2026] Monitor relanzado (pid 68068)
[Fri Aug 28 22:32:28 CST 2026] TUNEL CAIDO (https://herein-gibson-behaviour-volt.trycloudflare.com). Relanzando monitor...
[Fri Aug 28 22:32:30 CST 2026] Monitor relanzado (pid 68361)
[Fri Aug 28 22:34:23 CST 2026] OK tunel vivo: https://treaty-conducting-reached-proceed.trycloudflare.com
[Fri Aug 28 22:36:21 CST 2026] OK tunel vivo: https://treaty-conducting-reached-proceed.trycloudflare.com
[Fri Aug 28 22:38:26 CST 2026] TUNEL CAIDO (https://treaty-conducting-reached-proceed.trycloudflare.com). Relanzando monitor...
[Fri Aug 28 22:38:28 CST 2026] Monitor relanzado (pid 68864)
[Fri Aug 28 22:40:28 CST 2026] OK tunel vivo: https://bathrooms-gregory-oriented-parks.trycloudflare.com
[Fri Aug 28 22:42:20 CST 2026] OK tunel vivo: https://bathrooms-gregory-oriented-parks.trycloudflare.com
[Fri Aug 28 22:44:24 CST 2026] OK tunel vivo: https://bathrooms-gregory-oriented-parks.trycloudflare.com
[Fri Aug 28 22:46:27 CST 2026] TUNEL CAIDO (https://bathrooms-gregory-oriented-parks.trycloudflare.com). Relanzando monitor...
[Fri Aug 28 22:46:29 CST 2026] Monitor relanzado (pid 69634)
[Fri Aug 28 22:48:26 CST 2026] OK tunel vivo: https://explains-mapping-lined-surplus.trycloudflare.com
[Fri Aug 28 22:50:27 CST 2026] TUNEL CAIDO (https://explains-mapping-lined-surplus.trycloudflare.com). Relanzando monitor...
[Fri Aug 28 22:50:29 CST 2026] Monitor relanzado (pid 70120)
[Fri Aug 28 22:52:30 CST 2026] TUNEL CAIDO (https://show-cleaning-constraints-hindu.trycloudflare.com). Relanzando monitor...
[Fri Aug 28 22:52:32 CST 2026] Monitor relanzado (pid 70316)
[Fri Aug 28 22:54:24 CST 2026] OK tunel vivo: https://rules-barry-pockets-casio.trycloudflare.com
[Fri Aug 28 22:56:26 CST 2026] OK tunel vivo: https://rules-barry-pockets-casio.trycloudflare.com
[Fri Aug 28 22:58:29 CST 2026] OK tunel vivo: https://rules-barry-pockets-casio.trycloudflare.com
[Fri Aug 28 23:00:25 CST 2026] OK tunel vivo: https://rules-barry-pockets-casio.trycloudflare.com
[Fri Aug 28 23:02:37 CST 2026] TUNEL CAIDO (https://rules-barry-pockets-casio.trycloudflare.com). Relanzando monitor...
[Fri Aug 28 23:02:39 CST 2026] Monitor relanzado (pid 71202)
[Fri Aug 28 23:04:25 CST 2026] OK tunel vivo: https://participant-jim-warned-fountain.trycloudflare.com
[Fri Aug 28 23:06:24 CST 2026] OK tunel vivo: https://participant-jim-warned-fountain.trycloudflare.com
[Fri Aug 28 23:08:31 CST 2026] OK tunel vivo: https://participant-jim-warned-fountain.trycloudflare.com
[Fri Aug 28 23:10:25 CST 2026] OK tunel vivo: https://participant-jim-warned-fountain.trycloudflare.com
[Fri Aug 28 23:12:31 CST 2026] OK tunel vivo: https://participant-jim-warned-fountain.trycloudflare.com
[Fri Aug 28 23:33:50 CST 2026] OK tunel vivo: https://participant-jim-warned-fountain.trycloudflare.com
[Fri Aug 28 23:36:25 CST 2026] OK tunel vivo: https://participant-jim-warned-fountain.trycloudflare.com
[Fri Aug 28 23:38:25 CST 2026] OK tunel vivo: https://participant-jim-warned-fountain.trycloudflare.com
[Fri Aug 28 23:40:26 CST 2026] OK tunel vivo: https://participant-jim-warned-fountain.trycloudflare.com
[Fri Aug 28 23:42:32 CST 2026] TUNEL CAIDO (https://participant-jim-warned-fountain.trycloudflare.com). Relanzando monitor...
[Fri Aug 28 23:42:34 CST 2026] Monitor relanzado (pid 73371)
[Fri Aug 28 23:44:29 CST 2026] OK tunel vivo: https://ambient-ethnic-identification-trades.trycloudflare.com
[Fri Aug 28 23:46:29 CST 2026] OK tunel vivo: https://ambient-ethnic-identification-trades.trycloudflare.com
[Fri Aug 28 23:48:29 CST 2026] OK tunel vivo: https://ambient-ethnic-identification-trades.trycloudflare.com
[Fri Aug 28 23:50:28 CST 2026] OK tunel vivo: https://ambient-ethnic-identification-trades.trycloudflare.com
[Fri Aug 28 23:52:26 CST 2026] OK tunel vivo: https://ambient-ethnic-identification-trades.trycloudflare.com
[Fri Aug 28 23:54:29 CST 2026] OK tunel vivo: https://ambient-ethnic-identification-trades.trycloudflare.com
[Sat Aug 29 00:10:19 CST 2026] TUNEL CAIDO (https://ambient-ethnic-identification-trades.trycloudflare.com). Relanzando monitor...
[Sat Aug 29 00:10:21 CST 2026] Monitor relanzado (pid 74704)
[Sat Aug 29 00:14:03 CST 2026] TUNEL CAIDO (https://computer-quantum-innovations-discipline.trycloudflare.com). Relanzando monitor...
[Sat Aug 29 00:14:05 CST 2026] Monitor relanzado (pid 75335)
[Sat Aug 29 00:23:08 CST 2026] OK tunel vivo: https://necessary-leeds-liable-hunting.trycloudflare.com
[Sat Aug 29 00:24:31 CST 2026] OK tunel vivo: https://necessary-leeds-liable-hunting.trycloudflare.com
[Sat Aug 29 00:26:25 CST 2026] OK tunel vivo: https://necessary-leeds-liable-hunting.trycloudflare.com
[Sat Aug 29 00:28:28 CST 2026] OK tunel vivo: https://necessary-leeds-liable-hunting.trycloudflare.com
[Sat Aug 29 00:41:03 CST 2026] TUNEL CAIDO (https://necessary-leeds-liable-hunting.trycloudflare.com). Relanzando monitor...
[Sat Aug 29 00:41:05 CST 2026] Monitor relanzado (pid 76513)
[Sat Aug 29 00:42:14 CST 2026] TUNEL CAIDO (https://brunswick-career-alberta-warriors.trycloudflare.com). Relanzando monitor...
[Sat Aug 29 00:42:16 CST 2026] Monitor relanzado (pid 76728)
[Sat Aug 29 00:44:13 CST 2026] TUNEL CAIDO (https://excerpt-roger-slowly-bronze.trycloudflare.com). Relanzando monitor...
[Sat Aug 29 00:44:15 CST 2026] Monitor relanzado (pid 76960)
[Sat Aug 29 00:46:13 CST 2026] TUNEL CAIDO (https://reference-varieties-set-salt.trycloudflare.com). Relanzando monitor...
[Sat Aug 29 00:46:16 CST 2026] Monitor relanzado (pid 77180)
[Sat Aug 29 00:48:14 CST 2026] OK tunel vivo: https://manufacturing-created-fluid-members.trycloudflare.com
[Sat Aug 29 00:50:10 CST 2026] OK tunel vivo: https://manufacturing-created-fluid-members.trycloudflare.com
[Sat Aug 29 00:52:09 CST 2026] OK tunel vivo: https://manufacturing-created-fluid-members.trycloudflare.com
[Sat Aug 29 00:54:13 CST 2026] OK tunel vivo: https://manufacturing-created-fluid-members.trycloudflare.com
[Sat Aug 29 01:12:21 CST 2026] TUNEL CAIDO (https://manufacturing-created-fluid-members.trycloudflare.com). Relanzando monitor...
[Sat Aug 29 01:12:23 CST 2026] Monitor relanzado (pid 78199)
[Sat Aug 29 03:57:33 CST 2026] TUNEL CAIDO (https://bridges-signal-msgstr-solutions.trycloudflare.com). Relanzando monitor...
[Sat Aug 29 05:13:59 CST 2026] TUNEL CAIDO (https://bridges-signal-msgstr-solutions.trycloudflare.com). Relanzando monitor...
[Sat Aug 29 05:14:01 CST 2026] Monitor relanzado (pid 79225)
[Sat Aug 29 05:58:24 CST 2026] TUNEL CAIDO (https://enabling-wolf-simpson-dover.trycloudflare.com). Relanzando monitor...
[Sat Aug 29 05:58:26 CST 2026] Monitor relanzado (pid 79507)
[Sat Aug 29 08:02:29 CST 2026] TUNEL CAIDO (https://hat-consists-poems-cow.trycloudflare.com). Relanzando monitor...
[Sat Aug 29 08:02:31 CST 2026] Monitor relanzado (pid 80181)
[Sat Aug 29 08:22:41 CST 2026] TUNEL CAIDO (https://editorial-below-griffin-folding.trycloudflare.com). Relanzando monitor...
[Sat Aug 29 08:22:44 CST 2026] Monitor relanzado (pid 80406)
[Sat Aug 29 09:16:51 CST 2026] TUNEL CAIDO (https://editorial-below-griffin-folding.trycloudflare.com). Relanzando monitor...
[Sat Aug 29 09:36:53 CST 2026] TUNEL CAIDO (https://editorial-below-griffin-folding.trycloudflare.com). Relanzando monitor...
[Sat Aug 29 10:02:17 CST 2026] Monitor relanzado (pid 81016)
[Sat Aug 29 11:05:01 CST 2026] TUNEL CAIDO (https://medieval-based-supporters-establishing.trycloudflare.com). Relanzando monitor...
[Sat Aug 29 11:05:03 CST 2026] Monitor relanzado (pid 81366)
[Sat Aug 29 11:39:05 CST 2026] TUNEL CAIDO (https://his-worker-sandra-own.trycloudflare.com). Relanzando monitor...
[Sat Aug 29 11:39:07 CST 2026] Monitor relanzado (pid 81500)
[Sat Aug 29 11:57:31 CST 2026] TUNEL CAIDO (https://impressive-specialty-attorney-reporters.trycloudflare.com). Relanzando monitor...
[Sat Aug 29 12:04:19 CST 2026] Monitor relanzado (pid 81774)
[Sat Aug 29 12:04:22 CST 2026] TUNEL CAIDO (https://impressive-specialty-attorney-reporters.trycloudflare.com). Relanzando monitor...
[Sat Aug 29 12:04:24 CST 2026] Monitor relanzado (pid 81831)
[Sat Aug 29 12:59:40 CST 2026] TUNEL CAIDO (https://local-paper-bases-half.trycloudflare.com). Relanzando monitor...
[Sat Aug 29 12:59:42 CST 2026] Monitor relanzado (pid 82077)
[Sat Aug 29 13:33:12 CST 2026] TUNEL CAIDO (https://pools-european-drugs-processor.trycloudflare.com). Relanzando monitor...
[Sat Aug 29 13:33:15 CST 2026] Monitor relanzado (pid 82811)
[Sat Aug 29 13:35:13 CST 2026] TUNEL CAIDO (https://announced-abstract-rpg-moderators.trycloudflare.com). Relanzando monitor...
[Sat Aug 29 13:35:15 CST 2026] Monitor relanzado (pid 83093)
[Sat Aug 29 13:37:08 CST 2026] OK tunel vivo: https://textile-clearance-leaders-corrected.trycloudflare.com
[Sat Aug 29 13:39:24 CST 2026] TUNEL CAIDO (https://textile-clearance-leaders-corrected.trycloudflare.com). Relanzando monitor...
[Sat Aug 29 13:39:26 CST 2026] Monitor relanzado (pid 83543)
[Sat Aug 29 13:40:24 CST 2026] OK tunel vivo: https://suggestions-ship-robbie-regulated.trycloudflare.com
[Sat Aug 29 13:42:25 CST 2026] TUNEL CAIDO (https://suggestions-ship-robbie-regulated.trycloudflare.com). Relanzando monitor...
[Sat Aug 29 13:42:27 CST 2026] Monitor relanzado (pid 83938)
[Sat Aug 29 13:44:26 CST 2026] TUNEL CAIDO (https://find-pairs-custody-celebs.trycloudflare.com). Relanzando monitor...
[Sat Aug 29 13:44:28 CST 2026] Monitor relanzado (pid 84122)
[Sat Aug 29 13:46:25 CST 2026] TUNEL CAIDO (https://fruits-fitness-eds-coordinate.trycloudflare.com). Relanzando monitor...
[Sat Aug 29 13:46:27 CST 2026] Monitor relanzado (pid 84359)
[Sat Aug 29 13:48:24 CST 2026] OK tunel vivo: https://developing-soma-backgrounds-convenient.trycloudflare.com
[Sat Aug 29 13:50:25 CST 2026] TUNEL CAIDO (https://developing-soma-backgrounds-convenient.trycloudflare.com). Relanzando monitor...
[Sat Aug 29 13:50:27 CST 2026] Monitor relanzado (pid 84776)
[Sat Aug 29 13:52:25 CST 2026] OK tunel vivo: https://prostores-wall-printer-sys.trycloudflare.com
[Sat Aug 29 13:54:25 CST 2026] OK tunel vivo: https://prostores-wall-printer-sys.trycloudflare.com
[Sat Aug 29 13:56:29 CST 2026] TUNEL CAIDO (https://prostores-wall-printer-sys.trycloudflare.com). Relanzando monitor...
[Sat Aug 29 13:56:31 CST 2026] Monitor relanzado (pid 85328)
[Sat Aug 29 13:58:23 CST 2026] OK tunel vivo: https://throughout-capacity-necessity-rings.trycloudflare.com
[Sat Aug 29 14:00:25 CST 2026] TUNEL CAIDO (https://throughout-capacity-necessity-rings.trycloudflare.com). Relanzando monitor...
[Sat Aug 29 14:00:27 CST 2026] Monitor relanzado (pid 85738)
[Sat Aug 29 14:04:18 CST 2026] TUNEL CAIDO (https://leg-generation-limiting-residential.trycloudflare.com). Relanzando monitor...
[Sat Aug 29 14:04:20 CST 2026] Monitor relanzado (pid 86217)
[Sat Aug 29 14:06:25 CST 2026] OK tunel vivo: https://rod-pipe-shortly-drill.trycloudflare.com
[Sat Aug 29 14:15:19 CST 2026] TUNEL CAIDO (https://rod-pipe-shortly-drill.trycloudflare.com). Relanzando monitor...
[Sat Aug 29 14:15:21 CST 2026] Monitor relanzado (pid 86708)
[Sat Aug 29 14:20:09 CST 2026] TUNEL CAIDO (https://positions-maximum-yields-agenda.trycloudflare.com). Relanzando monitor...
[Sat Aug 29 14:20:11 CST 2026] Monitor relanzado (pid 87360)
[Sat Aug 29 14:22:14 CST 2026] OK tunel vivo: https://newark-punch-shelf-floppy.trycloudflare.com
[Sat Aug 29 14:24:16 CST 2026] OK tunel vivo: https://newark-punch-shelf-floppy.trycloudflare.com
[Sat Aug 29 14:26:19 CST 2026] TUNEL CAIDO (https://newark-punch-shelf-floppy.trycloudflare.com). Relanzando monitor...
[Sat Aug 29 14:26:21 CST 2026] Monitor relanzado (pid 87901)
[Sat Aug 29 14:28:17 CST 2026] TUNEL CAIDO (https://atm-bestsellers-inns-organizations.trycloudflare.com). Relanzando monitor...
[Sat Aug 29 14:28:19 CST 2026] Monitor relanzado (pid 88255)
[Sat Aug 29 14:30:16 CST 2026] OK tunel vivo: https://locking-gaps-doug-women.trycloudflare.com
[Sat Aug 29 14:32:17 CST 2026] OK tunel vivo: https://locking-gaps-doug-women.trycloudflare.com
[Sat Aug 29 14:34:17 CST 2026] OK tunel vivo: https://locking-gaps-doug-women.trycloudflare.com
[Sat Aug 29 14:36:19 CST 2026] TUNEL CAIDO (https://locking-gaps-doug-women.trycloudflare.com). Relanzando monitor...
[Sat Aug 29 14:36:21 CST 2026] Monitor relanzado (pid 88971)
[Sat Aug 29 14:38:18 CST 2026] TUNEL CAIDO (https://cams-give-harold-bobby.trycloudflare.com). Relanzando monitor...
[Sat Aug 29 14:38:20 CST 2026] Monitor relanzado (pid 89195)
[Sat Aug 29 14:46:37 CST 2026] TUNEL CAIDO (https://kitty-scientist-sic-identification.trycloudflare.com). Relanzando monitor...
[Sat Aug 29 14:46:40 CST 2026] Monitor relanzado (pid 89510)
[Sat Aug 29 14:48:37 CST 2026] OK tunel vivo: https://router-geography-went-wyoming.trycloudflare.com
[Sat Aug 29 14:50:37 CST 2026] OK tunel vivo: https://router-geography-went-wyoming.trycloudflare.com
[Sat Aug 29 14:52:37 CST 2026] TUNEL CAIDO (https://router-geography-went-wyoming.trycloudflare.com). Relanzando monitor...
[Sat Aug 29 14:52:39 CST 2026] Monitor relanzado (pid 90492)
[Sat Aug 29 14:54:36 CST 2026] OK tunel vivo: https://shopzilla-answered-multi-recognised.trycloudflare.com
[Sat Aug 29 14:56:38 CST 2026] OK tunel vivo: https://shopzilla-answered-multi-recognised.trycloudflare.com
[Sat Aug 29 14:58:37 CST 2026] OK tunel vivo: https://shopzilla-answered-multi-recognised.trycloudflare.com
[Sat Aug 29 15:00:38 CST 2026] TUNEL CAIDO (https://shopzilla-answered-multi-recognised.trycloudflare.com). Relanzando monitor...
[Sat Aug 29 15:00:40 CST 2026] Monitor relanzado (pid 91052)
[Sat Aug 29 15:04:30 CST 2026] TUNEL CAIDO (https://arrow-ton-questions-media.trycloudflare.com). Relanzando monitor...
[Sat Aug 29 15:04:32 CST 2026] Monitor relanzado (pid 91450)
[Sat Aug 29 15:06:40 CST 2026] TUNEL CAIDO (https://investigated-boss-requiring-outputs.trycloudflare.com). Relanzando monitor...
[Sat Aug 29 15:06:42 CST 2026] Monitor relanzado (pid 91632)
[Sat Aug 29 15:08:37 CST 2026] OK tunel vivo: https://headers-steady-katie-satisfied.trycloudflare.com
[Sat Aug 29 15:10:37 CST 2026] OK tunel vivo: https://headers-steady-katie-satisfied.trycloudflare.com
[Sat Aug 29 15:12:38 CST 2026] OK tunel vivo: https://headers-steady-katie-satisfied.trycloudflare.com
[Sat Aug 29 15:14:38 CST 2026] OK tunel vivo: https://headers-steady-katie-satisfied.trycloudflare.com
[Sat Aug 29 15:16:38 CST 2026] OK tunel vivo: https://headers-steady-katie-satisfied.trycloudflare.com
[Sat Aug 29 15:18:38 CST 2026] OK tunel vivo: https://headers-steady-katie-satisfied.trycloudflare.com
[Sat Aug 29 15:20:37 CST 2026] OK tunel vivo: https://headers-steady-katie-satisfied.trycloudflare.com
[Sat Aug 29 15:22:37 CST 2026] OK tunel vivo: https://headers-steady-katie-satisfied.trycloudflare.com
[Sat Aug 29 15:24:38 CST 2026] OK tunel vivo: https://headers-steady-katie-satisfied.trycloudflare.com
[Sat Aug 29 15:26:40 CST 2026] TUNEL CAIDO (https://headers-steady-katie-satisfied.trycloudflare.com). Relanzando monitor...
[Sat Aug 29 15:26:42 CST 2026] Monitor relanzado (pid 92967)
[Sat Aug 29 15:28:39 CST 2026] TUNEL CAIDO (https://literacy-proceedings-pct-geology.trycloudflare.com). Relanzando monitor...
[Sat Aug 29 15:28:41 CST 2026] Monitor relanzado (pid 93305)
[Sat Aug 29 15:30:39 CST 2026] OK tunel vivo: https://formed-candle-caring-belief.trycloudflare.com
[Sat Aug 29 15:32:37 CST 2026] OK tunel vivo: https://formed-candle-caring-belief.trycloudflare.com
[Sat Aug 29 15:34:37 CST 2026] OK tunel vivo: https://formed-candle-caring-belief.trycloudflare.com
[Sat Aug 29 15:36:42 CST 2026] TUNEL CAIDO (https://formed-candle-caring-belief.trycloudflare.com). Relanzando monitor...
[Sat Aug 29 15:36:45 CST 2026] Monitor relanzado (pid 93865)
[Sat Aug 29 15:38:38 CST 2026] OK tunel vivo: https://cleared-corporate-running-tell.trycloudflare.com
[Sat Aug 29 15:40:39 CST 2026] TUNEL CAIDO (https://cleared-corporate-running-tell.trycloudflare.com). Relanzando monitor...
[Sat Aug 29 15:40:41 CST 2026] Monitor relanzado (pid 94184)
[Sat Aug 29 15:42:41 CST 2026] OK tunel vivo: https://andale-wales-employ-changelog.trycloudflare.com
[Sat Aug 29 15:44:42 CST 2026] TUNEL CAIDO (https://andale-wales-employ-changelog.trycloudflare.com). Relanzando monitor...
[Sat Aug 29 15:44:44 CST 2026] Monitor relanzado (pid 94544)
[Sat Aug 29 15:48:32 CST 2026] TUNEL CAIDO (https://legislature-upcoming-undertaken-services.trycloudflare.com). Relanzando monitor...
[Sat Aug 29 15:48:34 CST 2026] Monitor relanzado (pid 94950)
[Sat Aug 29 15:50:40 CST 2026] TUNEL CAIDO (https://interracial-rebound-trends-bias.trycloudflare.com). Relanzando monitor...
[Sat Aug 29 15:50:42 CST 2026] Monitor relanzado (pid 95133)
[Sat Aug 29 15:52:37 CST 2026] OK tunel vivo: https://frequently-fork-fell-segment.trycloudflare.com
[Sat Aug 29 15:54:41 CST 2026] TUNEL CAIDO (https://frequently-fork-fell-segment.trycloudflare.com). Relanzando monitor...
[Sat Aug 29 15:54:43 CST 2026] Monitor relanzado (pid 95461)
[Sat Aug 29 15:56:39 CST 2026] OK tunel vivo: https://strategy-detail-shades-specials.trycloudflare.com
[Sat Aug 29 15:58:39 CST 2026] OK tunel vivo: https://strategy-detail-shades-specials.trycloudflare.com
[Sat Aug 29 16:00:41 CST 2026] OK tunel vivo: https://strategy-detail-shades-specials.trycloudflare.com
[Sat Aug 29 16:02:38 CST 2026] OK tunel vivo: https://strategy-detail-shades-specials.trycloudflare.com
[Sat Aug 29 16:04:41 CST 2026] TUNEL CAIDO (https://strategy-detail-shades-specials.trycloudflare.com). Relanzando monitor...
[Sat Aug 29 16:04:43 CST 2026] Monitor relanzado (pid 96163)
[Sat Aug 29 16:06:41 CST 2026] OK tunel vivo: https://outdoor-bin-weekends-wild.trycloudflare.com
[Sat Aug 29 16:08:39 CST 2026] OK tunel vivo: https://outdoor-bin-weekends-wild.trycloudflare.com
[Sat Aug 29 16:10:41 CST 2026] OK tunel vivo: https://outdoor-bin-weekends-wild.trycloudflare.com
[Sat Aug 29 16:12:40 CST 2026] OK tunel vivo: https://outdoor-bin-weekends-wild.trycloudflare.com
[Sat Aug 29 16:14:40 CST 2026] OK tunel vivo: https://outdoor-bin-weekends-wild.trycloudflare.com
[Sat Aug 29 16:16:41 CST 2026] TUNEL CAIDO (https://outdoor-bin-weekends-wild.trycloudflare.com). Relanzando monitor...
[Sat Aug 29 16:16:43 CST 2026] Monitor relanzado (pid 97309)
[Sat Aug 29 16:20:42 CST 2026] TUNEL CAIDO (https://island-embedded-much-sealed.trycloudflare.com). Relanzando monitor...
[Sat Aug 29 16:20:44 CST 2026] Monitor relanzado (pid 97954)
[Sat Aug 29 16:22:41 CST 2026] TUNEL CAIDO (https://peripherals-row-sheet-definitely.trycloudflare.com). Relanzando monitor...
[Sat Aug 29 16:22:43 CST 2026] Monitor relanzado (pid 98136)
[Sat Aug 29 16:24:39 CST 2026] OK tunel vivo: https://seo-spectacular-satellite-participation.trycloudflare.com
[Sat Aug 29 16:26:38 CST 2026] OK tunel vivo: https://seo-spectacular-satellite-participation.trycloudflare.com
[Sat Aug 29 16:28:36 CST 2026] OK tunel vivo: https://seo-spectacular-satellite-participation.trycloudflare.com
[Sat Aug 29 16:30:38 CST 2026] OK tunel vivo: https://seo-spectacular-satellite-participation.trycloudflare.com
[Sat Aug 29 16:32:39 CST 2026] OK tunel vivo: https://seo-spectacular-satellite-participation.trycloudflare.com
[Sat Aug 29 16:34:38 CST 2026] OK tunel vivo: https://seo-spectacular-satellite-participation.trycloudflare.com
[Sat Aug 29 16:36:39 CST 2026] OK tunel vivo: https://seo-spectacular-satellite-participation.trycloudflare.com
[Sat Aug 29 16:38:39 CST 2026] OK tunel vivo: https://seo-spectacular-satellite-participation.trycloudflare.com
[Sat Aug 29 16:40:38 CST 2026] OK tunel vivo: https://seo-spectacular-satellite-participation.trycloudflare.com
[Sat Aug 29 16:42:37 CST 2026] OK tunel vivo: https://seo-spectacular-satellite-participation.trycloudflare.com
[Sat Aug 29 16:44:38 CST 2026] OK tunel vivo: https://seo-spectacular-satellite-participation.trycloudflare.com
[Sat Aug 29 16:46:38 CST 2026] OK tunel vivo: https://seo-spectacular-satellite-participation.trycloudflare.com
[Sat Aug 29 16:48:39 CST 2026] OK tunel vivo: https://seo-spectacular-satellite-participation.trycloudflare.com
[Sat Aug 29 16:50:38 CST 2026] OK tunel vivo: https://seo-spectacular-satellite-participation.trycloudflare.com
[Sat Aug 29 16:52:39 CST 2026] OK tunel vivo: https://seo-spectacular-satellite-participation.trycloudflare.com
[Sat Aug 29 16:54:44 CST 2026] OK tunel vivo: https://seo-spectacular-satellite-participation.trycloudflare.com
[Sat Aug 29 16:56:43 CST 2026] TUNEL CAIDO (https://seo-spectacular-satellite-participation.trycloudflare.com). Relanzando monitor...
[Sat Aug 29 16:56:45 CST 2026] Monitor relanzado (pid 594)
[Sat Aug 29 16:58:45 CST 2026] TUNEL CAIDO (https://preventing-blog-williams-floral.trycloudflare.com). Relanzando monitor...
[Sat Aug 29 16:58:47 CST 2026] Monitor relanzado (pid 939)
[Sat Aug 29 17:00:44 CST 2026] TUNEL CAIDO (https://scale-decrease-med-moms.trycloudflare.com). Relanzando monitor...
[Sat Aug 29 17:00:46 CST 2026] Monitor relanzado (pid 1112)
[Sat Aug 29 17:02:38 CST 2026] OK tunel vivo: https://months-distinction-level-consultant.trycloudflare.com
[Sat Aug 29 17:04:41 CST 2026] OK tunel vivo: https://months-distinction-level-consultant.trycloudflare.com
[Sat Aug 29 17:06:43 CST 2026] OK tunel vivo: https://months-distinction-level-consultant.trycloudflare.com
[Sat Aug 29 17:08:41 CST 2026] OK tunel vivo: https://months-distinction-level-consultant.trycloudflare.com
[Sat Aug 29 17:10:41 CST 2026] OK tunel vivo: https://months-distinction-level-consultant.trycloudflare.com
[Sat Aug 29 17:12:43 CST 2026] TUNEL CAIDO (https://months-distinction-level-consultant.trycloudflare.com). Relanzando monitor...
[Sat Aug 29 17:12:45 CST 2026] Monitor relanzado (pid 2377)
[Sat Aug 29 17:14:40 CST 2026] OK tunel vivo: https://looking-smtp-subsidiaries-months.trycloudflare.com
[Sat Aug 29 17:16:43 CST 2026] OK tunel vivo: https://looking-smtp-subsidiaries-months.trycloudflare.com
[Sat Aug 29 17:18:41 CST 2026] OK tunel vivo: https://looking-smtp-subsidiaries-months.trycloudflare.com
[Sat Aug 29 17:20:40 CST 2026] OK tunel vivo: https://looking-smtp-subsidiaries-months.trycloudflare.com
[Sat Aug 29 17:22:42 CST 2026] OK tunel vivo: https://looking-smtp-subsidiaries-months.trycloudflare.com
[Sat Aug 29 17:24:39 CST 2026] OK tunel vivo: https://looking-smtp-subsidiaries-months.trycloudflare.com
[Sat Aug 29 17:26:42 CST 2026] OK tunel vivo: https://looking-smtp-subsidiaries-months.trycloudflare.com
[Sat Aug 29 17:28:41 CST 2026] OK tunel vivo: https://looking-smtp-subsidiaries-months.trycloudflare.com
[Sat Aug 29 17:30:40 CST 2026] OK tunel vivo: https://looking-smtp-subsidiaries-months.trycloudflare.com
[Sat Aug 29 17:32:38 CST 2026] OK tunel vivo: https://looking-smtp-subsidiaries-months.trycloudflare.com
[Sat Aug 29 17:34:40 CST 2026] OK tunel vivo: https://looking-smtp-subsidiaries-months.trycloudflare.com
[Sat Aug 29 17:36:40 CST 2026] OK tunel vivo: https://looking-smtp-subsidiaries-months.trycloudflare.com
[Sat Aug 29 17:38:44 CST 2026] TUNEL CAIDO (https://looking-smtp-subsidiaries-months.trycloudflare.com). Relanzando monitor...
[Sat Aug 29 17:38:46 CST 2026] Monitor relanzado (pid 4586)
[Sat Aug 29 17:44:43 CST 2026] OK tunel vivo: https://feeling-runner-gauge-million.trycloudflare.com
[Sat Aug 29 17:46:44 CST 2026] OK tunel vivo: https://feeling-runner-gauge-million.trycloudflare.com
[Sat Aug 29 17:48:43 CST 2026] OK tunel vivo: https://feeling-runner-gauge-million.trycloudflare.com
[Sat Aug 29 17:50:43 CST 2026] OK tunel vivo: https://feeling-runner-gauge-million.trycloudflare.com
[Sat Aug 29 17:52:48 CST 2026] TUNEL CAIDO (https://feeling-runner-gauge-million.trycloudflare.com). Relanzando monitor...
[Sat Aug 29 17:52:50 CST 2026] Monitor relanzado (pid 5730)
[Sat Aug 29 17:54:44 CST 2026] OK tunel vivo: https://burning-johns-smallest-ted.trycloudflare.com
[Sat Aug 29 17:56:45 CST 2026] TUNEL CAIDO (https://burning-johns-smallest-ted.trycloudflare.com). Relanzando monitor...
[Sat Aug 29 17:56:47 CST 2026] Monitor relanzado (pid 6169)
[Sat Aug 29 17:58:43 CST 2026] OK tunel vivo: https://finite-protocols-early-families.trycloudflare.com
[Sat Aug 29 18:00:46 CST 2026] TUNEL CAIDO (https://finite-protocols-early-families.trycloudflare.com). Relanzando monitor...
[Sat Aug 29 18:00:48 CST 2026] Monitor relanzado (pid 6569)
[Sat Aug 29 18:04:48 CST 2026] TUNEL CAIDO (https://approx-sapphire-cartridges-recipe.trycloudflare.com). Relanzando monitor...
[Sat Aug 29 18:04:50 CST 2026] Monitor relanzado (pid 7572)
[Sat Aug 29 18:06:46 CST 2026] OK tunel vivo: https://merchants-electro-exposed-facts.trycloudflare.com
[Sat Aug 29 18:08:44 CST 2026] OK tunel vivo: https://merchants-electro-exposed-facts.trycloudflare.com
[Sat Aug 29 18:10:44 CST 2026] OK tunel vivo: https://merchants-electro-exposed-facts.trycloudflare.com
[Sat Aug 29 18:12:43 CST 2026] OK tunel vivo: https://merchants-electro-exposed-facts.trycloudflare.com
[Sat Aug 29 18:14:45 CST 2026] OK tunel vivo: https://merchants-electro-exposed-facts.trycloudflare.com
[Sat Aug 29 18:16:44 CST 2026] OK tunel vivo: https://merchants-electro-exposed-facts.trycloudflare.com
[Sat Aug 29 18:18:49 CST 2026] TUNEL CAIDO (https://merchants-electro-exposed-facts.trycloudflare.com). Relanzando monitor...
[Sat Aug 29 18:18:52 CST 2026] Monitor relanzado (pid 9988)
[Sat Aug 29 18:20:56 CST 2026] TUNEL CAIDO (https://partial-buses-fourth-jill.trycloudflare.com). Relanzando monitor...
[Sat Aug 29 18:20:58 CST 2026] Monitor relanzado (pid 10311)
[Sat Aug 29 18:22:45 CST 2026] OK tunel vivo: https://information-database-deliver-affiliated.trycloudflare.com
[Sat Aug 29 18:24:45 CST 2026] OK tunel vivo: https://information-database-deliver-affiliated.trycloudflare.com
[Sat Aug 29 18:26:47 CST 2026] OK tunel vivo: https://information-database-deliver-affiliated.trycloudflare.com
[Sat Aug 29 18:28:44 CST 2026] OK tunel vivo: https://information-database-deliver-affiliated.trycloudflare.com
[Sat Aug 29 18:30:45 CST 2026] OK tunel vivo: https://information-database-deliver-affiliated.trycloudflare.com
[Sat Aug 29 18:32:46 CST 2026] OK tunel vivo: https://information-database-deliver-affiliated.trycloudflare.com
[Sat Aug 29 18:34:48 CST 2026] OK tunel vivo: https://information-database-deliver-affiliated.trycloudflare.com
[Sat Aug 29 18:36:45 CST 2026] OK tunel vivo: https://information-database-deliver-affiliated.trycloudflare.com
[Sat Aug 29 18:38:46 CST 2026] OK tunel vivo: https://information-database-deliver-affiliated.trycloudflare.com
[Sat Aug 29 18:40:49 CST 2026] OK tunel vivo: https://information-database-deliver-affiliated.trycloudflare.com
[Sat Aug 29 18:42:50 CST 2026] TUNEL CAIDO (https://information-database-deliver-affiliated.trycloudflare.com). Relanzando monitor...
[Sat Aug 29 18:42:52 CST 2026] Monitor relanzado (pid 12476)
[Sat Aug 29 18:44:45 CST 2026] OK tunel vivo: https://mask-casino-neighbors-cliff.trycloudflare.com
[Sat Aug 29 18:46:44 CST 2026] OK tunel vivo: https://mask-casino-neighbors-cliff.trycloudflare.com
[Sat Aug 29 18:48:51 CST 2026] TUNEL CAIDO (https://mask-casino-neighbors-cliff.trycloudflare.com). Relanzando monitor...
[Sat Aug 29 18:48:53 CST 2026] Monitor relanzado (pid 13707)
[Sat Aug 29 18:50:45 CST 2026] OK tunel vivo: https://tribunal-briefly-programme-coast.trycloudflare.com
[Sat Aug 29 18:52:44 CST 2026] OK tunel vivo: https://tribunal-briefly-programme-coast.trycloudflare.com
[Sat Aug 29 18:54:46 CST 2026] OK tunel vivo: https://tribunal-briefly-programme-coast.trycloudflare.com
[Sat Aug 29 18:56:46 CST 2026] OK tunel vivo: https://tribunal-briefly-programme-coast.trycloudflare.com
[Sat Aug 29 18:58:44 CST 2026] OK tunel vivo: https://tribunal-briefly-programme-coast.trycloudflare.com
[Sat Aug 29 19:00:47 CST 2026] OK tunel vivo: https://tribunal-briefly-programme-coast.trycloudflare.com
[Sat Aug 29 19:02:44 CST 2026] OK tunel vivo: https://tribunal-briefly-programme-coast.trycloudflare.com
[Sat Aug 29 19:04:45 CST 2026] OK tunel vivo: https://tribunal-briefly-programme-coast.trycloudflare.com
[Sat Aug 29 19:06:08 CST 2026] OK tunel vivo: https://tribunal-briefly-programme-coast.trycloudflare.com
[Sat Aug 29 19:08:06 CST 2026] OK tunel vivo: https://tribunal-briefly-programme-coast.trycloudflare.com
[Sat Aug 29 19:10:17 CST 2026] TUNEL CAIDO (https://tribunal-briefly-programme-coast.trycloudflare.com). Relanzando monitor...
[Sat Aug 29 19:10:20 CST 2026] Monitor relanzado (pid 15973)
[Sat Aug 29 19:12:07 CST 2026] OK tunel vivo: https://publicly-enhancing-authorized-mating.trycloudflare.com
[Sat Aug 29 19:14:07 CST 2026] OK tunel vivo: https://publicly-enhancing-authorized-mating.trycloudflare.com
[Sat Aug 29 19:16:20 CST 2026] OK tunel vivo: https://publicly-enhancing-authorized-mating.trycloudflare.com
[Sat Aug 29 19:19:10 CST 2026] TUNEL CAIDO (https://publicly-enhancing-authorized-mating.trycloudflare.com). Relanzando monitor...
[Sat Aug 29 19:19:13 CST 2026] Monitor relanzado (pid 16916)
[Sat Aug 29 19:20:43 CST 2026] OK tunel vivo: https://complimentary-jews-incidence-stanford.trycloudflare.com
[Sat Aug 29 19:22:39 CST 2026] OK tunel vivo: https://complimentary-jews-incidence-stanford.trycloudflare.com
[Sat Aug 29 19:24:41 CST 2026] OK tunel vivo: https://complimentary-jews-incidence-stanford.trycloudflare.com
[Sat Aug 29 19:28:42 CST 2026] OK tunel vivo: https://complimentary-jews-incidence-stanford.trycloudflare.com
[Sat Aug 29 19:30:53 CST 2026] TUNEL CAIDO (https://complimentary-jews-incidence-stanford.trycloudflare.com). Relanzando monitor...
[Sat Aug 29 19:30:55 CST 2026] Monitor relanzado (pid 19236)
[Sat Aug 29 19:32:46 CST 2026] OK tunel vivo: https://belts-legacy-mega-library.trycloudflare.com
[Sat Aug 29 19:34:54 CST 2026] TUNEL CAIDO (https://belts-legacy-mega-library.trycloudflare.com). Relanzando monitor...
[Sat Aug 29 19:34:56 CST 2026] Monitor relanzado (pid 19664)
[Sat Aug 29 19:36:49 CST 2026] OK tunel vivo: https://time-walker-normally-losses.trycloudflare.com
[Sat Aug 29 19:38:53 CST 2026] TUNEL CAIDO (https://time-walker-normally-losses.trycloudflare.com). Relanzando monitor...
[Sat Aug 29 19:38:56 CST 2026] Monitor relanzado (pid 20116)
[Sat Aug 29 19:40:57 CST 2026] TUNEL CAIDO (https://martin-lab-listening-when.trycloudflare.com). Relanzando monitor...
[Sat Aug 29 19:41:00 CST 2026] Monitor relanzado (pid 20332)
[Sat Aug 29 19:42:45 CST 2026] OK tunel vivo: https://tale-pregnant-carey-firewall.trycloudflare.com
[Sat Aug 29 19:44:46 CST 2026] OK tunel vivo: https://tale-pregnant-carey-firewall.trycloudflare.com
[Sat Aug 29 19:46:52 CST 2026] TUNEL CAIDO (https://tale-pregnant-carey-firewall.trycloudflare.com). Relanzando monitor...
[Sat Aug 29 19:46:55 CST 2026] Monitor relanzado (pid 21188)
[Sat Aug 29 19:48:46 CST 2026] OK tunel vivo: https://timing-sponsor-deals-feed.trycloudflare.com
[Sat Aug 29 19:50:48 CST 2026] OK tunel vivo: https://timing-sponsor-deals-feed.trycloudflare.com
[Sat Aug 29 19:52:46 CST 2026] OK tunel vivo: https://timing-sponsor-deals-feed.trycloudflare.com
[Sat Aug 29 19:54:46 CST 2026] OK tunel vivo: https://timing-sponsor-deals-feed.trycloudflare.com
[Sat Aug 29 19:56:46 CST 2026] OK tunel vivo: https://timing-sponsor-deals-feed.trycloudflare.com
[Sat Aug 29 19:58:46 CST 2026] OK tunel vivo: https://timing-sponsor-deals-feed.trycloudflare.com
[Sat Aug 29 20:00:48 CST 2026] OK tunel vivo: https://timing-sponsor-deals-feed.trycloudflare.com
[Sat Aug 29 20:02:48 CST 2026] OK tunel vivo: https://timing-sponsor-deals-feed.trycloudflare.com
[Sat Aug 29 20:04:48 CST 2026] OK tunel vivo: https://timing-sponsor-deals-feed.trycloudflare.com
[Sat Aug 29 20:06:48 CST 2026] OK tunel vivo: https://timing-sponsor-deals-feed.trycloudflare.com
[Sat Aug 29 20:08:50 CST 2026] OK tunel vivo: https://timing-sponsor-deals-feed.trycloudflare.com
[Sat Aug 29 20:10:47 CST 2026] OK tunel vivo: https://timing-sponsor-deals-feed.trycloudflare.com
[Sat Aug 29 20:12:49 CST 2026] OK tunel vivo: https://timing-sponsor-deals-feed.trycloudflare.com
[Sat Aug 29 20:14:48 CST 2026] OK tunel vivo: https://timing-sponsor-deals-feed.trycloudflare.com
[Sat Aug 29 20:16:46 CST 2026] OK tunel vivo: https://timing-sponsor-deals-feed.trycloudflare.com
[Sat Aug 29 20:18:47 CST 2026] OK tunel vivo: https://timing-sponsor-deals-feed.trycloudflare.com
[Sat Aug 29 20:20:50 CST 2026] OK tunel vivo: https://timing-sponsor-deals-feed.trycloudflare.com
[Sat Aug 29 20:22:48 CST 2026] OK tunel vivo: https://timing-sponsor-deals-feed.trycloudflare.com
[Sat Aug 29 20:24:52 CST 2026] OK tunel vivo: https://timing-sponsor-deals-feed.trycloudflare.com
[Sat Aug 29 20:26:49 CST 2026] OK tunel vivo: https://timing-sponsor-deals-feed.trycloudflare.com
[Sat Aug 29 20:28:49 CST 2026] OK tunel vivo: https://timing-sponsor-deals-feed.trycloudflare.com
[Sat Aug 29 20:30:50 CST 2026] OK tunel vivo: https://timing-sponsor-deals-feed.trycloudflare.com
[Sat Aug 29 20:32:49 CST 2026] OK tunel vivo: https://timing-sponsor-deals-feed.trycloudflare.com
[Sat Aug 29 20:34:49 CST 2026] OK tunel vivo: https://timing-sponsor-deals-feed.trycloudflare.com
[Sat Aug 29 20:36:48 CST 2026] OK tunel vivo: https://timing-sponsor-deals-feed.trycloudflare.com
[Sat Aug 29 20:38:49 CST 2026] OK tunel vivo: https://timing-sponsor-deals-feed.trycloudflare.com
[Sat Aug 29 20:40:49 CST 2026] OK tunel vivo: https://timing-sponsor-deals-feed.trycloudflare.com
[Sat Aug 29 20:42:51 CST 2026] OK tunel vivo: https://timing-sponsor-deals-feed.trycloudflare.com
[Sat Aug 29 20:45:00 CST 2026] TUNEL CAIDO (https://timing-sponsor-deals-feed.trycloudflare.com). Relanzando monitor...
[Sat Aug 29 20:45:02 CST 2026] Monitor relanzado (pid 28631)
[Sat Aug 29 20:46:54 CST 2026] OK tunel vivo: https://updated-processes-newly-lecture.trycloudflare.com
[Sat Aug 29 20:48:55 CST 2026] OK tunel vivo: https://updated-processes-newly-lecture.trycloudflare.com
[Sat Aug 29 20:50:53 CST 2026] OK tunel vivo: https://updated-processes-newly-lecture.trycloudflare.com
[Sat Aug 29 20:52:59 CST 2026] TUNEL CAIDO (https://updated-processes-newly-lecture.trycloudflare.com). Relanzando monitor...
[Sat Aug 29 20:53:01 CST 2026] Monitor relanzado (pid 29424)
[Sat Aug 29 20:54:51 CST 2026] OK tunel vivo: https://naturals-nail-warrant-arrival.trycloudflare.com
[Sat Aug 29 20:56:52 CST 2026] OK tunel vivo: https://naturals-nail-warrant-arrival.trycloudflare.com
[Sat Aug 29 20:58:59 CST 2026] TUNEL CAIDO (https://naturals-nail-warrant-arrival.trycloudflare.com). Relanzando monitor...
[Sat Aug 29 20:59:01 CST 2026] Monitor relanzado (pid 30198)
[Sat Aug 29 21:00:53 CST 2026] OK tunel vivo: https://more-desirable-petite-grammar.trycloudflare.com
[Sat Aug 29 21:03:10 CST 2026] TUNEL CAIDO (https://more-desirable-petite-grammar.trycloudflare.com). Relanzando monitor...
[Sat Aug 29 21:03:12 CST 2026] Monitor relanzado (pid 30739)
[Sat Aug 29 21:06:48 CST 2026] OK tunel vivo: https://yamaha-buying-fruits-donated.trycloudflare.com
[Sat Aug 29 21:08:38 CST 2026] OK tunel vivo: https://yamaha-buying-fruits-donated.trycloudflare.com
[Sat Aug 29 21:10:41 CST 2026] OK tunel vivo: https://yamaha-buying-fruits-donated.trycloudflare.com
[Sat Aug 29 21:12:46 CST 2026] TUNEL CAIDO (https://yamaha-buying-fruits-donated.trycloudflare.com). Relanzando monitor...
[Sat Aug 29 21:12:48 CST 2026] Monitor relanzado (pid 31940)
[Sat Aug 29 21:14:47 CST 2026] TUNEL CAIDO (https://while-disturbed-wto-cards.trycloudflare.com). Relanzando monitor...
[Sat Aug 29 21:14:49 CST 2026] Monitor relanzado (pid 32204)
[Sat Aug 29 21:18:38 CST 2026] TUNEL CAIDO (https://scott-scanned-cab-lime.trycloudflare.com). Relanzando monitor...
[Sat Aug 29 21:18:41 CST 2026] Monitor relanzado (pid 32671)
[Sat Aug 29 21:20:41 CST 2026] OK tunel vivo: https://lake-pepper-top-grid.trycloudflare.com
[Sat Aug 29 21:22:43 CST 2026] OK tunel vivo: https://lake-pepper-top-grid.trycloudflare.com
[Sat Aug 29 21:24:41 CST 2026] OK tunel vivo: https://lake-pepper-top-grid.trycloudflare.com
[Sat Aug 29 21:26:43 CST 2026] OK tunel vivo: https://lake-pepper-top-grid.trycloudflare.com
[Sat Aug 29 21:28:42 CST 2026] OK tunel vivo: https://lake-pepper-top-grid.trycloudflare.com
[Sat Aug 29 21:30:43 CST 2026] OK tunel vivo: https://lake-pepper-top-grid.trycloudflare.com
[Sat Aug 29 21:32:45 CST 2026] OK tunel vivo: https://lake-pepper-top-grid.trycloudflare.com
[Sat Aug 29 21:34:43 CST 2026] OK tunel vivo: https://lake-pepper-top-grid.trycloudflare.com
[Sat Aug 29 21:36:42 CST 2026] OK tunel vivo: https://lake-pepper-top-grid.trycloudflare.com
[Sat Aug 29 21:38:42 CST 2026] OK tunel vivo: https://lake-pepper-top-grid.trycloudflare.com
[Sat Aug 29 21:40:45 CST 2026] OK tunel vivo: https://lake-pepper-top-grid.trycloudflare.com
[Sat Aug 29 21:42:43 CST 2026] OK tunel vivo: https://lake-pepper-top-grid.trycloudflare.com
[Sat Aug 29 21:44:43 CST 2026] OK tunel vivo: https://lake-pepper-top-grid.trycloudflare.com
[Sat Aug 29 21:46:56 CST 2026] TUNEL CAIDO (https://lake-pepper-top-grid.trycloudflare.com). Relanzando monitor...
[Sat Aug 29 21:46:58 CST 2026] Monitor relanzado (pid 35651)
[Sat Aug 29 21:48:50 CST 2026] OK tunel vivo: https://sen-sword-laser-hire.trycloudflare.com
[Sat Aug 29 21:50:46 CST 2026] OK tunel vivo: https://sen-sword-laser-hire.trycloudflare.com
[Sat Aug 29 21:52:46 CST 2026] OK tunel vivo: https://sen-sword-laser-hire.trycloudflare.com
[Sat Aug 29 21:54:50 CST 2026] OK tunel vivo: https://sen-sword-laser-hire.trycloudflare.com
[Sat Aug 29 21:56:45 CST 2026] OK tunel vivo: https://sen-sword-laser-hire.trycloudflare.com
[Sat Aug 29 21:58:50 CST 2026] OK tunel vivo: https://sen-sword-laser-hire.trycloudflare.com
[Sat Aug 29 22:00:51 CST 2026] OK tunel vivo: https://sen-sword-laser-hire.trycloudflare.com
[Sat Aug 29 22:02:49 CST 2026] OK tunel vivo: https://sen-sword-laser-hire.trycloudflare.com
[Sat Aug 29 22:04:49 CST 2026] OK tunel vivo: https://sen-sword-laser-hire.trycloudflare.com
[Sat Aug 29 22:06:51 CST 2026] OK tunel vivo: https://sen-sword-laser-hire.trycloudflare.com
[Sat Aug 29 22:08:46 CST 2026] OK tunel vivo: https://sen-sword-laser-hire.trycloudflare.com
[Sat Aug 29 22:10:48 CST 2026] OK tunel vivo: https://sen-sword-laser-hire.trycloudflare.com
[Sat Aug 29 22:12:48 CST 2026] OK tunel vivo: https://sen-sword-laser-hire.trycloudflare.com
[Sat Aug 29 22:14:48 CST 2026] OK tunel vivo: https://sen-sword-laser-hire.trycloudflare.com
[Sat Aug 29 22:16:48 CST 2026] OK tunel vivo: https://sen-sword-laser-hire.trycloudflare.com
[Sat Aug 29 22:18:56 CST 2026] TUNEL CAIDO (https://sen-sword-laser-hire.trycloudflare.com). Relanzando monitor...
[Sat Aug 29 22:18:59 CST 2026] Monitor relanzado (pid 38800)
[Sat Aug 29 22:20:51 CST 2026] OK tunel vivo: https://pad-solar-guns-causing.trycloudflare.com
[Sat Aug 29 22:23:09 CST 2026] Monitor relanzado (pid 39494)
[Sat Aug 29 22:26:56 CST 2026] OK tunel vivo: https://wish-accessed-relay-curriculum.trycloudflare.com
[Sat Aug 29 22:28:58 CST 2026] OK tunel vivo: https://wish-accessed-relay-curriculum.trycloudflare.com
[Sat Aug 29 22:30:58 CST 2026] OK tunel vivo: https://wish-accessed-relay-curriculum.trycloudflare.com
[Sat Aug 29 22:33:00 CST 2026] OK tunel vivo: https://wish-accessed-relay-curriculum.trycloudflare.com
[Sat Aug 29 22:34:56 CST 2026] OK tunel vivo: https://wish-accessed-relay-curriculum.trycloudflare.com
[Sat Aug 29 22:36:55 CST 2026] OK tunel vivo: https://wish-accessed-relay-curriculum.trycloudflare.com
[Sat Aug 29 22:38:56 CST 2026] OK tunel vivo: https://wish-accessed-relay-curriculum.trycloudflare.com
[Sat Aug 29 22:40:57 CST 2026] OK tunel vivo: https://wish-accessed-relay-curriculum.trycloudflare.com
[Sat Aug 29 22:42:57 CST 2026] OK tunel vivo: https://wish-accessed-relay-curriculum.trycloudflare.com
[Sat Aug 29 22:45:00 CST 2026] OK tunel vivo: https://wish-accessed-relay-curriculum.trycloudflare.com
[Sat Aug 29 22:46:57 CST 2026] OK tunel vivo: https://wish-accessed-relay-curriculum.trycloudflare.com
[Sat Aug 29 22:49:00 CST 2026] OK tunel vivo: https://wish-accessed-relay-curriculum.trycloudflare.com
[Sat Aug 29 22:51:00 CST 2026] OK tunel vivo: https://wish-accessed-relay-curriculum.trycloudflare.com
[Sat Aug 29 22:52:57 CST 2026] OK tunel vivo: https://wish-accessed-relay-curriculum.trycloudflare.com
[Sat Aug 29 22:55:04 CST 2026] TUNEL CAIDO (https://wish-accessed-relay-curriculum.trycloudflare.com). Relanzando monitor...
[Sat Aug 29 22:55:07 CST 2026] Monitor relanzado (pid 43104)
[Sat Aug 29 23:01:02 CST 2026] OK tunel vivo: https://cute-talks-opera-declaration.trycloudflare.com
[Sat Aug 29 23:03:04 CST 2026] TUNEL CAIDO (https://cute-talks-opera-declaration.trycloudflare.com). Relanzando monitor...
[Sat Aug 29 23:03:06 CST 2026] Monitor relanzado (pid 44572)
[Sat Aug 29 23:19:04 CST 2026] TUNEL CAIDO (https://owned-little-ericsson-competitions.trycloudflare.com). Relanzando monitor...
[Sat Aug 29 23:19:06 CST 2026] Monitor relanzado (pid 48031)
[Sat Aug 29 23:21:06 CST 2026] TUNEL CAIDO (https://enormous-waterproof-normal-magnificent.trycloudflare.com). Relanzando monitor...
[Sat Aug 29 23:21:08 CST 2026] Monitor relanzado (pid 48546)
[Sat Aug 29 23:27:04 CST 2026] OK tunel vivo: https://leasing-drives-angels-arrangements.trycloudflare.com
[Sat Aug 29 23:28:57 CST 2026] OK tunel vivo: https://leasing-drives-angels-arrangements.trycloudflare.com
[Sat Aug 29 23:31:02 CST 2026] OK tunel vivo: https://leasing-drives-angels-arrangements.trycloudflare.com
[Sat Aug 29 23:32:58 CST 2026] OK tunel vivo: https://leasing-drives-angels-arrangements.trycloudflare.com
[Sat Aug 29 23:34:57 CST 2026] OK tunel vivo: https://leasing-drives-angels-arrangements.trycloudflare.com
[Sat Aug 29 23:36:58 CST 2026] OK tunel vivo: https://leasing-drives-angels-arrangements.trycloudflare.com
[Sat Aug 29 23:38:58 CST 2026] OK tunel vivo: https://leasing-drives-angels-arrangements.trycloudflare.com
[Sat Aug 29 23:41:06 CST 2026] TUNEL CAIDO (https://leasing-drives-angels-arrangements.trycloudflare.com). Relanzando monitor...
[Sat Aug 29 23:41:08 CST 2026] Monitor relanzado (pid 52086)
[Sat Aug 29 23:43:00 CST 2026] OK tunel vivo: https://status-obviously-thumbs-hint.trycloudflare.com
[Sat Aug 29 23:45:05 CST 2026] OK tunel vivo: https://status-obviously-thumbs-hint.trycloudflare.com
[Sat Aug 29 23:46:59 CST 2026] OK tunel vivo: https://status-obviously-thumbs-hint.trycloudflare.com
[Sat Aug 29 23:48:59 CST 2026] OK tunel vivo: https://status-obviously-thumbs-hint.trycloudflare.com
[Sat Aug 29 23:50:59 CST 2026] OK tunel vivo: https://status-obviously-thumbs-hint.trycloudflare.com
[Sat Aug 29 23:52:59 CST 2026] OK tunel vivo: https://status-obviously-thumbs-hint.trycloudflare.com
[Sat Aug 29 23:54:58 CST 2026] OK tunel vivo: https://status-obviously-thumbs-hint.trycloudflare.com
[Sat Aug 29 23:57:00 CST 2026] OK tunel vivo: https://status-obviously-thumbs-hint.trycloudflare.com
[Sat Aug 29 23:58:59 CST 2026] OK tunel vivo: https://status-obviously-thumbs-hint.trycloudflare.com
[Sun Aug 30 00:01:05 CST 2026] OK tunel vivo: https://status-obviously-thumbs-hint.trycloudflare.com
[Sun Aug 30 00:03:06 CST 2026] TUNEL CAIDO (https://status-obviously-thumbs-hint.trycloudflare.com). Relanzando monitor...
[Sun Aug 30 00:03:08 CST 2026] Monitor relanzado (pid 55537)
[Sun Aug 30 00:05:06 CST 2026] TUNEL CAIDO (https://permission-neck-assessments-aims.trycloudflare.com). Relanzando monitor...
[Sun Aug 30 00:05:08 CST 2026] Monitor relanzado (pid 55732)
[Sun Aug 30 00:07:03 CST 2026] OK tunel vivo: https://maker-costa-duty-estimated.trycloudflare.com
[Sun Aug 30 00:09:07 CST 2026] TUNEL CAIDO (https://maker-costa-duty-estimated.trycloudflare.com). Relanzando monitor...
[Sun Aug 30 00:09:09 CST 2026] Monitor relanzado (pid 56077)
[Sun Aug 30 00:11:07 CST 2026] TUNEL CAIDO (https://motels-ministries-boxes-rank.trycloudflare.com). Relanzando monitor...
[Sun Aug 30 00:11:09 CST 2026] Monitor relanzado (pid 56283)
[Sun Aug 30 00:12:58 CST 2026] TUNEL CAIDO (https://ellis-herself-toxic-starter.trycloudflare.com). Relanzando monitor...
[Sun Aug 30 00:13:00 CST 2026] Monitor relanzado (pid 56549)
[Sun Aug 30 00:14:15 CST 2026] TUNEL CAIDO (https://thriller-til-organisms-wash.trycloudflare.com). Relanzando monitor...
[Sun Aug 30 00:14:17 CST 2026] Monitor relanzado (pid 56762)
[Sun Aug 30 00:16:16 CST 2026] TUNEL CAIDO (https://existence-resist-traveller-proceeding.trycloudflare.com). Relanzando monitor...
[Sun Aug 30 00:16:18 CST 2026] Monitor relanzado (pid 57102)
[Sun Aug 30 00:18:12 CST 2026] TUNEL CAIDO (https://satisfactory-yields-assisted-simple.trycloudflare.com). Relanzando monitor...
[Sun Aug 30 00:18:14 CST 2026] Monitor relanzado (pid 57356)
[Sun Aug 30 00:20:13 CST 2026] TUNEL CAIDO (https://workshops-controls-requires-rows.trycloudflare.com). Relanzando monitor...
[Sun Aug 30 00:20:15 CST 2026] Monitor relanzado (pid 57598)
[Sun Aug 30 00:35:24 CST 2026] OK tunel vivo: https://demonstration-debian-move-tel.trycloudflare.com
[Sun Aug 30 00:36:20 CST 2026] OK tunel vivo: https://demonstration-debian-move-tel.trycloudflare.com
[Sun Aug 30 00:38:26 CST 2026] TUNEL CAIDO (https://demonstration-debian-move-tel.trycloudflare.com). Relanzando monitor...
[Sun Aug 30 00:38:28 CST 2026] Monitor relanzado (pid 58272)
[Sun Aug 30 00:40:21 CST 2026] OK tunel vivo: https://charlie-destinations-thu-impressive.trycloudflare.com
[Sun Aug 30 00:42:19 CST 2026] OK tunel vivo: https://charlie-destinations-thu-impressive.trycloudflare.com
[Sun Aug 30 00:44:20 CST 2026] OK tunel vivo: https://charlie-destinations-thu-impressive.trycloudflare.com
[Sun Aug 30 00:46:23 CST 2026] OK tunel vivo: https://charlie-destinations-thu-impressive.trycloudflare.com
[Sun Aug 30 00:48:24 CST 2026] OK tunel vivo: https://charlie-destinations-thu-impressive.trycloudflare.com
[Sun Aug 30 00:50:20 CST 2026] OK tunel vivo: https://charlie-destinations-thu-impressive.trycloudflare.com
[Sun Aug 30 00:52:20 CST 2026] OK tunel vivo: https://charlie-destinations-thu-impressive.trycloudflare.com
[Sun Aug 30 00:54:20 CST 2026] OK tunel vivo: https://charlie-destinations-thu-impressive.trycloudflare.com
[Sun Aug 30 00:56:20 CST 2026] OK tunel vivo: https://charlie-destinations-thu-impressive.trycloudflare.com
[Sun Aug 30 00:58:20 CST 2026] OK tunel vivo: https://charlie-destinations-thu-impressive.trycloudflare.com
[Sun Aug 30 01:00:21 CST 2026] OK tunel vivo: https://charlie-destinations-thu-impressive.trycloudflare.com
[Sun Aug 30 01:02:26 CST 2026] OK tunel vivo: https://charlie-destinations-thu-impressive.trycloudflare.com
[Sun Aug 30 01:04:20 CST 2026] OK tunel vivo: https://charlie-destinations-thu-impressive.trycloudflare.com
[Sun Aug 30 01:06:21 CST 2026] OK tunel vivo: https://charlie-destinations-thu-impressive.trycloudflare.com
[Sun Aug 30 01:08:21 CST 2026] OK tunel vivo: https://charlie-destinations-thu-impressive.trycloudflare.com
[Sun Aug 30 01:10:22 CST 2026] OK tunel vivo: https://charlie-destinations-thu-impressive.trycloudflare.com
[Sun Aug 30 01:12:21 CST 2026] OK tunel vivo: https://charlie-destinations-thu-impressive.trycloudflare.com
[Sun Aug 30 01:14:21 CST 2026] OK tunel vivo: https://charlie-destinations-thu-impressive.trycloudflare.com
[Sun Aug 30 01:16:23 CST 2026] OK tunel vivo: https://charlie-destinations-thu-impressive.trycloudflare.com
[Sun Aug 30 01:18:22 CST 2026] OK tunel vivo: https://charlie-destinations-thu-impressive.trycloudflare.com
[Sun Aug 30 01:20:21 CST 2026] OK tunel vivo: https://charlie-destinations-thu-impressive.trycloudflare.com
[Sun Aug 30 01:22:23 CST 2026] OK tunel vivo: https://charlie-destinations-thu-impressive.trycloudflare.com
[Sun Aug 30 01:24:22 CST 2026] OK tunel vivo: https://charlie-destinations-thu-impressive.trycloudflare.com
[Sun Aug 30 01:26:22 CST 2026] OK tunel vivo: https://charlie-destinations-thu-impressive.trycloudflare.com
[Sun Aug 30 01:28:23 CST 2026] OK tunel vivo: https://charlie-destinations-thu-impressive.trycloudflare.com
[Sun Aug 30 01:30:22 CST 2026] OK tunel vivo: https://charlie-destinations-thu-impressive.trycloudflare.com
[Sun Aug 30 01:32:22 CST 2026] OK tunel vivo: https://charlie-destinations-thu-impressive.trycloudflare.com
[Sun Aug 30 01:34:23 CST 2026] OK tunel vivo: https://charlie-destinations-thu-impressive.trycloudflare.com
[Sun Aug 30 01:36:24 CST 2026] OK tunel vivo: https://charlie-destinations-thu-impressive.trycloudflare.com
[Sun Aug 30 01:38:24 CST 2026] OK tunel vivo: https://charlie-destinations-thu-impressive.trycloudflare.com
[Sun Aug 30 01:40:24 CST 2026] OK tunel vivo: https://charlie-destinations-thu-impressive.trycloudflare.com
[Sun Aug 30 01:42:24 CST 2026] OK tunel vivo: https://charlie-destinations-thu-impressive.trycloudflare.com
[Sun Aug 30 01:44:24 CST 2026] OK tunel vivo: https://charlie-destinations-thu-impressive.trycloudflare.com
[Sun Aug 30 01:46:24 CST 2026] OK tunel vivo: https://charlie-destinations-thu-impressive.trycloudflare.com
[Sun Aug 30 01:48:24 CST 2026] OK tunel vivo: https://charlie-destinations-thu-impressive.trycloudflare.com
[Sun Aug 30 01:50:24 CST 2026] OK tunel vivo: https://charlie-destinations-thu-impressive.trycloudflare.com
[Sun Aug 30 01:52:24 CST 2026] OK tunel vivo: https://charlie-destinations-thu-impressive.trycloudflare.com
[Sun Aug 30 01:54:24 CST 2026] OK tunel vivo: https://charlie-destinations-thu-impressive.trycloudflare.com
[Sun Aug 30 01:56:25 CST 2026] OK tunel vivo: https://charlie-destinations-thu-impressive.trycloudflare.com
[Sun Aug 30 01:58:24 CST 2026] OK tunel vivo: https://charlie-destinations-thu-impressive.trycloudflare.com
[Sun Aug 30 02:00:24 CST 2026] OK tunel vivo: https://charlie-destinations-thu-impressive.trycloudflare.com
[Sun Aug 30 02:02:23 CST 2026] OK tunel vivo: https://charlie-destinations-thu-impressive.trycloudflare.com
[Sun Aug 30 02:04:24 CST 2026] OK tunel vivo: https://charlie-destinations-thu-impressive.trycloudflare.com
[Sun Aug 30 02:06:23 CST 2026] OK tunel vivo: https://charlie-destinations-thu-impressive.trycloudflare.com
[Sun Aug 30 02:08:24 CST 2026] OK tunel vivo: https://charlie-destinations-thu-impressive.trycloudflare.com
[Sun Aug 30 02:10:23 CST 2026] OK tunel vivo: https://charlie-destinations-thu-impressive.trycloudflare.com
[Sun Aug 30 02:12:23 CST 2026] OK tunel vivo: https://charlie-destinations-thu-impressive.trycloudflare.com
[Sun Aug 30 02:14:23 CST 2026] OK tunel vivo: https://charlie-destinations-thu-impressive.trycloudflare.com
[Sun Aug 30 02:16:24 CST 2026] OK tunel vivo: https://charlie-destinations-thu-impressive.trycloudflare.com
[Sun Aug 30 02:18:24 CST 2026] OK tunel vivo: https://charlie-destinations-thu-impressive.trycloudflare.com
[Sun Aug 30 02:20:24 CST 2026] OK tunel vivo: https://charlie-destinations-thu-impressive.trycloudflare.com
[Sun Aug 30 02:22:23 CST 2026] OK tunel vivo: https://charlie-destinations-thu-impressive.trycloudflare.com
[Sun Aug 30 02:24:23 CST 2026] OK tunel vivo: https://charlie-destinations-thu-impressive.trycloudflare.com
[Sun Aug 30 02:26:23 CST 2026] OK tunel vivo: https://charlie-destinations-thu-impressive.trycloudflare.com
[Sun Aug 30 02:28:23 CST 2026] OK tunel vivo: https://charlie-destinations-thu-impressive.trycloudflare.com
[Sun Aug 30 02:30:23 CST 2026] OK tunel vivo: https://charlie-destinations-thu-impressive.trycloudflare.com
[Sun Aug 30 02:32:24 CST 2026] OK tunel vivo: https://charlie-destinations-thu-impressive.trycloudflare.com
[Sun Aug 30 02:34:24 CST 2026] OK tunel vivo: https://charlie-destinations-thu-impressive.trycloudflare.com
[Sun Aug 30 02:36:23 CST 2026] OK tunel vivo: https://charlie-destinations-thu-impressive.trycloudflare.com
[Sun Aug 30 02:38:24 CST 2026] OK tunel vivo: https://charlie-destinations-thu-impressive.trycloudflare.com
[Sun Aug 30 02:40:24 CST 2026] OK tunel vivo: https://charlie-destinations-thu-impressive.trycloudflare.com
[Sun Aug 30 02:42:23 CST 2026] OK tunel vivo: https://charlie-destinations-thu-impressive.trycloudflare.com
[Sun Aug 30 02:44:23 CST 2026] OK tunel vivo: https://charlie-destinations-thu-impressive.trycloudflare.com
[Sun Aug 30 02:46:27 CST 2026] OK tunel vivo: https://charlie-destinations-thu-impressive.trycloudflare.com
[Sun Aug 30 02:48:26 CST 2026] OK tunel vivo: https://charlie-destinations-thu-impressive.trycloudflare.com
[Sun Aug 30 02:50:23 CST 2026] OK tunel vivo: https://charlie-destinations-thu-impressive.trycloudflare.com
[Sun Aug 30 02:52:25 CST 2026] OK tunel vivo: https://charlie-destinations-thu-impressive.trycloudflare.com
[Sun Aug 30 02:54:24 CST 2026] OK tunel vivo: https://charlie-destinations-thu-impressive.trycloudflare.com
[Sun Aug 30 02:56:26 CST 2026] OK tunel vivo: https://charlie-destinations-thu-impressive.trycloudflare.com
[Sun Aug 30 02:58:27 CST 2026] OK tunel vivo: https://charlie-destinations-thu-impressive.trycloudflare.com
[Sun Aug 30 03:00:24 CST 2026] OK tunel vivo: https://charlie-destinations-thu-impressive.trycloudflare.com
[Sun Aug 30 03:02:27 CST 2026] OK tunel vivo: https://charlie-destinations-thu-impressive.trycloudflare.com
[Sun Aug 30 03:04:26 CST 2026] OK tunel vivo: https://charlie-destinations-thu-impressive.trycloudflare.com
[Sun Aug 30 03:06:25 CST 2026] OK tunel vivo: https://charlie-destinations-thu-impressive.trycloudflare.com
[Sun Aug 30 03:08:26 CST 2026] OK tunel vivo: https://charlie-destinations-thu-impressive.trycloudflare.com
[Sun Aug 30 03:10:26 CST 2026] OK tunel vivo: https://charlie-destinations-thu-impressive.trycloudflare.com
[Sun Aug 30 03:20:54 CST 2026] TUNEL CAIDO (https://charlie-destinations-thu-impressive.trycloudflare.com). Relanzando monitor...
[Sun Aug 30 03:20:56 CST 2026] Monitor relanzado (pid 96513)
[Sun Aug 30 03:22:46 CST 2026] OK tunel vivo: https://hint-displayed-dns-style.trycloudflare.com
[Sun Aug 30 03:24:46 CST 2026] OK tunel vivo: https://hint-displayed-dns-style.trycloudflare.com
[Sun Aug 30 03:26:46 CST 2026] OK tunel vivo: https://hint-displayed-dns-style.trycloudflare.com
[Sun Aug 30 03:28:47 CST 2026] OK tunel vivo: https://hint-displayed-dns-style.trycloudflare.com
[Sun Aug 30 03:30:47 CST 2026] OK tunel vivo: https://hint-displayed-dns-style.trycloudflare.com
[Sun Aug 30 03:32:46 CST 2026] OK tunel vivo: https://hint-displayed-dns-style.trycloudflare.com
[Sun Aug 30 03:34:48 CST 2026] OK tunel vivo: https://hint-displayed-dns-style.trycloudflare.com
[Sun Aug 30 03:36:59 CST 2026] TUNEL CAIDO (https://hint-displayed-dns-style.trycloudflare.com). Relanzando monitor...
[Sun Aug 30 03:37:01 CST 2026] Monitor relanzado (pid 99419)
[Sun Aug 30 03:40:47 CST 2026] OK tunel vivo: https://worth-himself-buildings-remind.trycloudflare.com
[Sun Aug 30 03:42:47 CST 2026] OK tunel vivo: https://worth-himself-buildings-remind.trycloudflare.com
[Sun Aug 30 03:44:51 CST 2026] OK tunel vivo: https://worth-himself-buildings-remind.trycloudflare.com
[Sun Aug 30 03:46:47 CST 2026] OK tunel vivo: https://worth-himself-buildings-remind.trycloudflare.com
[Sun Aug 30 03:48:48 CST 2026] OK tunel vivo: https://worth-himself-buildings-remind.trycloudflare.com
[Sun Aug 30 03:50:51 CST 2026] OK tunel vivo: https://worth-himself-buildings-remind.trycloudflare.com
[Sun Aug 30 03:52:49 CST 2026] OK tunel vivo: https://worth-himself-buildings-remind.trycloudflare.com
[Sun Aug 30 03:54:47 CST 2026] OK tunel vivo: https://worth-himself-buildings-remind.trycloudflare.com
[Sun Aug 30 03:56:48 CST 2026] OK tunel vivo: https://worth-himself-buildings-remind.trycloudflare.com
[Sun Aug 30 03:58:47 CST 2026] OK tunel vivo: https://worth-himself-buildings-remind.trycloudflare.com
[Sun Aug 30 04:00:47 CST 2026] OK tunel vivo: https://worth-himself-buildings-remind.trycloudflare.com
[Sun Aug 30 04:02:48 CST 2026] OK tunel vivo: https://worth-himself-buildings-remind.trycloudflare.com
[Sun Aug 30 04:04:47 CST 2026] OK tunel vivo: https://worth-himself-buildings-remind.trycloudflare.com
[Sun Aug 30 04:06:48 CST 2026] OK tunel vivo: https://worth-himself-buildings-remind.trycloudflare.com
[Sun Aug 30 04:08:48 CST 2026] OK tunel vivo: https://worth-himself-buildings-remind.trycloudflare.com
[Sun Aug 30 04:10:48 CST 2026] OK tunel vivo: https://worth-himself-buildings-remind.trycloudflare.com
[Sun Aug 30 04:12:48 CST 2026] OK tunel vivo: https://worth-himself-buildings-remind.trycloudflare.com
[Sun Aug 30 04:14:49 CST 2026] OK tunel vivo: https://worth-himself-buildings-remind.trycloudflare.com
[Sun Aug 30 04:16:48 CST 2026] OK tunel vivo: https://worth-himself-buildings-remind.trycloudflare.com
[Sun Aug 30 04:18:48 CST 2026] OK tunel vivo: https://worth-himself-buildings-remind.trycloudflare.com
[Sun Aug 30 04:20:51 CST 2026] OK tunel vivo: https://worth-himself-buildings-remind.trycloudflare.com
[Sun Aug 30 04:22:50 CST 2026] OK tunel vivo: https://worth-himself-buildings-remind.trycloudflare.com
[Sun Aug 30 04:24:48 CST 2026] OK tunel vivo: https://worth-himself-buildings-remind.trycloudflare.com
[Sun Aug 30 04:26:49 CST 2026] OK tunel vivo: https://worth-himself-buildings-remind.trycloudflare.com
[Sun Aug 30 04:28:49 CST 2026] OK tunel vivo: https://worth-himself-buildings-remind.trycloudflare.com
[Sun Aug 30 04:30:50 CST 2026] OK tunel vivo: https://worth-himself-buildings-remind.trycloudflare.com
[Sun Aug 30 04:32:49 CST 2026] OK tunel vivo: https://worth-himself-buildings-remind.trycloudflare.com
[Sun Aug 30 04:34:49 CST 2026] OK tunel vivo: https://worth-himself-buildings-remind.trycloudflare.com
[Sun Aug 30 04:36:50 CST 2026] OK tunel vivo: https://worth-himself-buildings-remind.trycloudflare.com
[Sun Aug 30 04:38:50 CST 2026] OK tunel vivo: https://worth-himself-buildings-remind.trycloudflare.com
[Sun Aug 30 04:40:49 CST 2026] OK tunel vivo: https://worth-himself-buildings-remind.trycloudflare.com
[Sun Aug 30 04:42:49 CST 2026] OK tunel vivo: https://worth-himself-buildings-remind.trycloudflare.com
[Sun Aug 30 04:44:49 CST 2026] OK tunel vivo: https://worth-himself-buildings-remind.trycloudflare.com
[Sun Aug 30 04:46:49 CST 2026] OK tunel vivo: https://worth-himself-buildings-remind.trycloudflare.com
[Sun Aug 30 04:48:49 CST 2026] OK tunel vivo: https://worth-himself-buildings-remind.trycloudflare.com
[Sun Aug 30 04:50:50 CST 2026] OK tunel vivo: https://worth-himself-buildings-remind.trycloudflare.com
[Sun Aug 30 04:52:50 CST 2026] OK tunel vivo: https://worth-himself-buildings-remind.trycloudflare.com
[Sun Aug 30 04:54:49 CST 2026] OK tunel vivo: https://worth-himself-buildings-remind.trycloudflare.com
[Sun Aug 30 04:56:51 CST 2026] OK tunel vivo: https://worth-himself-buildings-remind.trycloudflare.com
[Sun Aug 30 04:58:50 CST 2026] OK tunel vivo: https://worth-himself-buildings-remind.trycloudflare.com
[Sun Aug 30 05:00:50 CST 2026] OK tunel vivo: https://worth-himself-buildings-remind.trycloudflare.com
[Sun Aug 30 05:02:50 CST 2026] OK tunel vivo: https://worth-himself-buildings-remind.trycloudflare.com
[Sun Aug 30 05:04:50 CST 2026] OK tunel vivo: https://worth-himself-buildings-remind.trycloudflare.com
[Sun Aug 30 05:06:50 CST 2026] OK tunel vivo: https://worth-himself-buildings-remind.trycloudflare.com
[Sun Aug 30 05:08:53 CST 2026] OK tunel vivo: https://worth-himself-buildings-remind.trycloudflare.com
[Sun Aug 30 05:10:51 CST 2026] OK tunel vivo: https://worth-himself-buildings-remind.trycloudflare.com
[Sun Aug 30 05:12:52 CST 2026] OK tunel vivo: https://worth-himself-buildings-remind.trycloudflare.com
[Sun Aug 30 05:14:51 CST 2026] OK tunel vivo: https://worth-himself-buildings-remind.trycloudflare.com
[Sun Aug 30 05:16:50 CST 2026] OK tunel vivo: https://worth-himself-buildings-remind.trycloudflare.com
[Sun Aug 30 05:18:51 CST 2026] OK tunel vivo: https://worth-himself-buildings-remind.trycloudflare.com
[Sun Aug 30 05:20:53 CST 2026] OK tunel vivo: https://worth-himself-buildings-remind.trycloudflare.com
[Sun Aug 30 05:22:53 CST 2026] OK tunel vivo: https://worth-himself-buildings-remind.trycloudflare.com
[Sun Aug 30 05:24:51 CST 2026] OK tunel vivo: https://worth-himself-buildings-remind.trycloudflare.com
[Sun Aug 30 05:26:51 CST 2026] OK tunel vivo: https://worth-himself-buildings-remind.trycloudflare.com
[Sun Aug 30 05:28:51 CST 2026] OK tunel vivo: https://worth-himself-buildings-remind.trycloudflare.com
[Sun Aug 30 05:30:51 CST 2026] OK tunel vivo: https://worth-himself-buildings-remind.trycloudflare.com
[Sun Aug 30 05:32:52 CST 2026] OK tunel vivo: https://worth-himself-buildings-remind.trycloudflare.com
[Sun Aug 30 05:34:51 CST 2026] OK tunel vivo: https://worth-himself-buildings-remind.trycloudflare.com
[Sun Aug 30 05:36:06 CST 2026] OK tunel vivo: https://worth-himself-buildings-remind.trycloudflare.com
[Sun Aug 30 05:38:07 CST 2026] OK tunel vivo: https://worth-himself-buildings-remind.trycloudflare.com
[Sun Aug 30 05:40:09 CST 2026] OK tunel vivo: https://worth-himself-buildings-remind.trycloudflare.com
[Sun Aug 30 05:42:07 CST 2026] OK tunel vivo: https://worth-himself-buildings-remind.trycloudflare.com
[Sun Aug 30 05:44:06 CST 2026] OK tunel vivo: https://worth-himself-buildings-remind.trycloudflare.com
[Sun Aug 30 05:46:06 CST 2026] OK tunel vivo: https://worth-himself-buildings-remind.trycloudflare.com
[Sun Aug 30 05:48:07 CST 2026] OK tunel vivo: https://worth-himself-buildings-remind.trycloudflare.com
[Sun Aug 30 05:50:06 CST 2026] OK tunel vivo: https://worth-himself-buildings-remind.trycloudflare.com
[Sun Aug 30 05:52:07 CST 2026] OK tunel vivo: https://worth-himself-buildings-remind.trycloudflare.com
[Sun Aug 30 05:54:08 CST 2026] OK tunel vivo: https://worth-himself-buildings-remind.trycloudflare.com
[Sun Aug 30 05:56:08 CST 2026] OK tunel vivo: https://worth-himself-buildings-remind.trycloudflare.com
[Sun Aug 30 05:58:08 CST 2026] OK tunel vivo: https://worth-himself-buildings-remind.trycloudflare.com
[Sun Aug 30 06:00:09 CST 2026] OK tunel vivo: https://worth-himself-buildings-remind.trycloudflare.com
[Sun Aug 30 06:02:09 CST 2026] OK tunel vivo: https://worth-himself-buildings-remind.trycloudflare.com
[Sun Aug 30 06:04:09 CST 2026] OK tunel vivo: https://worth-himself-buildings-remind.trycloudflare.com
[Sun Aug 30 06:06:10 CST 2026] OK tunel vivo: https://worth-himself-buildings-remind.trycloudflare.com
[Sun Aug 30 06:08:10 CST 2026] OK tunel vivo: https://worth-himself-buildings-remind.trycloudflare.com
[Sun Aug 30 06:10:10 CST 2026] OK tunel vivo: https://worth-himself-buildings-remind.trycloudflare.com
[Sun Aug 30 06:12:10 CST 2026] OK tunel vivo: https://worth-himself-buildings-remind.trycloudflare.com
[Sun Aug 30 06:14:10 CST 2026] OK tunel vivo: https://worth-himself-buildings-remind.trycloudflare.com
[Sun Aug 30 06:16:10 CST 2026] OK tunel vivo: https://worth-himself-buildings-remind.trycloudflare.com
[Sun Aug 30 06:18:12 CST 2026] OK tunel vivo: https://worth-himself-buildings-remind.trycloudflare.com
[Sun Aug 30 06:20:11 CST 2026] OK tunel vivo: https://worth-himself-buildings-remind.trycloudflare.com
[Sun Aug 30 06:22:13 CST 2026] OK tunel vivo: https://worth-himself-buildings-remind.trycloudflare.com
[Sun Aug 30 06:24:11 CST 2026] OK tunel vivo: https://worth-himself-buildings-remind.trycloudflare.com
[Sun Aug 30 06:26:11 CST 2026] OK tunel vivo: https://worth-himself-buildings-remind.trycloudflare.com
[Sun Aug 30 06:28:13 CST 2026] OK tunel vivo: https://worth-himself-buildings-remind.trycloudflare.com
[Sun Aug 30 06:30:13 CST 2026] OK tunel vivo: https://worth-himself-buildings-remind.trycloudflare.com
[Sun Aug 30 06:32:13 CST 2026] OK tunel vivo: https://worth-himself-buildings-remind.trycloudflare.com
[Sun Aug 30 06:34:14 CST 2026] OK tunel vivo: https://worth-himself-buildings-remind.trycloudflare.com
[Sun Aug 30 06:36:14 CST 2026] OK tunel vivo: https://worth-himself-buildings-remind.trycloudflare.com
[Sun Aug 30 06:38:14 CST 2026] OK tunel vivo: https://worth-himself-buildings-remind.trycloudflare.com
[Sun Aug 30 06:40:14 CST 2026] OK tunel vivo: https://worth-himself-buildings-remind.trycloudflare.com
[Sun Aug 30 06:42:14 CST 2026] OK tunel vivo: https://worth-himself-buildings-remind.trycloudflare.com
[Sun Aug 30 06:44:14 CST 2026] OK tunel vivo: https://worth-himself-buildings-remind.trycloudflare.com
[Sun Aug 30 06:46:15 CST 2026] OK tunel vivo: https://worth-himself-buildings-remind.trycloudflare.com
[Sun Aug 30 06:48:16 CST 2026] OK tunel vivo: https://worth-himself-buildings-remind.trycloudflare.com
[Sun Aug 30 06:50:16 CST 2026] OK tunel vivo: https://worth-himself-buildings-remind.trycloudflare.com
[Sun Aug 30 06:52:17 CST 2026] OK tunel vivo: https://worth-himself-buildings-remind.trycloudflare.com
[Sun Aug 30 06:54:17 CST 2026] OK tunel vivo: https://worth-himself-buildings-remind.trycloudflare.com
[Sun Aug 30 06:56:17 CST 2026] OK tunel vivo: https://worth-himself-buildings-remind.trycloudflare.com
[Sun Aug 30 06:58:17 CST 2026] OK tunel vivo: https://worth-himself-buildings-remind.trycloudflare.com
[Sun Aug 30 07:00:18 CST 2026] OK tunel vivo: https://worth-himself-buildings-remind.trycloudflare.com
[Sun Aug 30 07:02:17 CST 2026] OK tunel vivo: https://worth-himself-buildings-remind.trycloudflare.com
[Sun Aug 30 07:04:18 CST 2026] OK tunel vivo: https://worth-himself-buildings-remind.trycloudflare.com
[Sun Aug 30 07:06:18 CST 2026] OK tunel vivo: https://worth-himself-buildings-remind.trycloudflare.com
[Sun Aug 30 07:08:18 CST 2026] OK tunel vivo: https://worth-himself-buildings-remind.trycloudflare.com
[Sun Aug 30 07:10:18 CST 2026] OK tunel vivo: https://worth-himself-buildings-remind.trycloudflare.com
[Sun Aug 30 07:12:19 CST 2026] OK tunel vivo: https://worth-himself-buildings-remind.trycloudflare.com
[Sun Aug 30 07:14:18 CST 2026] OK tunel vivo: https://worth-himself-buildings-remind.trycloudflare.com
[Sun Aug 30 07:16:18 CST 2026] OK tunel vivo: https://worth-himself-buildings-remind.trycloudflare.com
[Sun Aug 30 07:18:20 CST 2026] OK tunel vivo: https://worth-himself-buildings-remind.trycloudflare.com
[Sun Aug 30 07:20:20 CST 2026] OK tunel vivo: https://worth-himself-buildings-remind.trycloudflare.com
[Sun Aug 30 07:22:22 CST 2026] OK tunel vivo: https://worth-himself-buildings-remind.trycloudflare.com
[Sun Aug 30 07:24:21 CST 2026] OK tunel vivo: https://worth-himself-buildings-remind.trycloudflare.com
[Sun Aug 30 07:26:21 CST 2026] OK tunel vivo: https://worth-himself-buildings-remind.trycloudflare.com
[Sun Aug 30 07:28:21 CST 2026] OK tunel vivo: https://worth-himself-buildings-remind.trycloudflare.com
[Sun Aug 30 07:30:22 CST 2026] OK tunel vivo: https://worth-himself-buildings-remind.trycloudflare.com
[Sun Aug 30 07:32:21 CST 2026] OK tunel vivo: https://worth-himself-buildings-remind.trycloudflare.com
[Sun Aug 30 07:34:22 CST 2026] OK tunel vivo: https://worth-himself-buildings-remind.trycloudflare.com
[Sun Aug 30 07:36:23 CST 2026] OK tunel vivo: https://worth-himself-buildings-remind.trycloudflare.com
[Sun Aug 30 07:38:23 CST 2026] OK tunel vivo: https://worth-himself-buildings-remind.trycloudflare.com
[Sun Aug 30 07:40:22 CST 2026] OK tunel vivo: https://worth-himself-buildings-remind.trycloudflare.com
[Sun Aug 30 07:42:23 CST 2026] OK tunel vivo: https://worth-himself-buildings-remind.trycloudflare.com
[Sun Aug 30 07:44:26 CST 2026] OK tunel vivo: https://worth-himself-buildings-remind.trycloudflare.com
[Sun Aug 30 07:46:23 CST 2026] OK tunel vivo: https://worth-himself-buildings-remind.trycloudflare.com
[Sun Aug 30 07:48:26 CST 2026] OK tunel vivo: https://worth-himself-buildings-remind.trycloudflare.com
[Sun Aug 30 07:50:26 CST 2026] OK tunel vivo: https://worth-himself-buildings-remind.trycloudflare.com
[Sun Aug 30 07:52:26 CST 2026] OK tunel vivo: https://worth-himself-buildings-remind.trycloudflare.com
[Sun Aug 30 07:54:26 CST 2026] OK tunel vivo: https://worth-himself-buildings-remind.trycloudflare.com
[Sun Aug 30 07:56:26 CST 2026] OK tunel vivo: https://worth-himself-buildings-remind.trycloudflare.com
[Sun Aug 30 07:58:25 CST 2026] OK tunel vivo: https://worth-himself-buildings-remind.trycloudflare.com
[Sun Aug 30 08:00:26 CST 2026] OK tunel vivo: https://worth-himself-buildings-remind.trycloudflare.com
[Sun Aug 30 08:02:26 CST 2026] OK tunel vivo: https://worth-himself-buildings-remind.trycloudflare.com
[Sun Aug 30 08:04:26 CST 2026] OK tunel vivo: https://worth-himself-buildings-remind.trycloudflare.com
[Sun Aug 30 08:06:27 CST 2026] OK tunel vivo: https://worth-himself-buildings-remind.trycloudflare.com
[Sun Aug 30 08:08:26 CST 2026] OK tunel vivo: https://worth-himself-buildings-remind.trycloudflare.com
[Sun Aug 30 08:10:26 CST 2026] OK tunel vivo: https://worth-himself-buildings-remind.trycloudflare.com
[Sun Aug 30 08:12:27 CST 2026] OK tunel vivo: https://worth-himself-buildings-remind.trycloudflare.com
[Sun Aug 30 08:14:27 CST 2026] OK tunel vivo: https://worth-himself-buildings-remind.trycloudflare.com
[Sun Aug 30 08:16:27 CST 2026] OK tunel vivo: https://worth-himself-buildings-remind.trycloudflare.com
[Sun Aug 30 08:18:27 CST 2026] OK tunel vivo: https://worth-himself-buildings-remind.trycloudflare.com
[Sun Aug 30 08:20:28 CST 2026] OK tunel vivo: https://worth-himself-buildings-remind.trycloudflare.com
[Sun Aug 30 08:22:28 CST 2026] OK tunel vivo: https://worth-himself-buildings-remind.trycloudflare.com
[Sun Aug 30 08:24:29 CST 2026] OK tunel vivo: https://worth-himself-buildings-remind.trycloudflare.com
[Sun Aug 30 08:26:28 CST 2026] OK tunel vivo: https://worth-himself-buildings-remind.trycloudflare.com
[Sun Aug 30 08:28:28 CST 2026] OK tunel vivo: https://worth-himself-buildings-remind.trycloudflare.com
[Sun Aug 30 08:30:29 CST 2026] OK tunel vivo: https://worth-himself-buildings-remind.trycloudflare.com
[Sun Aug 30 08:32:31 CST 2026] OK tunel vivo: https://worth-himself-buildings-remind.trycloudflare.com
[Sun Aug 30 08:34:29 CST 2026] OK tunel vivo: https://worth-himself-buildings-remind.trycloudflare.com
[Sun Aug 30 08:36:30 CST 2026] OK tunel vivo: https://worth-himself-buildings-remind.trycloudflare.com
[Sun Aug 30 08:38:30 CST 2026] OK tunel vivo: https://worth-himself-buildings-remind.trycloudflare.com
[Sun Aug 30 08:40:30 CST 2026] OK tunel vivo: https://worth-himself-buildings-remind.trycloudflare.com
[Sun Aug 30 08:42:30 CST 2026] OK tunel vivo: https://worth-himself-buildings-remind.trycloudflare.com
[Sun Aug 30 08:44:30 CST 2026] OK tunel vivo: https://worth-himself-buildings-remind.trycloudflare.com
[Sun Aug 30 08:46:31 CST 2026] OK tunel vivo: https://worth-himself-buildings-remind.trycloudflare.com
[Sun Aug 30 08:48:32 CST 2026] OK tunel vivo: https://worth-himself-buildings-remind.trycloudflare.com
[Sun Aug 30 08:50:31 CST 2026] OK tunel vivo: https://worth-himself-buildings-remind.trycloudflare.com
[Sun Aug 30 08:52:33 CST 2026] OK tunel vivo: https://worth-himself-buildings-remind.trycloudflare.com
[Sun Aug 30 08:54:32 CST 2026] OK tunel vivo: https://worth-himself-buildings-remind.trycloudflare.com
[Sun Aug 30 08:56:32 CST 2026] OK tunel vivo: https://worth-himself-buildings-remind.trycloudflare.com
[Sun Aug 30 08:58:33 CST 2026] OK tunel vivo: https://worth-himself-buildings-remind.trycloudflare.com
[Sun Aug 30 09:00:33 CST 2026] OK tunel vivo: https://worth-himself-buildings-remind.trycloudflare.com
[Sun Aug 30 09:02:33 CST 2026] OK tunel vivo: https://worth-himself-buildings-remind.trycloudflare.com
[Sun Aug 30 09:04:34 CST 2026] OK tunel vivo: https://worth-himself-buildings-remind.trycloudflare.com
[Sun Aug 30 09:06:34 CST 2026] OK tunel vivo: https://worth-himself-buildings-remind.trycloudflare.com
[Sun Aug 30 09:08:34 CST 2026] OK tunel vivo: https://worth-himself-buildings-remind.trycloudflare.com
[Sun Aug 30 09:10:36 CST 2026] OK tunel vivo: https://worth-himself-buildings-remind.trycloudflare.com
[Sun Aug 30 09:12:35 CST 2026] OK tunel vivo: https://worth-himself-buildings-remind.trycloudflare.com
[Sun Aug 30 09:14:35 CST 2026] OK tunel vivo: https://worth-himself-buildings-remind.trycloudflare.com
[Sun Aug 30 09:16:35 CST 2026] OK tunel vivo: https://worth-himself-buildings-remind.trycloudflare.com
[Sun Aug 30 09:18:36 CST 2026] OK tunel vivo: https://worth-himself-buildings-remind.trycloudflare.com
[Sun Aug 30 09:20:35 CST 2026] OK tunel vivo: https://worth-himself-buildings-remind.trycloudflare.com
[Sun Aug 30 09:22:37 CST 2026] OK tunel vivo: https://worth-himself-buildings-remind.trycloudflare.com
[Sun Aug 30 09:24:37 CST 2026] OK tunel vivo: https://worth-himself-buildings-remind.trycloudflare.com
[Sun Aug 30 09:26:36 CST 2026] OK tunel vivo: https://worth-himself-buildings-remind.trycloudflare.com
[Sun Aug 30 09:28:37 CST 2026] OK tunel vivo: https://worth-himself-buildings-remind.trycloudflare.com
[Sun Aug 30 09:30:37 CST 2026] OK tunel vivo: https://worth-himself-buildings-remind.trycloudflare.com
[Sun Aug 30 09:32:38 CST 2026] OK tunel vivo: https://worth-himself-buildings-remind.trycloudflare.com
[Sun Aug 30 09:34:37 CST 2026] OK tunel vivo: https://worth-himself-buildings-remind.trycloudflare.com
[Sun Aug 30 09:36:38 CST 2026] OK tunel vivo: https://worth-himself-buildings-remind.trycloudflare.com
[Sun Aug 30 09:38:38 CST 2026] OK tunel vivo: https://worth-himself-buildings-remind.trycloudflare.com
[Sun Aug 30 09:40:39 CST 2026] OK tunel vivo: https://worth-himself-buildings-remind.trycloudflare.com
[Sun Aug 30 09:42:39 CST 2026] OK tunel vivo: https://worth-himself-buildings-remind.trycloudflare.com
[Sun Aug 30 09:44:39 CST 2026] OK tunel vivo: https://worth-himself-buildings-remind.trycloudflare.com
[Sun Aug 30 09:46:42 CST 2026] OK tunel vivo: https://worth-himself-buildings-remind.trycloudflare.com
[Sun Aug 30 09:48:41 CST 2026] OK tunel vivo: https://worth-himself-buildings-remind.trycloudflare.com
[Sun Aug 30 09:50:41 CST 2026] OK tunel vivo: https://worth-himself-buildings-remind.trycloudflare.com
[Sun Aug 30 09:52:41 CST 2026] OK tunel vivo: https://worth-himself-buildings-remind.trycloudflare.com
[Sun Aug 30 09:54:41 CST 2026] OK tunel vivo: https://worth-himself-buildings-remind.trycloudflare.com
[Sun Aug 30 09:56:41 CST 2026] OK tunel vivo: https://worth-himself-buildings-remind.trycloudflare.com
[Sun Aug 30 09:58:41 CST 2026] OK tunel vivo: https://worth-himself-buildings-remind.trycloudflare.com
[Sun Aug 30 10:00:42 CST 2026] OK tunel vivo: https://worth-himself-buildings-remind.trycloudflare.com
[Sun Aug 30 10:02:42 CST 2026] OK tunel vivo: https://worth-himself-buildings-remind.trycloudflare.com
[Sun Aug 30 10:04:43 CST 2026] OK tunel vivo: https://worth-himself-buildings-remind.trycloudflare.com
[Sun Aug 30 10:06:43 CST 2026] OK tunel vivo: https://worth-himself-buildings-remind.trycloudflare.com
[Sun Aug 30 10:08:45 CST 2026] OK tunel vivo: https://worth-himself-buildings-remind.trycloudflare.com
[Sun Aug 30 10:10:43 CST 2026] OK tunel vivo: https://worth-himself-buildings-remind.trycloudflare.com
[Sun Aug 30 10:12:43 CST 2026] OK tunel vivo: https://worth-himself-buildings-remind.trycloudflare.com
[Sun Aug 30 10:14:43 CST 2026] OK tunel vivo: https://worth-himself-buildings-remind.trycloudflare.com
[Sun Aug 30 10:16:44 CST 2026] OK tunel vivo: https://worth-himself-buildings-remind.trycloudflare.com
[Sun Aug 30 10:18:46 CST 2026] OK tunel vivo: https://worth-himself-buildings-remind.trycloudflare.com
[Sun Aug 30 10:20:44 CST 2026] OK tunel vivo: https://worth-himself-buildings-remind.trycloudflare.com
[Sun Aug 30 10:22:45 CST 2026] OK tunel vivo: https://worth-himself-buildings-remind.trycloudflare.com
[Sun Aug 30 10:24:45 CST 2026] OK tunel vivo: https://worth-himself-buildings-remind.trycloudflare.com
[Sun Aug 30 10:26:44 CST 2026] OK tunel vivo: https://worth-himself-buildings-remind.trycloudflare.com
[Sun Aug 30 10:28:45 CST 2026] OK tunel vivo: https://worth-himself-buildings-remind.trycloudflare.com
[Sun Aug 30 10:30:46 CST 2026] OK tunel vivo: https://worth-himself-buildings-remind.trycloudflare.com
[Sun Aug 30 10:32:45 CST 2026] OK tunel vivo: https://worth-himself-buildings-remind.trycloudflare.com
[Sun Aug 30 10:34:45 CST 2026] OK tunel vivo: https://worth-himself-buildings-remind.trycloudflare.com
[Sun Aug 30 10:36:48 CST 2026] OK tunel vivo: https://worth-himself-buildings-remind.trycloudflare.com
[Sun Aug 30 10:38:46 CST 2026] OK tunel vivo: https://worth-himself-buildings-remind.trycloudflare.com
[Sun Aug 30 10:40:46 CST 2026] OK tunel vivo: https://worth-himself-buildings-remind.trycloudflare.com
[Sun Aug 30 10:42:47 CST 2026] OK tunel vivo: https://worth-himself-buildings-remind.trycloudflare.com
[Sun Aug 30 10:44:47 CST 2026] OK tunel vivo: https://worth-himself-buildings-remind.trycloudflare.com
[Sun Aug 30 10:46:47 CST 2026] OK tunel vivo: https://worth-himself-buildings-remind.trycloudflare.com
[Sun Aug 30 10:48:48 CST 2026] OK tunel vivo: https://worth-himself-buildings-remind.trycloudflare.com
[Sun Aug 30 10:50:48 CST 2026] OK tunel vivo: https://worth-himself-buildings-remind.trycloudflare.com
[Sun Aug 30 10:52:49 CST 2026] OK tunel vivo: https://worth-himself-buildings-remind.trycloudflare.com
[Sun Aug 30 10:54:49 CST 2026] OK tunel vivo: https://worth-himself-buildings-remind.trycloudflare.com
[Sun Aug 30 10:56:49 CST 2026] OK tunel vivo: https://worth-himself-buildings-remind.trycloudflare.com
[Sun Aug 30 10:58:51 CST 2026] OK tunel vivo: https://worth-himself-buildings-remind.trycloudflare.com
[Sun Aug 30 11:00:50 CST 2026] OK tunel vivo: https://worth-himself-buildings-remind.trycloudflare.com
[Sun Aug 30 11:02:50 CST 2026] OK tunel vivo: https://worth-himself-buildings-remind.trycloudflare.com
[Sun Aug 30 11:04:50 CST 2026] OK tunel vivo: https://worth-himself-buildings-remind.trycloudflare.com
[Sun Aug 30 11:06:50 CST 2026] OK tunel vivo: https://worth-himself-buildings-remind.trycloudflare.com
[Sun Aug 30 11:08:51 CST 2026] OK tunel vivo: https://worth-himself-buildings-remind.trycloudflare.com
[Sun Aug 30 11:10:51 CST 2026] OK tunel vivo: https://worth-himself-buildings-remind.trycloudflare.com
[Sun Aug 30 11:12:52 CST 2026] OK tunel vivo: https://worth-himself-buildings-remind.trycloudflare.com
[Sun Aug 30 11:14:51 CST 2026] OK tunel vivo: https://worth-himself-buildings-remind.trycloudflare.com
[Sun Aug 30 11:16:52 CST 2026] OK tunel vivo: https://worth-himself-buildings-remind.trycloudflare.com
[Sun Aug 30 11:18:52 CST 2026] OK tunel vivo: https://worth-himself-buildings-remind.trycloudflare.com
[Sun Aug 30 11:20:52 CST 2026] OK tunel vivo: https://worth-himself-buildings-remind.trycloudflare.com
[Sun Aug 30 11:22:53 CST 2026] OK tunel vivo: https://worth-himself-buildings-remind.trycloudflare.com
[Sun Aug 30 11:24:53 CST 2026] OK tunel vivo: https://worth-himself-buildings-remind.trycloudflare.com
[Sun Aug 30 11:26:53 CST 2026] OK tunel vivo: https://worth-himself-buildings-remind.trycloudflare.com
[Sun Aug 30 11:28:53 CST 2026] OK tunel vivo: https://worth-himself-buildings-remind.trycloudflare.com
[Sun Aug 30 11:30:54 CST 2026] OK tunel vivo: https://worth-himself-buildings-remind.trycloudflare.com
[Sun Aug 30 11:32:55 CST 2026] OK tunel vivo: https://worth-himself-buildings-remind.trycloudflare.com
[Sun Aug 30 11:34:54 CST 2026] OK tunel vivo: https://worth-himself-buildings-remind.trycloudflare.com
[Sun Aug 30 11:36:57 CST 2026] OK tunel vivo: https://worth-himself-buildings-remind.trycloudflare.com
[Sun Aug 30 11:38:55 CST 2026] OK tunel vivo: https://worth-himself-buildings-remind.trycloudflare.com
[Sun Aug 30 11:40:55 CST 2026] OK tunel vivo: https://worth-himself-buildings-remind.trycloudflare.com
[Sun Aug 30 11:42:55 CST 2026] OK tunel vivo: https://worth-himself-buildings-remind.trycloudflare.com
[Sun Aug 30 11:44:56 CST 2026] OK tunel vivo: https://worth-himself-buildings-remind.trycloudflare.com
[Sun Aug 30 11:46:56 CST 2026] OK tunel vivo: https://worth-himself-buildings-remind.trycloudflare.com
[Sun Aug 30 11:48:56 CST 2026] OK tunel vivo: https://worth-himself-buildings-remind.trycloudflare.com
[Sun Aug 30 11:50:57 CST 2026] OK tunel vivo: https://worth-himself-buildings-remind.trycloudflare.com
[Sun Aug 30 11:52:59 CST 2026] OK tunel vivo: https://worth-himself-buildings-remind.trycloudflare.com
[Sun Aug 30 11:54:57 CST 2026] OK tunel vivo: https://worth-himself-buildings-remind.trycloudflare.com
[Sun Aug 30 11:56:58 CST 2026] OK tunel vivo: https://worth-himself-buildings-remind.trycloudflare.com
[Sun Aug 30 11:58:58 CST 2026] OK tunel vivo: https://worth-himself-buildings-remind.trycloudflare.com
[Sun Aug 30 12:00:59 CST 2026] OK tunel vivo: https://worth-himself-buildings-remind.trycloudflare.com
[Sun Aug 30 12:02:58 CST 2026] OK tunel vivo: https://worth-himself-buildings-remind.trycloudflare.com
[Sun Aug 30 12:04:58 CST 2026] OK tunel vivo: https://worth-himself-buildings-remind.trycloudflare.com
[Sun Aug 30 12:06:59 CST 2026] OK tunel vivo: https://worth-himself-buildings-remind.trycloudflare.com
[Sun Aug 30 12:09:00 CST 2026] OK tunel vivo: https://worth-himself-buildings-remind.trycloudflare.com
[Sun Aug 30 12:11:00 CST 2026] OK tunel vivo: https://worth-himself-buildings-remind.trycloudflare.com
[Sun Aug 30 12:12:59 CST 2026] OK tunel vivo: https://worth-himself-buildings-remind.trycloudflare.com
[Sun Aug 30 12:14:59 CST 2026] OK tunel vivo: https://worth-himself-buildings-remind.trycloudflare.com
[Sun Aug 30 12:17:00 CST 2026] OK tunel vivo: https://worth-himself-buildings-remind.trycloudflare.com
[Sun Aug 30 12:19:00 CST 2026] OK tunel vivo: https://worth-himself-buildings-remind.trycloudflare.com
[Sun Aug 30 12:21:00 CST 2026] OK tunel vivo: https://worth-himself-buildings-remind.trycloudflare.com
[Sun Aug 30 12:23:02 CST 2026] OK tunel vivo: https://worth-himself-buildings-remind.trycloudflare.com
[Sun Aug 30 12:25:00 CST 2026] OK tunel vivo: https://worth-himself-buildings-remind.trycloudflare.com
[Sun Aug 30 12:27:00 CST 2026] OK tunel vivo: https://worth-himself-buildings-remind.trycloudflare.com
[Sun Aug 30 12:29:02 CST 2026] OK tunel vivo: https://worth-himself-buildings-remind.trycloudflare.com
[Sun Aug 30 12:31:00 CST 2026] OK tunel vivo: https://worth-himself-buildings-remind.trycloudflare.com
[Sun Aug 30 12:33:00 CST 2026] OK tunel vivo: https://worth-himself-buildings-remind.trycloudflare.com
[Sun Aug 30 12:35:03 CST 2026] OK tunel vivo: https://worth-himself-buildings-remind.trycloudflare.com
[Sun Aug 30 12:37:01 CST 2026] OK tunel vivo: https://worth-himself-buildings-remind.trycloudflare.com
[Sun Aug 30 12:39:01 CST 2026] OK tunel vivo: https://worth-himself-buildings-remind.trycloudflare.com
[Sun Aug 30 12:41:01 CST 2026] OK tunel vivo: https://worth-himself-buildings-remind.trycloudflare.com
[Sun Aug 30 12:43:01 CST 2026] OK tunel vivo: https://worth-himself-buildings-remind.trycloudflare.com
[Sun Aug 30 12:45:01 CST 2026] OK tunel vivo: https://worth-himself-buildings-remind.trycloudflare.com
[Sun Aug 30 12:47:01 CST 2026] OK tunel vivo: https://worth-himself-buildings-remind.trycloudflare.com
[Sun Aug 30 12:49:01 CST 2026] OK tunel vivo: https://worth-himself-buildings-remind.trycloudflare.com
[Sun Aug 30 12:51:01 CST 2026] OK tunel vivo: https://worth-himself-buildings-remind.trycloudflare.com
[Sun Aug 30 12:52:07 CST 2026] OK tunel vivo: https://worth-himself-buildings-remind.trycloudflare.com
[Sun Aug 30 12:54:06 CST 2026] OK tunel vivo: https://worth-himself-buildings-remind.trycloudflare.com
[Sun Aug 30 12:56:05 CST 2026] OK tunel vivo: https://worth-himself-buildings-remind.trycloudflare.com
[Sun Aug 30 12:58:06 CST 2026] OK tunel vivo: https://worth-himself-buildings-remind.trycloudflare.com
[Sun Aug 30 13:00:06 CST 2026] OK tunel vivo: https://worth-himself-buildings-remind.trycloudflare.com
[Sun Aug 30 13:02:07 CST 2026] OK tunel vivo: https://worth-himself-buildings-remind.trycloudflare.com
[Sun Aug 30 13:04:09 CST 2026] OK tunel vivo: https://worth-himself-buildings-remind.trycloudflare.com
[Sun Aug 30 13:06:07 CST 2026] OK tunel vivo: https://worth-himself-buildings-remind.trycloudflare.com
[Sun Aug 30 13:08:08 CST 2026] OK tunel vivo: https://worth-himself-buildings-remind.trycloudflare.com
[Sun Aug 30 13:10:08 CST 2026] OK tunel vivo: https://worth-himself-buildings-remind.trycloudflare.com
[Sun Aug 30 13:12:08 CST 2026] OK tunel vivo: https://worth-himself-buildings-remind.trycloudflare.com
[Sun Aug 30 13:14:08 CST 2026] OK tunel vivo: https://worth-himself-buildings-remind.trycloudflare.com
[Sun Aug 30 13:16:09 CST 2026] OK tunel vivo: https://worth-himself-buildings-remind.trycloudflare.com
[Sun Aug 30 13:18:10 CST 2026] OK tunel vivo: https://worth-himself-buildings-remind.trycloudflare.com
[Sun Aug 30 13:20:09 CST 2026] OK tunel vivo: https://worth-himself-buildings-remind.trycloudflare.com
[Sun Aug 30 13:22:30 CST 2026] TUNEL CAIDO (https://worth-himself-buildings-remind.trycloudflare.com). Relanzando monitor...
[Sun Aug 30 13:22:33 CST 2026] Monitor relanzado (pid 50756)
[Sun Aug 30 13:24:12 CST 2026] OK tunel vivo: https://lauderdale-script-relative-wit.trycloudflare.com
[Sun Aug 30 13:26:12 CST 2026] OK tunel vivo: https://lauderdale-script-relative-wit.trycloudflare.com
[Sun Aug 30 13:28:11 CST 2026] OK tunel vivo: https://lauderdale-script-relative-wit.trycloudflare.com
[Sun Aug 30 13:30:10 CST 2026] OK tunel vivo: https://lauderdale-script-relative-wit.trycloudflare.com
[Sun Aug 30 13:32:12 CST 2026] OK tunel vivo: https://lauderdale-script-relative-wit.trycloudflare.com
[Sun Aug 30 13:34:11 CST 2026] OK tunel vivo: https://lauderdale-script-relative-wit.trycloudflare.com
[Sun Aug 30 13:36:11 CST 2026] OK tunel vivo: https://lauderdale-script-relative-wit.trycloudflare.com
[Sun Aug 30 13:38:11 CST 2026] OK tunel vivo: https://lauderdale-script-relative-wit.trycloudflare.com
[Sun Aug 30 13:40:12 CST 2026] OK tunel vivo: https://lauderdale-script-relative-wit.trycloudflare.com
[Sun Aug 30 13:42:12 CST 2026] OK tunel vivo: https://lauderdale-script-relative-wit.trycloudflare.com
[Sun Aug 30 13:44:12 CST 2026] OK tunel vivo: https://lauderdale-script-relative-wit.trycloudflare.com
[Sun Aug 30 13:46:13 CST 2026] OK tunel vivo: https://lauderdale-script-relative-wit.trycloudflare.com
[Sun Aug 30 13:48:13 CST 2026] OK tunel vivo: https://lauderdale-script-relative-wit.trycloudflare.com
[Sun Aug 30 13:50:12 CST 2026] OK tunel vivo: https://lauderdale-script-relative-wit.trycloudflare.com
[Sun Aug 30 13:52:13 CST 2026] OK tunel vivo: https://lauderdale-script-relative-wit.trycloudflare.com
[Sun Aug 30 13:54:14 CST 2026] OK tunel vivo: https://lauderdale-script-relative-wit.trycloudflare.com
[Sun Aug 30 13:56:13 CST 2026] OK tunel vivo: https://lauderdale-script-relative-wit.trycloudflare.com
[Sun Aug 30 13:58:13 CST 2026] OK tunel vivo: https://lauderdale-script-relative-wit.trycloudflare.com
[Sun Aug 30 14:00:14 CST 2026] OK tunel vivo: https://lauderdale-script-relative-wit.trycloudflare.com
[Sun Aug 30 14:02:15 CST 2026] OK tunel vivo: https://lauderdale-script-relative-wit.trycloudflare.com
[Sun Aug 30 14:04:14 CST 2026] OK tunel vivo: https://lauderdale-script-relative-wit.trycloudflare.com
[Sun Aug 30 14:06:13 CST 2026] OK tunel vivo: https://lauderdale-script-relative-wit.trycloudflare.com
[Sun Aug 30 14:08:17 CST 2026] OK tunel vivo: https://lauderdale-script-relative-wit.trycloudflare.com
[Sun Aug 30 14:10:15 CST 2026] OK tunel vivo: https://lauderdale-script-relative-wit.trycloudflare.com
[Sun Aug 30 14:12:14 CST 2026] OK tunel vivo: https://lauderdale-script-relative-wit.trycloudflare.com
[Sun Aug 30 14:14:15 CST 2026] OK tunel vivo: https://lauderdale-script-relative-wit.trycloudflare.com
[Sun Aug 30 14:16:16 CST 2026] OK tunel vivo: https://lauderdale-script-relative-wit.trycloudflare.com
[Sun Aug 30 14:18:15 CST 2026] OK tunel vivo: https://lauderdale-script-relative-wit.trycloudflare.com
[Sun Aug 30 14:20:14 CST 2026] OK tunel vivo: https://lauderdale-script-relative-wit.trycloudflare.com
[Sun Aug 30 14:22:16 CST 2026] OK tunel vivo: https://lauderdale-script-relative-wit.trycloudflare.com
[Sun Aug 30 14:24:16 CST 2026] OK tunel vivo: https://lauderdale-script-relative-wit.trycloudflare.com
[Sun Aug 30 14:26:16 CST 2026] OK tunel vivo: https://lauderdale-script-relative-wit.trycloudflare.com
[Sun Aug 30 14:28:15 CST 2026] OK tunel vivo: https://lauderdale-script-relative-wit.trycloudflare.com
[Sun Aug 30 14:30:15 CST 2026] OK tunel vivo: https://lauderdale-script-relative-wit.trycloudflare.com
[Sun Aug 30 14:32:16 CST 2026] OK tunel vivo: https://lauderdale-script-relative-wit.trycloudflare.com
[Sun Aug 30 14:34:17 CST 2026] OK tunel vivo: https://lauderdale-script-relative-wit.trycloudflare.com
[Sun Aug 30 14:36:17 CST 2026] OK tunel vivo: https://lauderdale-script-relative-wit.trycloudflare.com
[Sun Aug 30 14:38:17 CST 2026] OK tunel vivo: https://lauderdale-script-relative-wit.trycloudflare.com
[Sun Aug 30 14:40:18 CST 2026] OK tunel vivo: https://lauderdale-script-relative-wit.trycloudflare.com
[Sun Aug 30 14:42:17 CST 2026] OK tunel vivo: https://lauderdale-script-relative-wit.trycloudflare.com
[Sun Aug 30 14:44:20 CST 2026] OK tunel vivo: https://lauderdale-script-relative-wit.trycloudflare.com
[Sun Aug 30 14:46:18 CST 2026] OK tunel vivo: https://lauderdale-script-relative-wit.trycloudflare.com
[Sun Aug 30 14:48:17 CST 2026] OK tunel vivo: https://lauderdale-script-relative-wit.trycloudflare.com
[Sun Aug 30 14:50:17 CST 2026] OK tunel vivo: https://lauderdale-script-relative-wit.trycloudflare.com
[Sun Aug 30 14:52:20 CST 2026] OK tunel vivo: https://lauderdale-script-relative-wit.trycloudflare.com
[Sun Aug 30 14:54:21 CST 2026] OK tunel vivo: https://lauderdale-script-relative-wit.trycloudflare.com
[Sun Aug 30 14:56:21 CST 2026] OK tunel vivo: https://lauderdale-script-relative-wit.trycloudflare.com
[Sun Aug 30 14:58:19 CST 2026] OK tunel vivo: https://lauderdale-script-relative-wit.trycloudflare.com
[Sun Aug 30 15:00:19 CST 2026] OK tunel vivo: https://lauderdale-script-relative-wit.trycloudflare.com
[Sun Aug 30 15:02:20 CST 2026] OK tunel vivo: https://lauderdale-script-relative-wit.trycloudflare.com
[Sun Aug 30 15:04:20 CST 2026] OK tunel vivo: https://lauderdale-script-relative-wit.trycloudflare.com
[Sun Aug 30 15:06:19 CST 2026] OK tunel vivo: https://lauderdale-script-relative-wit.trycloudflare.com
[Sun Aug 30 15:08:22 CST 2026] OK tunel vivo: https://lauderdale-script-relative-wit.trycloudflare.com
[Sun Aug 30 15:10:22 CST 2026] OK tunel vivo: https://lauderdale-script-relative-wit.trycloudflare.com
[Sun Aug 30 15:12:20 CST 2026] OK tunel vivo: https://lauderdale-script-relative-wit.trycloudflare.com
[Sun Aug 30 15:14:21 CST 2026] OK tunel vivo: https://lauderdale-script-relative-wit.trycloudflare.com
[Sun Aug 30 15:16:23 CST 2026] OK tunel vivo: https://lauderdale-script-relative-wit.trycloudflare.com
[Sun Aug 30 15:18:22 CST 2026] OK tunel vivo: https://lauderdale-script-relative-wit.trycloudflare.com
[Sun Aug 30 15:20:23 CST 2026] OK tunel vivo: https://lauderdale-script-relative-wit.trycloudflare.com
[Sun Aug 30 15:22:23 CST 2026] OK tunel vivo: https://lauderdale-script-relative-wit.trycloudflare.com
[Sun Aug 30 15:24:29 CST 2026] OK tunel vivo: https://lauderdale-script-relative-wit.trycloudflare.com
[Sun Aug 30 15:26:29 CST 2026] TUNEL CAIDO (https://lauderdale-script-relative-wit.trycloudflare.com). Relanzando monitor...
[Sun Aug 30 15:26:31 CST 2026] Monitor relanzado (pid 61726)
[Sun Aug 30 15:28:29 CST 2026] TUNEL CAIDO (https://optimal-therapy-makeup-effectiveness.trycloudflare.com). Relanzando monitor...
[Sun Aug 30 15:28:31 CST 2026] Monitor relanzado (pid 61942)
[Sun Aug 30 15:30:25 CST 2026] OK tunel vivo: https://moss-welding-oklahoma-chi.trycloudflare.com
[Sun Aug 30 15:32:31 CST 2026] TUNEL CAIDO (https://moss-welding-oklahoma-chi.trycloudflare.com). Relanzando monitor...
[Sun Aug 30 15:32:34 CST 2026] Monitor relanzado (pid 62345)
[Sun Aug 30 15:34:28 CST 2026] OK tunel vivo: https://dietary-buses-regulated-health.trycloudflare.com
[Sun Aug 30 15:36:27 CST 2026] OK tunel vivo: https://dietary-buses-regulated-health.trycloudflare.com
[Sun Aug 30 15:38:28 CST 2026] OK tunel vivo: https://dietary-buses-regulated-health.trycloudflare.com
[Sun Aug 30 15:40:31 CST 2026] OK tunel vivo: https://dietary-buses-regulated-health.trycloudflare.com
[Sun Aug 30 15:42:27 CST 2026] OK tunel vivo: https://dietary-buses-regulated-health.trycloudflare.com
[Sun Aug 30 15:44:34 CST 2026] OK tunel vivo: https://dietary-buses-regulated-health.trycloudflare.com
[Sun Aug 30 15:46:29 CST 2026] OK tunel vivo: https://dietary-buses-regulated-health.trycloudflare.com
[Sun Aug 30 15:48:37 CST 2026] TUNEL CAIDO (https://dietary-buses-regulated-health.trycloudflare.com). Relanzando monitor...
[Sun Aug 30 15:48:40 CST 2026] Monitor relanzado (pid 63580)
[Sun Aug 30 15:50:15 CST 2026] TUNEL CAIDO (https://wallpapers-que-purpose-nevada.trycloudflare.com). Relanzando monitor...
[Sun Aug 30 15:50:17 CST 2026] Monitor relanzado (pid 63829)
[Sun Aug 30 15:52:10 CST 2026] OK tunel vivo: https://telecom-went-affair-rna.trycloudflare.com
[Sun Aug 30 15:54:08 CST 2026] OK tunel vivo: https://telecom-went-affair-rna.trycloudflare.com
[Sun Aug 30 15:56:13 CST 2026] TUNEL CAIDO (https://telecom-went-affair-rna.trycloudflare.com). Relanzando monitor...
[Sun Aug 30 15:56:15 CST 2026] Monitor relanzado (pid 64276)
[Sun Aug 30 15:58:10 CST 2026] OK tunel vivo: https://vocabulary-metres-genetics-bee.trycloudflare.com
[Sun Aug 30 16:00:12 CST 2026] OK tunel vivo: https://vocabulary-metres-genetics-bee.trycloudflare.com
[Sun Aug 30 16:02:14 CST 2026] TUNEL CAIDO (https://vocabulary-metres-genetics-bee.trycloudflare.com). Relanzando monitor...
[Sun Aug 30 16:02:16 CST 2026] Monitor relanzado (pid 64829)
[Sun Aug 30 16:04:08 CST 2026] OK tunel vivo: https://floppy-teacher-gilbert-guest.trycloudflare.com
[Sun Aug 30 16:06:12 CST 2026] TUNEL CAIDO (https://floppy-teacher-gilbert-guest.trycloudflare.com). Relanzando monitor...
[Sun Aug 30 16:06:14 CST 2026] Monitor relanzado (pid 65352)
[Sun Aug 30 16:08:08 CST 2026] OK tunel vivo: https://tuesday-baker-edit-male.trycloudflare.com
[Sun Aug 30 16:10:10 CST 2026] OK tunel vivo: https://tuesday-baker-edit-male.trycloudflare.com
[Sun Aug 30 16:12:11 CST 2026] OK tunel vivo: https://tuesday-baker-edit-male.trycloudflare.com
[Sun Aug 30 16:14:15 CST 2026] TUNEL CAIDO (https://tuesday-baker-edit-male.trycloudflare.com). Relanzando monitor...
[Sun Aug 30 16:14:17 CST 2026] Monitor relanzado (pid 66229)
[Sun Aug 30 16:16:15 CST 2026] TUNEL CAIDO (https://boxing-spelling-camcorder-jets.trycloudflare.com). Relanzando monitor...
[Sun Aug 30 16:16:18 CST 2026] Monitor relanzado (pid 66396)
[Sun Aug 30 16:18:17 CST 2026] TUNEL CAIDO (https://symptoms-jones-taken-recorder.trycloudflare.com). Relanzando monitor...
[Sun Aug 30 16:18:19 CST 2026] Monitor relanzado (pid 66598)
[Sun Aug 30 16:20:19 CST 2026] TUNEL CAIDO (https://reflect-vacations-opposition-ruled.trycloudflare.com). Relanzando monitor...
[Sun Aug 30 16:20:21 CST 2026] Monitor relanzado (pid 66853)
[Sun Aug 30 16:24:08 CST 2026] TUNEL CAIDO (https://couple-feel-him-mounted.trycloudflare.com). Relanzando monitor...
[Sun Aug 30 16:24:10 CST 2026] Monitor relanzado (pid 67358)
[Sun Aug 30 16:28:09 CST 2026] TUNEL CAIDO (https://rico-examinations-mount-shopping.trycloudflare.com). Relanzando monitor...
[Sun Aug 30 16:28:11 CST 2026] Monitor relanzado (pid 67817)
[Sun Aug 30 16:30:11 CST 2026] OK tunel vivo: https://drinks-austin-launch-annex.trycloudflare.com
[Sun Aug 30 16:32:13 CST 2026] OK tunel vivo: https://drinks-austin-launch-annex.trycloudflare.com
[Sun Aug 30 16:34:11 CST 2026] OK tunel vivo: https://drinks-austin-launch-annex.trycloudflare.com
[Sun Aug 30 16:36:12 CST 2026] OK tunel vivo: https://drinks-austin-launch-annex.trycloudflare.com
[Sun Aug 30 16:38:11 CST 2026] OK tunel vivo: https://drinks-austin-launch-annex.trycloudflare.com
[Sun Aug 30 16:40:14 CST 2026] OK tunel vivo: https://drinks-austin-launch-annex.trycloudflare.com
[Sun Aug 30 16:42:13 CST 2026] OK tunel vivo: https://drinks-austin-launch-annex.trycloudflare.com
[Sun Aug 30 16:44:16 CST 2026] TUNEL CAIDO (https://drinks-austin-launch-annex.trycloudflare.com). Relanzando monitor...
[Sun Aug 30 16:44:18 CST 2026] Monitor relanzado (pid 68978)
[Sun Aug 30 16:46:13 CST 2026] OK tunel vivo: https://distant-exercise-sample-gospel.trycloudflare.com
[Sun Aug 30 16:48:14 CST 2026] OK tunel vivo: https://distant-exercise-sample-gospel.trycloudflare.com
[Sun Aug 30 16:50:16 CST 2026] OK tunel vivo: https://distant-exercise-sample-gospel.trycloudflare.com
[Sun Aug 30 16:52:14 CST 2026] OK tunel vivo: https://distant-exercise-sample-gospel.trycloudflare.com
[Sun Aug 30 16:54:12 CST 2026] OK tunel vivo: https://distant-exercise-sample-gospel.trycloudflare.com
[Sun Aug 30 16:56:13 CST 2026] OK tunel vivo: https://distant-exercise-sample-gospel.trycloudflare.com
[Sun Aug 30 16:58:14 CST 2026] OK tunel vivo: https://distant-exercise-sample-gospel.trycloudflare.com
[Sun Aug 30 17:00:15 CST 2026] OK tunel vivo: https://distant-exercise-sample-gospel.trycloudflare.com
[Sun Aug 30 17:02:18 CST 2026] OK tunel vivo: https://distant-exercise-sample-gospel.trycloudflare.com
[Sun Aug 30 17:04:20 CST 2026] TUNEL CAIDO (https://distant-exercise-sample-gospel.trycloudflare.com). Relanzando monitor...
[Sun Aug 30 17:04:22 CST 2026] Monitor relanzado (pid 70775)
[Sun Aug 30 17:06:21 CST 2026] TUNEL CAIDO (https://acne-regard-compact-thousands.trycloudflare.com). Relanzando monitor...
[Sun Aug 30 17:06:23 CST 2026] Monitor relanzado (pid 70987)
[Sun Aug 30 17:08:19 CST 2026] TUNEL CAIDO (https://finished-beginning-norfolk-won.trycloudflare.com). Relanzando monitor...
[Sun Aug 30 17:08:21 CST 2026] Monitor relanzado (pid 71300)
[Sun Aug 30 17:10:19 CST 2026] TUNEL CAIDO (https://laptops-commerce-engineer-permanent.trycloudflare.com). Relanzando monitor...
[Sun Aug 30 17:10:21 CST 2026] Monitor relanzado (pid 71690)
[Sun Aug 30 17:16:21 CST 2026] TUNEL CAIDO (https://avatar-thousand-ambassador-improve.trycloudflare.com). Relanzando monitor...
[Sun Aug 30 17:16:24 CST 2026] Monitor relanzado (pid 73401)
[Sun Aug 30 17:18:17 CST 2026] OK tunel vivo: https://middle-arkansas-phantom-split.trycloudflare.com
[Sun Aug 30 17:20:19 CST 2026] OK tunel vivo: https://middle-arkansas-phantom-split.trycloudflare.com
[Sun Aug 30 17:22:17 CST 2026] OK tunel vivo: https://middle-arkansas-phantom-split.trycloudflare.com
[Sun Aug 30 17:24:17 CST 2026] OK tunel vivo: https://middle-arkansas-phantom-split.trycloudflare.com
[Sun Aug 30 17:26:16 CST 2026] OK tunel vivo: https://middle-arkansas-phantom-split.trycloudflare.com
[Sun Aug 30 17:28:17 CST 2026] OK tunel vivo: https://middle-arkansas-phantom-split.trycloudflare.com
[Sun Aug 30 17:30:17 CST 2026] OK tunel vivo: https://middle-arkansas-phantom-split.trycloudflare.com
[Sun Aug 30 17:32:17 CST 2026] OK tunel vivo: https://middle-arkansas-phantom-split.trycloudflare.com
[Sun Aug 30 17:34:17 CST 2026] OK tunel vivo: https://middle-arkansas-phantom-split.trycloudflare.com
[Sun Aug 30 17:36:18 CST 2026] OK tunel vivo: https://middle-arkansas-phantom-split.trycloudflare.com
[Sun Aug 30 17:38:17 CST 2026] OK tunel vivo: https://middle-arkansas-phantom-split.trycloudflare.com
[Sun Aug 30 17:40:18 CST 2026] OK tunel vivo: https://middle-arkansas-phantom-split.trycloudflare.com
[Sun Aug 30 17:42:15 CST 2026] OK tunel vivo: https://middle-arkansas-phantom-split.trycloudflare.com
[Sun Aug 30 17:44:23 CST 2026] OK tunel vivo: https://middle-arkansas-phantom-split.trycloudflare.com
[Sun Aug 30 17:46:17 CST 2026] OK tunel vivo: https://middle-arkansas-phantom-split.trycloudflare.com
[Sun Aug 30 17:48:18 CST 2026] OK tunel vivo: https://middle-arkansas-phantom-split.trycloudflare.com
[Sun Aug 30 17:50:16 CST 2026] OK tunel vivo: https://middle-arkansas-phantom-split.trycloudflare.com
[Sun Aug 30 17:52:20 CST 2026] OK tunel vivo: https://middle-arkansas-phantom-split.trycloudflare.com
[Sun Aug 30 17:54:18 CST 2026] OK tunel vivo: https://middle-arkansas-phantom-split.trycloudflare.com
[Sun Aug 30 17:56:18 CST 2026] OK tunel vivo: https://middle-arkansas-phantom-split.trycloudflare.com
[Sun Aug 30 17:58:19 CST 2026] OK tunel vivo: https://middle-arkansas-phantom-split.trycloudflare.com
[Sun Aug 30 18:00:18 CST 2026] OK tunel vivo: https://middle-arkansas-phantom-split.trycloudflare.com
[Sun Aug 30 18:02:19 CST 2026] OK tunel vivo: https://middle-arkansas-phantom-split.trycloudflare.com
[Sun Aug 30 18:04:20 CST 2026] OK tunel vivo: https://middle-arkansas-phantom-split.trycloudflare.com
[Sun Aug 30 18:06:18 CST 2026] OK tunel vivo: https://middle-arkansas-phantom-split.trycloudflare.com
[Sun Aug 30 18:08:19 CST 2026] OK tunel vivo: https://middle-arkansas-phantom-split.trycloudflare.com
[Sun Aug 30 18:10:20 CST 2026] OK tunel vivo: https://middle-arkansas-phantom-split.trycloudflare.com
[Sun Aug 30 18:12:20 CST 2026] OK tunel vivo: https://middle-arkansas-phantom-split.trycloudflare.com
[Sun Aug 30 18:14:19 CST 2026] OK tunel vivo: https://middle-arkansas-phantom-split.trycloudflare.com
[Sun Aug 30 18:16:23 CST 2026] TUNEL CAIDO (https://middle-arkansas-phantom-split.trycloudflare.com). Relanzando monitor...
[Sun Aug 30 18:16:25 CST 2026] Monitor relanzado (pid 77330)
[Sun Aug 30 18:18:19 CST 2026] OK tunel vivo: https://plus-tournaments-composition-hire.trycloudflare.com
[Sun Aug 30 18:20:19 CST 2026] OK tunel vivo: https://plus-tournaments-composition-hire.trycloudflare.com
[Sun Aug 30 18:22:20 CST 2026] OK tunel vivo: https://plus-tournaments-composition-hire.trycloudflare.com
[Sun Aug 30 18:24:22 CST 2026] TUNEL CAIDO (https://plus-tournaments-composition-hire.trycloudflare.com). Relanzando monitor...
[Sun Aug 30 18:24:25 CST 2026] Monitor relanzado (pid 78042)
[Sun Aug 30 18:26:25 CST 2026] TUNEL CAIDO (https://replies-mileage-italiano-provide.trycloudflare.com). Relanzando monitor...
[Sun Aug 30 18:26:28 CST 2026] Monitor relanzado (pid 78313)
[Sun Aug 30 18:28:26 CST 2026] TUNEL CAIDO (https://hosted-lenders-rehabilitation-too.trycloudflare.com). Relanzando monitor...
[Sun Aug 30 18:28:28 CST 2026] Monitor relanzado (pid 78574)
[Sun Aug 30 18:30:25 CST 2026] TUNEL CAIDO (https://adrian-advertisers-alleged-jail.trycloudflare.com). Relanzando monitor...
[Sun Aug 30 18:30:28 CST 2026] Monitor relanzado (pid 78788)
[Sun Aug 30 18:32:17 CST 2026] TUNEL CAIDO (https://beer-competitors-white-farms.trycloudflare.com). Relanzando monitor...
[Sun Aug 30 18:32:20 CST 2026] Monitor relanzado (pid 78977)
[Sun Aug 30 18:34:28 CST 2026] TUNEL CAIDO (https://debug-repeat-where-postcard.trycloudflare.com). Relanzando monitor...
[Sun Aug 30 18:34:30 CST 2026] Monitor relanzado (pid 79144)
[Sun Aug 30 18:36:26 CST 2026] TUNEL CAIDO (https://renewable-schema-dentists-contribute.trycloudflare.com). Relanzando monitor...
[Sun Aug 30 18:36:28 CST 2026] Monitor relanzado (pid 79377)
[Sun Aug 30 18:38:28 CST 2026] TUNEL CAIDO (https://vocational-tion-bids-automatic.trycloudflare.com). Relanzando monitor...
[Sun Aug 30 18:38:30 CST 2026] Monitor relanzado (pid 79609)
[Sun Aug 30 18:42:22 CST 2026] OK tunel vivo: https://rejected-direction-jane-dust.trycloudflare.com
[Sun Aug 30 18:44:22 CST 2026] OK tunel vivo: https://rejected-direction-jane-dust.trycloudflare.com
[Sun Aug 30 18:46:26 CST 2026] OK tunel vivo: https://rejected-direction-jane-dust.trycloudflare.com
[Sun Aug 30 18:48:26 CST 2026] TUNEL CAIDO (https://rejected-direction-jane-dust.trycloudflare.com). Relanzando monitor...
[Sun Aug 30 18:48:29 CST 2026] Monitor relanzado (pid 80436)
[Sun Aug 30 18:50:29 CST 2026] TUNEL CAIDO (https://forests-board-drops-concord.trycloudflare.com). Relanzando monitor...
[Sun Aug 30 18:50:31 CST 2026] Monitor relanzado (pid 80818)
[Sun Aug 30 18:52:33 CST 2026] TUNEL CAIDO (https://protocol-agrees-linda-ebony.trycloudflare.com). Relanzando monitor...
[Sun Aug 30 18:52:36 CST 2026] Monitor relanzado (pid 81184)
[Sun Aug 30 18:56:26 CST 2026] OK tunel vivo: https://cheaper-infinite-maryland-kurt.trycloudflare.com
[Sun Aug 30 18:58:26 CST 2026] OK tunel vivo: https://cheaper-infinite-maryland-kurt.trycloudflare.com
[Sun Aug 30 19:00:24 CST 2026] OK tunel vivo: https://cheaper-infinite-maryland-kurt.trycloudflare.com
[Sun Aug 30 19:02:22 CST 2026] OK tunel vivo: https://cheaper-infinite-maryland-kurt.trycloudflare.com
[Sun Aug 30 19:04:28 CST 2026] TUNEL CAIDO (https://cheaper-infinite-maryland-kurt.trycloudflare.com). Relanzando monitor...
[Sun Aug 30 19:04:30 CST 2026] Monitor relanzado (pid 82245)
[Sun Aug 30 19:06:27 CST 2026] TUNEL CAIDO (https://johnny-cancel-denver-scripting.trycloudflare.com). Relanzando monitor...
[Sun Aug 30 19:06:30 CST 2026] Monitor relanzado (pid 82440)
[Sun Aug 30 19:08:24 CST 2026] OK tunel vivo: https://daughters-reported-content-north.trycloudflare.com
[Sun Aug 30 19:10:23 CST 2026] OK tunel vivo: https://daughters-reported-content-north.trycloudflare.com
[Sun Aug 30 19:12:21 CST 2026] OK tunel vivo: https://daughters-reported-content-north.trycloudflare.com
[Sun Aug 30 19:14:21 CST 2026] OK tunel vivo: https://daughters-reported-content-north.trycloudflare.com
[Sun Aug 30 19:16:25 CST 2026] OK tunel vivo: https://daughters-reported-content-north.trycloudflare.com
[Sun Aug 30 19:18:23 CST 2026] OK tunel vivo: https://daughters-reported-content-north.trycloudflare.com
[Sun Aug 30 19:20:22 CST 2026] OK tunel vivo: https://daughters-reported-content-north.trycloudflare.com
[Sun Aug 30 19:22:29 CST 2026] TUNEL CAIDO (https://daughters-reported-content-north.trycloudflare.com). Relanzando monitor...
[Sun Aug 30 19:22:31 CST 2026] Monitor relanzado (pid 83593)
[Sun Aug 30 19:24:23 CST 2026] OK tunel vivo: https://fountain-advantages-post-relief.trycloudflare.com
[Sun Aug 30 19:26:27 CST 2026] OK tunel vivo: https://fountain-advantages-post-relief.trycloudflare.com
[Sun Aug 30 19:28:28 CST 2026] OK tunel vivo: https://fountain-advantages-post-relief.trycloudflare.com
[Sun Aug 30 19:30:09 CST 2026] OK tunel vivo: https://fountain-advantages-post-relief.trycloudflare.com
[Sun Aug 30 19:32:10 CST 2026] OK tunel vivo: https://fountain-advantages-post-relief.trycloudflare.com
[Sun Aug 30 19:34:12 CST 2026] OK tunel vivo: https://fountain-advantages-post-relief.trycloudflare.com
[Sun Aug 30 19:36:39 CST 2026] TUNEL CAIDO (https://fountain-advantages-post-relief.trycloudflare.com). Relanzando monitor...
[Sun Aug 30 19:36:41 CST 2026] Monitor relanzado (pid 84729)
[Sun Aug 30 19:38:10 CST 2026] OK tunel vivo: https://struck-techno-solely-link.trycloudflare.com
[Sun Aug 30 19:40:16 CST 2026] OK tunel vivo: https://struck-techno-solely-link.trycloudflare.com
[Sun Aug 30 19:42:14 CST 2026] OK tunel vivo: https://struck-techno-solely-link.trycloudflare.com
[Sun Aug 30 19:44:12 CST 2026] OK tunel vivo: https://struck-techno-solely-link.trycloudflare.com
[Sun Aug 30 19:46:19 CST 2026] TUNEL CAIDO (https://struck-techno-solely-link.trycloudflare.com). Relanzando monitor...
[Sun Aug 30 19:46:21 CST 2026] Monitor relanzado (pid 85420)
[Sun Aug 30 19:48:38 CST 2026] TUNEL CAIDO (https://meals-respondent-together-brilliant.trycloudflare.com). Relanzando monitor...
[Sun Aug 30 19:48:43 CST 2026] Monitor relanzado (pid 85711)
[Sun Aug 30 19:54:35 CST 2026] TUNEL CAIDO (https://rentals-pop-lakes-recreation.trycloudflare.com). Relanzando monitor...
[Sun Aug 30 19:54:38 CST 2026] Monitor relanzado (pid 86480)
[Sun Aug 30 19:56:27 CST 2026] TUNEL CAIDO (https://picking-appointments-opened-wind.trycloudflare.com). Relanzando monitor...
[Sun Aug 30 19:56:29 CST 2026] Monitor relanzado (pid 86725)
[Sun Aug 30 19:58:34 CST 2026] TUNEL CAIDO (https://retrieve-irrigation-competition-nuts.trycloudflare.com). Relanzando monitor...
[Sun Aug 30 19:58:38 CST 2026] Monitor relanzado (pid 86999)
[Sun Aug 30 20:00:55 CST 2026] TUNEL CAIDO (https://fcc-examinations-neither-string.trycloudflare.com). Relanzando monitor...
[Sun Aug 30 20:01:01 CST 2026] Monitor relanzado (pid 87287)
[Sun Aug 30 20:04:50 CST 2026] TUNEL CAIDO (https://ground-referral-qualify-testing.trycloudflare.com). Relanzando monitor...
[Sun Aug 30 20:04:53 CST 2026] Monitor relanzado (pid 87690)
[Sun Aug 30 20:06:27 CST 2026] OK tunel vivo: https://mail-poll-moments-ruby.trycloudflare.com
[Sun Aug 30 20:08:32 CST 2026] OK tunel vivo: https://mail-poll-moments-ruby.trycloudflare.com
[Sun Aug 30 20:10:29 CST 2026] OK tunel vivo: https://mail-poll-moments-ruby.trycloudflare.com
[Sun Aug 30 20:12:30 CST 2026] OK tunel vivo: https://mail-poll-moments-ruby.trycloudflare.com
[Sun Aug 30 20:14:27 CST 2026] OK tunel vivo: https://mail-poll-moments-ruby.trycloudflare.com
[Sun Aug 30 20:16:29 CST 2026] OK tunel vivo: https://mail-poll-moments-ruby.trycloudflare.com
[Sun Aug 30 20:18:28 CST 2026] OK tunel vivo: https://mail-poll-moments-ruby.trycloudflare.com
[Sun Aug 30 20:20:26 CST 2026] OK tunel vivo: https://mail-poll-moments-ruby.trycloudflare.com
[Sun Aug 30 20:22:29 CST 2026] OK tunel vivo: https://mail-poll-moments-ruby.trycloudflare.com
[Sun Aug 30 20:24:28 CST 2026] OK tunel vivo: https://mail-poll-moments-ruby.trycloudflare.com
[Sun Aug 30 20:26:29 CST 2026] OK tunel vivo: https://mail-poll-moments-ruby.trycloudflare.com
[Sun Aug 30 20:28:31 CST 2026] OK tunel vivo: https://mail-poll-moments-ruby.trycloudflare.com
[Sun Aug 30 20:30:30 CST 2026] OK tunel vivo: https://mail-poll-moments-ruby.trycloudflare.com
[Sun Aug 30 20:32:30 CST 2026] OK tunel vivo: https://mail-poll-moments-ruby.trycloudflare.com
[Sun Aug 30 20:34:32 CST 2026] OK tunel vivo: https://mail-poll-moments-ruby.trycloudflare.com
[Sun Aug 30 20:36:33 CST 2026] OK tunel vivo: https://mail-poll-moments-ruby.trycloudflare.com
[Sun Aug 30 20:38:33 CST 2026] TUNEL CAIDO (https://mail-poll-moments-ruby.trycloudflare.com). Relanzando monitor...
[Sun Aug 30 20:38:35 CST 2026] Monitor relanzado (pid 90014)
[Sun Aug 30 20:40:29 CST 2026] OK tunel vivo: https://mail-poll-moments-ruby.trycloudflare.com
[Sun Aug 30 20:44:19 CST 2026] TUNEL CAIDO (https://gentleman-ends-adaptive-enables.trycloudflare.com). Relanzando monitor...
[Sun Aug 30 20:44:21 CST 2026] Monitor relanzado (pid 90626)
[Sun Aug 30 21:01:25 CST 2026] OK tunel vivo: https://relax-arts-delhi-airline.trycloudflare.com
[Sun Aug 30 21:04:18 CST 2026] OK tunel vivo: https://relax-arts-delhi-airline.trycloudflare.com
[Sun Aug 30 21:06:22 CST 2026] OK tunel vivo: https://relax-arts-delhi-airline.trycloudflare.com
[Sun Aug 30 21:08:17 CST 2026] OK tunel vivo: https://relax-arts-delhi-airline.trycloudflare.com
[Sun Aug 30 21:10:19 CST 2026] OK tunel vivo: https://relax-arts-delhi-airline.trycloudflare.com
[Sun Aug 30 21:12:17 CST 2026] OK tunel vivo: https://relax-arts-delhi-airline.trycloudflare.com
[Sun Aug 30 21:14:16 CST 2026] OK tunel vivo: https://relax-arts-delhi-airline.trycloudflare.com
[Sun Aug 30 21:16:18 CST 2026] OK tunel vivo: https://relax-arts-delhi-airline.trycloudflare.com
[Sun Aug 30 21:18:17 CST 2026] OK tunel vivo: https://relax-arts-delhi-airline.trycloudflare.com
[Sun Aug 30 21:20:19 CST 2026] OK tunel vivo: https://relax-arts-delhi-airline.trycloudflare.com
[Sun Aug 30 21:22:19 CST 2026] OK tunel vivo: https://relax-arts-delhi-airline.trycloudflare.com
[Sun Aug 30 21:24:19 CST 2026] OK tunel vivo: https://relax-arts-delhi-airline.trycloudflare.com
[Sun Aug 30 21:26:18 CST 2026] OK tunel vivo: https://relax-arts-delhi-airline.trycloudflare.com
[Sun Aug 30 21:28:18 CST 2026] OK tunel vivo: https://relax-arts-delhi-airline.trycloudflare.com
[Sun Aug 30 21:30:21 CST 2026] OK tunel vivo: https://relax-arts-delhi-airline.trycloudflare.com
[Sun Aug 30 21:32:19 CST 2026] OK tunel vivo: https://relax-arts-delhi-airline.trycloudflare.com
[Sun Aug 30 21:34:20 CST 2026] OK tunel vivo: https://relax-arts-delhi-airline.trycloudflare.com
[Sun Aug 30 21:36:17 CST 2026] OK tunel vivo: https://relax-arts-delhi-airline.trycloudflare.com
[Sun Aug 30 21:38:21 CST 2026] OK tunel vivo: https://relax-arts-delhi-airline.trycloudflare.com
[Sun Aug 30 21:40:22 CST 2026] OK tunel vivo: https://relax-arts-delhi-airline.trycloudflare.com
[Sun Aug 30 21:42:23 CST 2026] TUNEL CAIDO (https://relax-arts-delhi-airline.trycloudflare.com). Relanzando monitor...
[Sun Aug 30 21:42:25 CST 2026] Monitor relanzado (pid 95175)
[Sun Aug 30 21:46:20 CST 2026] OK tunel vivo: https://diameter-cosmetics-visits-dog.trycloudflare.com
[Sun Aug 30 21:48:21 CST 2026] OK tunel vivo: https://diameter-cosmetics-visits-dog.trycloudflare.com
[Sun Aug 30 21:50:20 CST 2026] OK tunel vivo: https://diameter-cosmetics-visits-dog.trycloudflare.com
[Sun Aug 30 21:52:21 CST 2026] OK tunel vivo: https://diameter-cosmetics-visits-dog.trycloudflare.com
[Sun Aug 30 21:54:22 CST 2026] OK tunel vivo: https://diameter-cosmetics-visits-dog.trycloudflare.com
[Sun Aug 30 22:05:00 CST 2026] TUNEL CAIDO (https://diameter-cosmetics-visits-dog.trycloudflare.com). Relanzando monitor...
[Sun Aug 30 22:05:03 CST 2026] Monitor relanzado (pid 96238)
[Sun Aug 30 22:06:53 CST 2026] OK tunel vivo: https://intense-they-path-humor.trycloudflare.com
[Sun Aug 30 22:08:55 CST 2026] OK tunel vivo: https://intense-they-path-humor.trycloudflare.com
[Sun Aug 30 22:10:56 CST 2026] OK tunel vivo: https://intense-they-path-humor.trycloudflare.com
[Sun Aug 30 22:12:59 CST 2026] OK tunel vivo: https://intense-they-path-humor.trycloudflare.com
[Sun Aug 30 22:14:58 CST 2026] OK tunel vivo: https://intense-they-path-humor.trycloudflare.com
[Sun Aug 30 22:16:10 CST 2026] OK tunel vivo: https://intense-they-path-humor.trycloudflare.com
[Sun Aug 30 22:18:12 CST 2026] TUNEL CAIDO (https://intense-they-path-humor.trycloudflare.com). Relanzando monitor...
[Sun Aug 30 22:18:14 CST 2026] Monitor relanzado (pid 97253)
[Sun Aug 30 22:22:17 CST 2026] TUNEL CAIDO (https://indicators-barnes-deutsche-passenger.trycloudflare.com). Relanzando monitor...
[Sun Aug 30 22:22:20 CST 2026] Monitor relanzado (pid 97803)
[Sun Aug 30 22:28:20 CST 2026] TUNEL CAIDO (https://climb-ultimate-vbulletin-assumed.trycloudflare.com). Relanzando monitor...
[Sun Aug 30 22:28:23 CST 2026] Monitor relanzado (pid 98444)
[Sun Aug 30 22:39:16 CST 2026] OK tunel vivo: https://climb-ultimate-vbulletin-assumed.trycloudflare.com
[Sun Aug 30 22:42:14 CST 2026] OK tunel vivo: https://climb-ultimate-vbulletin-assumed.trycloudflare.com
[Sun Aug 30 22:51:08 CST 2026] TUNEL CAIDO (https://climb-ultimate-vbulletin-assumed.trycloudflare.com). Relanzando monitor...
[Sun Aug 30 22:51:10 CST 2026] Monitor relanzado (pid 761)
[Sun Aug 30 22:52:29 CST 2026] OK tunel vivo: https://mats-kyle-chem-reef.trycloudflare.com
[Sun Aug 30 22:56:27 CST 2026] TUNEL CAIDO (https://kissing-cornwall-pulse-loaded.trycloudflare.com). Relanzando monitor...
[Sun Aug 30 22:56:29 CST 2026] Monitor relanzado (pid 1723)
[Sun Aug 30 23:06:20 CST 2026] OK tunel vivo: https://travelers-colorado-ensure-minor.trycloudflare.com
[Sun Aug 30 23:08:20 CST 2026] OK tunel vivo: https://travelers-colorado-ensure-minor.trycloudflare.com
[Sun Aug 30 23:10:20 CST 2026] OK tunel vivo: https://travelers-colorado-ensure-minor.trycloudflare.com
[Sun Aug 30 23:12:21 CST 2026] OK tunel vivo: https://travelers-colorado-ensure-minor.trycloudflare.com
[Sun Aug 30 23:14:19 CST 2026] OK tunel vivo: https://travelers-colorado-ensure-minor.trycloudflare.com
[Sun Aug 30 23:16:19 CST 2026] OK tunel vivo: https://travelers-colorado-ensure-minor.trycloudflare.com
[Sun Aug 30 23:18:20 CST 2026] OK tunel vivo: https://travelers-colorado-ensure-minor.trycloudflare.com
[Sun Aug 30 23:20:19 CST 2026] OK tunel vivo: https://travelers-colorado-ensure-minor.trycloudflare.com
[Sun Aug 30 23:22:19 CST 2026] OK tunel vivo: https://travelers-colorado-ensure-minor.trycloudflare.com
[Sun Aug 30 23:24:19 CST 2026] OK tunel vivo: https://travelers-colorado-ensure-minor.trycloudflare.com
[Sun Aug 30 23:26:20 CST 2026] OK tunel vivo: https://travelers-colorado-ensure-minor.trycloudflare.com
[Sun Aug 30 23:28:20 CST 2026] OK tunel vivo: https://travelers-colorado-ensure-minor.trycloudflare.com
[Sun Aug 30 23:30:21 CST 2026] OK tunel vivo: https://travelers-colorado-ensure-minor.trycloudflare.com
[Sun Aug 30 23:32:20 CST 2026] OK tunel vivo: https://travelers-colorado-ensure-minor.trycloudflare.com
[Sun Aug 30 23:34:20 CST 2026] OK tunel vivo: https://travelers-colorado-ensure-minor.trycloudflare.com
[Sun Aug 30 23:36:24 CST 2026] OK tunel vivo: https://travelers-colorado-ensure-minor.trycloudflare.com
[Sun Aug 30 23:38:20 CST 2026] OK tunel vivo: https://travelers-colorado-ensure-minor.trycloudflare.com
[Sun Aug 30 23:40:21 CST 2026] OK tunel vivo: https://travelers-colorado-ensure-minor.trycloudflare.com
[Sun Aug 30 23:42:25 CST 2026] OK tunel vivo: https://travelers-colorado-ensure-minor.trycloudflare.com
[Sun Aug 30 23:44:25 CST 2026] TUNEL CAIDO (https://travelers-colorado-ensure-minor.trycloudflare.com). Relanzando monitor...
[Sun Aug 30 23:44:27 CST 2026] Monitor relanzado (pid 5475)
[Sun Aug 30 23:46:22 CST 2026] OK tunel vivo: https://pierce-allen-currency-pike.trycloudflare.com
[Sun Aug 30 23:48:23 CST 2026] OK tunel vivo: https://pierce-allen-currency-pike.trycloudflare.com
[Sun Aug 30 23:50:23 CST 2026] OK tunel vivo: https://pierce-allen-currency-pike.trycloudflare.com
[Sun Aug 30 23:52:23 CST 2026] OK tunel vivo: https://pierce-allen-currency-pike.trycloudflare.com
[Sun Aug 30 23:54:22 CST 2026] OK tunel vivo: https://pierce-allen-currency-pike.trycloudflare.com
[Sun Aug 30 23:56:22 CST 2026] OK tunel vivo: https://pierce-allen-currency-pike.trycloudflare.com
[Sun Aug 30 23:58:21 CST 2026] OK tunel vivo: https://pierce-allen-currency-pike.trycloudflare.com
[Mon Aug 31 00:00:23 CST 2026] OK tunel vivo: https://pierce-allen-currency-pike.trycloudflare.com
[Mon Aug 31 00:02:25 CST 2026] OK tunel vivo: https://pierce-allen-currency-pike.trycloudflare.com
[Mon Aug 31 00:04:22 CST 2026] OK tunel vivo: https://pierce-allen-currency-pike.trycloudflare.com
[Mon Aug 31 00:06:24 CST 2026] OK tunel vivo: https://pierce-allen-currency-pike.trycloudflare.com
[Mon Aug 31 00:08:24 CST 2026] OK tunel vivo: https://pierce-allen-currency-pike.trycloudflare.com
[Mon Aug 31 00:10:23 CST 2026] OK tunel vivo: https://pierce-allen-currency-pike.trycloudflare.com
[Mon Aug 31 00:12:22 CST 2026] OK tunel vivo: https://pierce-allen-currency-pike.trycloudflare.com
[Mon Aug 31 00:14:22 CST 2026] OK tunel vivo: https://pierce-allen-currency-pike.trycloudflare.com
[Mon Aug 31 00:16:23 CST 2026] OK tunel vivo: https://pierce-allen-currency-pike.trycloudflare.com
[Mon Aug 31 00:18:24 CST 2026] OK tunel vivo: https://pierce-allen-currency-pike.trycloudflare.com
[Mon Aug 31 00:20:24 CST 2026] OK tunel vivo: https://pierce-allen-currency-pike.trycloudflare.com
[Mon Aug 31 00:22:22 CST 2026] OK tunel vivo: https://pierce-allen-currency-pike.trycloudflare.com
[Mon Aug 31 00:24:23 CST 2026] OK tunel vivo: https://pierce-allen-currency-pike.trycloudflare.com
[Mon Aug 31 00:26:23 CST 2026] OK tunel vivo: https://pierce-allen-currency-pike.trycloudflare.com
[Mon Aug 31 00:37:46 CST 2026] OK tunel vivo: https://pierce-allen-currency-pike.trycloudflare.com
[Mon Aug 31 00:38:39 CST 2026] OK tunel vivo: https://pierce-allen-currency-pike.trycloudflare.com
[Mon Aug 31 00:56:01 CST 2026] TUNEL CAIDO (https://pierce-allen-currency-pike.trycloudflare.com). Relanzando monitor...
[Mon Aug 31 00:56:04 CST 2026] Monitor relanzado (pid 8331)
[Mon Aug 31 00:58:24 CST 2026] OK tunel vivo: https://town-showers-ranges-fine.trycloudflare.com
[Mon Aug 31 01:00:21 CST 2026] OK tunel vivo: https://town-showers-ranges-fine.trycloudflare.com
[Mon Aug 31 01:02:24 CST 2026] OK tunel vivo: https://town-showers-ranges-fine.trycloudflare.com
[Mon Aug 31 01:04:21 CST 2026] OK tunel vivo: https://town-showers-ranges-fine.trycloudflare.com
[Mon Aug 31 01:06:21 CST 2026] OK tunel vivo: https://town-showers-ranges-fine.trycloudflare.com
[Mon Aug 31 01:08:22 CST 2026] OK tunel vivo: https://town-showers-ranges-fine.trycloudflare.com
[Mon Aug 31 01:10:23 CST 2026] OK tunel vivo: https://town-showers-ranges-fine.trycloudflare.com
[Mon Aug 31 01:26:44 CST 2026] TUNEL CAIDO (https://town-showers-ranges-fine.trycloudflare.com). Relanzando monitor...
[Mon Aug 31 01:26:46 CST 2026] Monitor relanzado (pid 9415)
[Mon Aug 31 01:43:47 CST 2026] TUNEL CAIDO (https://aging-graduate-rack-elected.trycloudflare.com). Relanzando monitor...
[Mon Aug 31 01:43:49 CST 2026] Monitor relanzado (pid 9627)
[Mon Aug 31 01:59:56 CST 2026] TUNEL CAIDO (https://pushing-mitsubishi-midlands-fountain.trycloudflare.com). Relanzando monitor...
[Mon Aug 31 01:59:59 CST 2026] Monitor relanzado (pid 9801)
[Mon Aug 31 02:02:20 CST 2026] OK tunel vivo: https://along-key-jenny-send.trycloudflare.com
[Mon Aug 31 02:04:19 CST 2026] OK tunel vivo: https://along-key-jenny-send.trycloudflare.com
[Mon Aug 31 02:06:19 CST 2026] OK tunel vivo: https://along-key-jenny-send.trycloudflare.com
[Mon Aug 31 02:08:21 CST 2026] OK tunel vivo: https://along-key-jenny-send.trycloudflare.com
[Mon Aug 31 02:10:20 CST 2026] OK tunel vivo: https://along-key-jenny-send.trycloudflare.com
[Mon Aug 31 02:12:20 CST 2026] OK tunel vivo: https://along-key-jenny-send.trycloudflare.com
[Mon Aug 31 02:14:22 CST 2026] OK tunel vivo: https://along-key-jenny-send.trycloudflare.com
[Mon Aug 31 02:16:20 CST 2026] OK tunel vivo: https://along-key-jenny-send.trycloudflare.com
[Mon Aug 31 02:18:21 CST 2026] OK tunel vivo: https://along-key-jenny-send.trycloudflare.com
[Mon Aug 31 02:20:22 CST 2026] OK tunel vivo: https://along-key-jenny-send.trycloudflare.com
[Mon Aug 31 02:22:23 CST 2026] OK tunel vivo: https://along-key-jenny-send.trycloudflare.com
[Mon Aug 31 02:24:21 CST 2026] OK tunel vivo: https://along-key-jenny-send.trycloudflare.com
[Mon Aug 31 02:26:23 CST 2026] OK tunel vivo: https://along-key-jenny-send.trycloudflare.com
[Mon Aug 31 02:28:22 CST 2026] OK tunel vivo: https://along-key-jenny-send.trycloudflare.com
[Mon Aug 31 02:30:22 CST 2026] OK tunel vivo: https://along-key-jenny-send.trycloudflare.com
[Mon Aug 31 02:32:22 CST 2026] OK tunel vivo: https://along-key-jenny-send.trycloudflare.com
[Mon Aug 31 02:34:25 CST 2026] OK tunel vivo: https://along-key-jenny-send.trycloudflare.com
[Mon Aug 31 02:36:24 CST 2026] OK tunel vivo: https://along-key-jenny-send.trycloudflare.com
[Mon Aug 31 02:38:24 CST 2026] OK tunel vivo: https://along-key-jenny-send.trycloudflare.com
[Mon Aug 31 02:40:22 CST 2026] OK tunel vivo: https://along-key-jenny-send.trycloudflare.com
[Mon Aug 31 02:42:24 CST 2026] OK tunel vivo: https://along-key-jenny-send.trycloudflare.com
[Mon Aug 31 02:44:28 CST 2026] OK tunel vivo: https://along-key-jenny-send.trycloudflare.com
[Mon Aug 31 02:46:25 CST 2026] OK tunel vivo: https://along-key-jenny-send.trycloudflare.com
[Mon Aug 31 02:48:26 CST 2026] OK tunel vivo: https://along-key-jenny-send.trycloudflare.com
[Mon Aug 31 02:50:25 CST 2026] OK tunel vivo: https://along-key-jenny-send.trycloudflare.com
[Mon Aug 31 02:52:26 CST 2026] OK tunel vivo: https://along-key-jenny-send.trycloudflare.com
[Mon Aug 31 02:54:26 CST 2026] OK tunel vivo: https://along-key-jenny-send.trycloudflare.com
[Mon Aug 31 02:56:26 CST 2026] OK tunel vivo: https://along-key-jenny-send.trycloudflare.com
[Mon Aug 31 02:58:26 CST 2026] OK tunel vivo: https://along-key-jenny-send.trycloudflare.com
[Mon Aug 31 03:00:26 CST 2026] OK tunel vivo: https://along-key-jenny-send.trycloudflare.com
[Mon Aug 31 03:02:27 CST 2026] OK tunel vivo: https://along-key-jenny-send.trycloudflare.com
[Mon Aug 31 03:11:39 CST 2026] OK tunel vivo: https://along-key-jenny-send.trycloudflare.com
[Mon Aug 31 03:12:37 CST 2026] OK tunel vivo: https://along-key-jenny-send.trycloudflare.com
[Mon Aug 31 03:14:38 CST 2026] OK tunel vivo: https://along-key-jenny-send.trycloudflare.com
[Mon Aug 31 03:16:37 CST 2026] OK tunel vivo: https://along-key-jenny-send.trycloudflare.com
[Mon Aug 31 03:18:37 CST 2026] OK tunel vivo: https://along-key-jenny-send.trycloudflare.com
[Mon Aug 31 03:20:38 CST 2026] OK tunel vivo: https://along-key-jenny-send.trycloudflare.com
[Mon Aug 31 03:22:38 CST 2026] OK tunel vivo: https://along-key-jenny-send.trycloudflare.com
[Mon Aug 31 03:24:39 CST 2026] OK tunel vivo: https://along-key-jenny-send.trycloudflare.com
[Mon Aug 31 03:26:40 CST 2026] OK tunel vivo: https://along-key-jenny-send.trycloudflare.com
[Mon Aug 31 03:28:38 CST 2026] OK tunel vivo: https://along-key-jenny-send.trycloudflare.com
[Mon Aug 31 03:30:40 CST 2026] OK tunel vivo: https://along-key-jenny-send.trycloudflare.com
[Mon Aug 31 03:32:38 CST 2026] OK tunel vivo: https://along-key-jenny-send.trycloudflare.com
[Mon Aug 31 03:34:39 CST 2026] OK tunel vivo: https://along-key-jenny-send.trycloudflare.com
[Mon Aug 31 03:36:38 CST 2026] OK tunel vivo: https://along-key-jenny-send.trycloudflare.com
[Mon Aug 31 03:38:39 CST 2026] OK tunel vivo: https://along-key-jenny-send.trycloudflare.com
[Mon Aug 31 03:40:41 CST 2026] OK tunel vivo: https://along-key-jenny-send.trycloudflare.com
[Mon Aug 31 03:42:38 CST 2026] OK tunel vivo: https://along-key-jenny-send.trycloudflare.com
[Mon Aug 31 03:44:38 CST 2026] OK tunel vivo: https://along-key-jenny-send.trycloudflare.com
[Mon Aug 31 03:46:39 CST 2026] OK tunel vivo: https://along-key-jenny-send.trycloudflare.com
[Mon Aug 31 03:48:40 CST 2026] OK tunel vivo: https://along-key-jenny-send.trycloudflare.com
[Mon Aug 31 03:50:39 CST 2026] OK tunel vivo: https://along-key-jenny-send.trycloudflare.com
[Mon Aug 31 03:52:40 CST 2026] OK tunel vivo: https://along-key-jenny-send.trycloudflare.com
[Mon Aug 31 03:54:08 CST 2026] OK tunel vivo: https://along-key-jenny-send.trycloudflare.com
[Mon Aug 31 03:56:07 CST 2026] OK tunel vivo: https://along-key-jenny-send.trycloudflare.com
[Mon Aug 31 03:58:07 CST 2026] OK tunel vivo: https://along-key-jenny-send.trycloudflare.com
[Mon Aug 31 04:00:08 CST 2026] OK tunel vivo: https://along-key-jenny-send.trycloudflare.com
[Mon Aug 31 04:02:08 CST 2026] OK tunel vivo: https://along-key-jenny-send.trycloudflare.com
[Mon Aug 31 04:04:07 CST 2026] OK tunel vivo: https://along-key-jenny-send.trycloudflare.com
[Mon Aug 31 04:06:09 CST 2026] OK tunel vivo: https://along-key-jenny-send.trycloudflare.com
[Mon Aug 31 04:08:09 CST 2026] OK tunel vivo: https://along-key-jenny-send.trycloudflare.com
[Mon Aug 31 04:10:09 CST 2026] OK tunel vivo: https://along-key-jenny-send.trycloudflare.com
[Mon Aug 31 04:12:10 CST 2026] OK tunel vivo: https://along-key-jenny-send.trycloudflare.com
[Mon Aug 31 04:14:09 CST 2026] OK tunel vivo: https://along-key-jenny-send.trycloudflare.com
[Mon Aug 31 04:16:11 CST 2026] OK tunel vivo: https://along-key-jenny-send.trycloudflare.com
[Mon Aug 31 04:18:11 CST 2026] OK tunel vivo: https://along-key-jenny-send.trycloudflare.com
[Mon Aug 31 04:20:10 CST 2026] OK tunel vivo: https://along-key-jenny-send.trycloudflare.com
[Mon Aug 31 04:22:11 CST 2026] OK tunel vivo: https://along-key-jenny-send.trycloudflare.com
[Mon Aug 31 04:24:11 CST 2026] OK tunel vivo: https://along-key-jenny-send.trycloudflare.com
[Mon Aug 31 04:26:12 CST 2026] OK tunel vivo: https://along-key-jenny-send.trycloudflare.com
[Mon Aug 31 04:28:12 CST 2026] OK tunel vivo: https://along-key-jenny-send.trycloudflare.com
[Mon Aug 31 04:30:13 CST 2026] OK tunel vivo: https://along-key-jenny-send.trycloudflare.com
[Mon Aug 31 04:32:11 CST 2026] OK tunel vivo: https://along-key-jenny-send.trycloudflare.com
[Mon Aug 31 04:34:13 CST 2026] OK tunel vivo: https://along-key-jenny-send.trycloudflare.com
[Mon Aug 31 04:36:13 CST 2026] OK tunel vivo: https://along-key-jenny-send.trycloudflare.com
[Mon Aug 31 04:38:13 CST 2026] OK tunel vivo: https://along-key-jenny-send.trycloudflare.com
[Mon Aug 31 04:40:13 CST 2026] OK tunel vivo: https://along-key-jenny-send.trycloudflare.com
[Mon Aug 31 04:42:13 CST 2026] OK tunel vivo: https://along-key-jenny-send.trycloudflare.com
[Mon Aug 31 04:44:14 CST 2026] OK tunel vivo: https://along-key-jenny-send.trycloudflare.com
[Mon Aug 31 04:46:15 CST 2026] OK tunel vivo: https://along-key-jenny-send.trycloudflare.com
[Mon Aug 31 04:48:15 CST 2026] OK tunel vivo: https://along-key-jenny-send.trycloudflare.com
[Mon Aug 31 04:50:14 CST 2026] OK tunel vivo: https://along-key-jenny-send.trycloudflare.com
[Mon Aug 31 04:52:15 CST 2026] OK tunel vivo: https://along-key-jenny-send.trycloudflare.com
[Mon Aug 31 04:54:16 CST 2026] OK tunel vivo: https://along-key-jenny-send.trycloudflare.com
[Mon Aug 31 04:56:15 CST 2026] OK tunel vivo: https://along-key-jenny-send.trycloudflare.com
[Mon Aug 31 04:58:15 CST 2026] OK tunel vivo: https://along-key-jenny-send.trycloudflare.com
[Mon Aug 31 05:00:16 CST 2026] OK tunel vivo: https://along-key-jenny-send.trycloudflare.com
[Mon Aug 31 05:02:16 CST 2026] OK tunel vivo: https://along-key-jenny-send.trycloudflare.com
[Mon Aug 31 05:04:16 CST 2026] OK tunel vivo: https://along-key-jenny-send.trycloudflare.com
[Mon Aug 31 05:06:17 CST 2026] OK tunel vivo: https://along-key-jenny-send.trycloudflare.com
[Mon Aug 31 05:08:17 CST 2026] OK tunel vivo: https://along-key-jenny-send.trycloudflare.com
[Mon Aug 31 05:10:19 CST 2026] OK tunel vivo: https://along-key-jenny-send.trycloudflare.com
[Mon Aug 31 05:12:19 CST 2026] OK tunel vivo: https://along-key-jenny-send.trycloudflare.com
[Mon Aug 31 05:14:17 CST 2026] OK tunel vivo: https://along-key-jenny-send.trycloudflare.com
[Mon Aug 31 05:16:20 CST 2026] OK tunel vivo: https://along-key-jenny-send.trycloudflare.com
[Mon Aug 31 05:18:19 CST 2026] OK tunel vivo: https://along-key-jenny-send.trycloudflare.com
[Mon Aug 31 05:20:19 CST 2026] OK tunel vivo: https://along-key-jenny-send.trycloudflare.com
[Mon Aug 31 05:22:22 CST 2026] OK tunel vivo: https://along-key-jenny-send.trycloudflare.com
[Mon Aug 31 05:24:20 CST 2026] OK tunel vivo: https://along-key-jenny-send.trycloudflare.com
[Mon Aug 31 05:26:21 CST 2026] OK tunel vivo: https://along-key-jenny-send.trycloudflare.com
[Mon Aug 31 05:28:21 CST 2026] OK tunel vivo: https://along-key-jenny-send.trycloudflare.com
[Mon Aug 31 05:30:24 CST 2026] OK tunel vivo: https://along-key-jenny-send.trycloudflare.com
[Mon Aug 31 05:32:22 CST 2026] OK tunel vivo: https://along-key-jenny-send.trycloudflare.com
[Mon Aug 31 05:34:21 CST 2026] OK tunel vivo: https://along-key-jenny-send.trycloudflare.com
[Mon Aug 31 05:36:22 CST 2026] OK tunel vivo: https://along-key-jenny-send.trycloudflare.com
[Mon Aug 31 05:38:23 CST 2026] OK tunel vivo: https://along-key-jenny-send.trycloudflare.com
[Mon Aug 31 05:40:22 CST 2026] OK tunel vivo: https://along-key-jenny-send.trycloudflare.com
[Mon Aug 31 05:42:23 CST 2026] OK tunel vivo: https://along-key-jenny-send.trycloudflare.com
[Mon Aug 31 05:44:22 CST 2026] OK tunel vivo: https://along-key-jenny-send.trycloudflare.com
[Mon Aug 31 05:46:25 CST 2026] OK tunel vivo: https://along-key-jenny-send.trycloudflare.com
[Mon Aug 31 05:48:24 CST 2026] OK tunel vivo: https://along-key-jenny-send.trycloudflare.com
[Mon Aug 31 05:50:28 CST 2026] TUNEL CAIDO (https://along-key-jenny-send.trycloudflare.com). Relanzando monitor...
[Mon Aug 31 05:50:30 CST 2026] Monitor relanzado (pid 23374)
[Mon Aug 31 05:52:24 CST 2026] OK tunel vivo: https://unlike-alert-elimination-analytical.trycloudflare.com
[Mon Aug 31 05:54:24 CST 2026] OK tunel vivo: https://unlike-alert-elimination-analytical.trycloudflare.com
[Mon Aug 31 05:56:25 CST 2026] OK tunel vivo: https://unlike-alert-elimination-analytical.trycloudflare.com
[Mon Aug 31 05:58:26 CST 2026] OK tunel vivo: https://unlike-alert-elimination-analytical.trycloudflare.com
[Mon Aug 31 06:00:26 CST 2026] OK tunel vivo: https://unlike-alert-elimination-analytical.trycloudflare.com
[Mon Aug 31 06:02:26 CST 2026] OK tunel vivo: https://unlike-alert-elimination-analytical.trycloudflare.com
[Mon Aug 31 06:04:25 CST 2026] OK tunel vivo: https://unlike-alert-elimination-analytical.trycloudflare.com
[Mon Aug 31 06:06:26 CST 2026] OK tunel vivo: https://unlike-alert-elimination-analytical.trycloudflare.com
[Mon Aug 31 06:08:26 CST 2026] OK tunel vivo: https://unlike-alert-elimination-analytical.trycloudflare.com
[Mon Aug 31 06:10:25 CST 2026] OK tunel vivo: https://unlike-alert-elimination-analytical.trycloudflare.com
[Mon Aug 31 06:12:28 CST 2026] OK tunel vivo: https://unlike-alert-elimination-analytical.trycloudflare.com
[Mon Aug 31 06:14:27 CST 2026] OK tunel vivo: https://unlike-alert-elimination-analytical.trycloudflare.com
[Mon Aug 31 06:16:28 CST 2026] OK tunel vivo: https://unlike-alert-elimination-analytical.trycloudflare.com
[Mon Aug 31 06:18:28 CST 2026] OK tunel vivo: https://unlike-alert-elimination-analytical.trycloudflare.com
[Mon Aug 31 06:20:28 CST 2026] OK tunel vivo: https://unlike-alert-elimination-analytical.trycloudflare.com
[Mon Aug 31 06:22:28 CST 2026] OK tunel vivo: https://unlike-alert-elimination-analytical.trycloudflare.com
[Mon Aug 31 06:24:28 CST 2026] OK tunel vivo: https://unlike-alert-elimination-analytical.trycloudflare.com
[Mon Aug 31 06:26:28 CST 2026] OK tunel vivo: https://unlike-alert-elimination-analytical.trycloudflare.com
[Mon Aug 31 06:28:29 CST 2026] OK tunel vivo: https://unlike-alert-elimination-analytical.trycloudflare.com
[Mon Aug 31 06:30:30 CST 2026] OK tunel vivo: https://unlike-alert-elimination-analytical.trycloudflare.com
[Mon Aug 31 06:32:30 CST 2026] OK tunel vivo: https://unlike-alert-elimination-analytical.trycloudflare.com
[Mon Aug 31 06:34:29 CST 2026] OK tunel vivo: https://unlike-alert-elimination-analytical.trycloudflare.com
[Mon Aug 31 06:36:31 CST 2026] OK tunel vivo: https://unlike-alert-elimination-analytical.trycloudflare.com
[Mon Aug 31 06:38:30 CST 2026] OK tunel vivo: https://unlike-alert-elimination-analytical.trycloudflare.com
[Mon Aug 31 06:40:30 CST 2026] OK tunel vivo: https://unlike-alert-elimination-analytical.trycloudflare.com
[Mon Aug 31 06:42:31 CST 2026] OK tunel vivo: https://unlike-alert-elimination-analytical.trycloudflare.com
[Mon Aug 31 06:44:31 CST 2026] OK tunel vivo: https://unlike-alert-elimination-analytical.trycloudflare.com
[Mon Aug 31 06:46:31 CST 2026] OK tunel vivo: https://unlike-alert-elimination-analytical.trycloudflare.com
[Mon Aug 31 06:48:31 CST 2026] OK tunel vivo: https://unlike-alert-elimination-analytical.trycloudflare.com
[Mon Aug 31 06:50:31 CST 2026] OK tunel vivo: https://unlike-alert-elimination-analytical.trycloudflare.com
[Mon Aug 31 06:52:31 CST 2026] OK tunel vivo: https://unlike-alert-elimination-analytical.trycloudflare.com
[Mon Aug 31 06:54:32 CST 2026] OK tunel vivo: https://unlike-alert-elimination-analytical.trycloudflare.com
[Mon Aug 31 06:56:32 CST 2026] OK tunel vivo: https://unlike-alert-elimination-analytical.trycloudflare.com
[Mon Aug 31 06:58:32 CST 2026] OK tunel vivo: https://unlike-alert-elimination-analytical.trycloudflare.com
[Mon Aug 31 07:00:34 CST 2026] OK tunel vivo: https://unlike-alert-elimination-analytical.trycloudflare.com
[Mon Aug 31 07:02:33 CST 2026] OK tunel vivo: https://unlike-alert-elimination-analytical.trycloudflare.com
[Mon Aug 31 07:04:32 CST 2026] OK tunel vivo: https://unlike-alert-elimination-analytical.trycloudflare.com
[Mon Aug 31 07:06:35 CST 2026] OK tunel vivo: https://unlike-alert-elimination-analytical.trycloudflare.com
[Mon Aug 31 07:08:50 CST 2026] OK tunel vivo: https://unlike-alert-elimination-analytical.trycloudflare.com
[Mon Aug 31 07:10:53 CST 2026] OK tunel vivo: https://unlike-alert-elimination-analytical.trycloudflare.com
[Mon Aug 31 07:12:53 CST 2026] OK tunel vivo: https://unlike-alert-elimination-analytical.trycloudflare.com
[Mon Aug 31 07:14:44 CST 2026] OK tunel vivo: https://unlike-alert-elimination-analytical.trycloudflare.com
[Mon Aug 31 07:16:50 CST 2026] OK tunel vivo: https://unlike-alert-elimination-analytical.trycloudflare.com
[Mon Aug 31 07:20:46 CST 2026] OK tunel vivo: https://unlike-alert-elimination-analytical.trycloudflare.com
[Mon Aug 31 07:22:47 CST 2026] OK tunel vivo: https://unlike-alert-elimination-analytical.trycloudflare.com
[Mon Aug 31 07:24:53 CST 2026] OK tunel vivo: https://unlike-alert-elimination-analytical.trycloudflare.com
[Mon Aug 31 07:26:53 CST 2026] OK tunel vivo: https://unlike-alert-elimination-analytical.trycloudflare.com
[Mon Aug 31 07:28:52 CST 2026] OK tunel vivo: https://unlike-alert-elimination-analytical.trycloudflare.com
[Mon Aug 31 07:30:48 CST 2026] OK tunel vivo: https://unlike-alert-elimination-analytical.trycloudflare.com
[Mon Aug 31 07:32:51 CST 2026] OK tunel vivo: https://unlike-alert-elimination-analytical.trycloudflare.com
[Mon Aug 31 07:34:52 CST 2026] OK tunel vivo: https://unlike-alert-elimination-analytical.trycloudflare.com
[Mon Aug 31 07:36:51 CST 2026] OK tunel vivo: https://unlike-alert-elimination-analytical.trycloudflare.com
[Mon Aug 31 07:38:56 CST 2026] OK tunel vivo: https://unlike-alert-elimination-analytical.trycloudflare.com
[Mon Aug 31 07:40:53 CST 2026] OK tunel vivo: https://unlike-alert-elimination-analytical.trycloudflare.com
[Mon Aug 31 07:42:52 CST 2026] OK tunel vivo: https://unlike-alert-elimination-analytical.trycloudflare.com
[Mon Aug 31 07:44:51 CST 2026] OK tunel vivo: https://unlike-alert-elimination-analytical.trycloudflare.com
[Mon Aug 31 07:50:55 CST 2026] OK tunel vivo: https://unlike-alert-elimination-analytical.trycloudflare.com
[Mon Aug 31 07:52:52 CST 2026] OK tunel vivo: https://unlike-alert-elimination-analytical.trycloudflare.com
[Mon Aug 31 07:54:57 CST 2026] OK tunel vivo: https://unlike-alert-elimination-analytical.trycloudflare.com
[Mon Aug 31 07:56:52 CST 2026] OK tunel vivo: https://unlike-alert-elimination-analytical.trycloudflare.com
[Mon Aug 31 08:02:52 CST 2026] OK tunel vivo: https://unlike-alert-elimination-analytical.trycloudflare.com
[Mon Aug 31 08:04:54 CST 2026] OK tunel vivo: https://unlike-alert-elimination-analytical.trycloudflare.com
[Mon Aug 31 08:06:56 CST 2026] OK tunel vivo: https://unlike-alert-elimination-analytical.trycloudflare.com
[Mon Aug 31 08:10:58 CST 2026] OK tunel vivo: https://unlike-alert-elimination-analytical.trycloudflare.com
[Mon Aug 31 08:12:53 CST 2026] OK tunel vivo: https://unlike-alert-elimination-analytical.trycloudflare.com
[Mon Aug 31 08:14:53 CST 2026] OK tunel vivo: https://unlike-alert-elimination-analytical.trycloudflare.com
[Mon Aug 31 08:16:54 CST 2026] OK tunel vivo: https://unlike-alert-elimination-analytical.trycloudflare.com
[Mon Aug 31 08:18:55 CST 2026] OK tunel vivo: https://unlike-alert-elimination-analytical.trycloudflare.com
[Mon Aug 31 08:20:55 CST 2026] OK tunel vivo: https://unlike-alert-elimination-analytical.trycloudflare.com
[Mon Aug 31 08:23:02 CST 2026] OK tunel vivo: https://unlike-alert-elimination-analytical.trycloudflare.com
[Mon Aug 31 08:25:00 CST 2026] OK tunel vivo: https://unlike-alert-elimination-analytical.trycloudflare.com
[Mon Aug 31 08:26:58 CST 2026] OK tunel vivo: https://unlike-alert-elimination-analytical.trycloudflare.com
[Mon Aug 31 08:29:00 CST 2026] OK tunel vivo: https://unlike-alert-elimination-analytical.trycloudflare.com
[Mon Aug 31 08:30:57 CST 2026] OK tunel vivo: https://unlike-alert-elimination-analytical.trycloudflare.com
[Mon Aug 31 08:32:57 CST 2026] OK tunel vivo: https://unlike-alert-elimination-analytical.trycloudflare.com
[Mon Aug 31 08:34:59 CST 2026] OK tunel vivo: https://unlike-alert-elimination-analytical.trycloudflare.com
[Mon Aug 31 08:39:01 CST 2026] OK tunel vivo: https://unlike-alert-elimination-analytical.trycloudflare.com
[Mon Aug 31 08:41:00 CST 2026] OK tunel vivo: https://unlike-alert-elimination-analytical.trycloudflare.com
[Mon Aug 31 08:43:00 CST 2026] OK tunel vivo: https://unlike-alert-elimination-analytical.trycloudflare.com
[Mon Aug 31 08:47:04 CST 2026] OK tunel vivo: https://unlike-alert-elimination-analytical.trycloudflare.com
[Mon Aug 31 08:49:00 CST 2026] OK tunel vivo: https://unlike-alert-elimination-analytical.trycloudflare.com
[Mon Aug 31 08:50:58 CST 2026] OK tunel vivo: https://unlike-alert-elimination-analytical.trycloudflare.com
[Mon Aug 31 08:55:01 CST 2026] OK tunel vivo: https://unlike-alert-elimination-analytical.trycloudflare.com
[Mon Aug 31 08:57:04 CST 2026] OK tunel vivo: https://unlike-alert-elimination-analytical.trycloudflare.com
[Mon Aug 31 08:59:01 CST 2026] OK tunel vivo: https://unlike-alert-elimination-analytical.trycloudflare.com
[Mon Aug 31 09:01:09 CST 2026] OK tunel vivo: https://unlike-alert-elimination-analytical.trycloudflare.com
[Mon Aug 31 09:03:00 CST 2026] OK tunel vivo: https://unlike-alert-elimination-analytical.trycloudflare.com
[Mon Aug 31 09:05:02 CST 2026] OK tunel vivo: https://unlike-alert-elimination-analytical.trycloudflare.com
[Mon Aug 31 09:09:04 CST 2026] OK tunel vivo: https://unlike-alert-elimination-analytical.trycloudflare.com
[Mon Aug 31 09:11:01 CST 2026] OK tunel vivo: https://unlike-alert-elimination-analytical.trycloudflare.com
[Mon Aug 31 09:15:01 CST 2026] OK tunel vivo: https://unlike-alert-elimination-analytical.trycloudflare.com
[Mon Aug 31 09:21:05 CST 2026] OK tunel vivo: https://unlike-alert-elimination-analytical.trycloudflare.com
[Mon Aug 31 09:23:12 CST 2026] OK tunel vivo: https://unlike-alert-elimination-analytical.trycloudflare.com
[Mon Aug 31 09:25:00 CST 2026] OK tunel vivo: https://unlike-alert-elimination-analytical.trycloudflare.com
[Mon Aug 31 09:29:03 CST 2026] OK tunel vivo: https://unlike-alert-elimination-analytical.trycloudflare.com
[Mon Aug 31 09:31:00 CST 2026] OK tunel vivo: https://unlike-alert-elimination-analytical.trycloudflare.com
[Mon Aug 31 09:39:00 CST 2026] OK tunel vivo: https://unlike-alert-elimination-analytical.trycloudflare.com
[Mon Aug 31 09:41:04 CST 2026] OK tunel vivo: https://unlike-alert-elimination-analytical.trycloudflare.com
[Mon Aug 31 09:42:58 CST 2026] OK tunel vivo: https://unlike-alert-elimination-analytical.trycloudflare.com
[Mon Aug 31 09:45:03 CST 2026] OK tunel vivo: https://unlike-alert-elimination-analytical.trycloudflare.com
[Mon Aug 31 09:47:00 CST 2026] OK tunel vivo: https://unlike-alert-elimination-analytical.trycloudflare.com
[Mon Aug 31 09:48:56 CST 2026] OK tunel vivo: https://unlike-alert-elimination-analytical.trycloudflare.com
[Mon Aug 31 09:51:00 CST 2026] OK tunel vivo: https://unlike-alert-elimination-analytical.trycloudflare.com
[Mon Aug 31 09:53:02 CST 2026] OK tunel vivo: https://unlike-alert-elimination-analytical.trycloudflare.com
[Mon Aug 31 09:54:58 CST 2026] OK tunel vivo: https://unlike-alert-elimination-analytical.trycloudflare.com
[Mon Aug 31 09:57:07 CST 2026] OK tunel vivo: https://unlike-alert-elimination-analytical.trycloudflare.com
[Mon Aug 31 09:59:05 CST 2026] OK tunel vivo: https://unlike-alert-elimination-analytical.trycloudflare.com
[Mon Aug 31 10:03:02 CST 2026] OK tunel vivo: https://unlike-alert-elimination-analytical.trycloudflare.com
[Mon Aug 31 10:05:04 CST 2026] OK tunel vivo: https://unlike-alert-elimination-analytical.trycloudflare.com
[Mon Aug 31 10:07:05 CST 2026] OK tunel vivo: https://unlike-alert-elimination-analytical.trycloudflare.com
[Mon Aug 31 10:11:02 CST 2026] OK tunel vivo: https://unlike-alert-elimination-analytical.trycloudflare.com
[Mon Aug 31 10:15:06 CST 2026] OK tunel vivo: https://unlike-alert-elimination-analytical.trycloudflare.com
[Mon Aug 31 10:17:09 CST 2026] OK tunel vivo: https://unlike-alert-elimination-analytical.trycloudflare.com
[Mon Aug 31 10:19:01 CST 2026] OK tunel vivo: https://unlike-alert-elimination-analytical.trycloudflare.com
[Mon Aug 31 10:21:02 CST 2026] OK tunel vivo: https://unlike-alert-elimination-analytical.trycloudflare.com
[Mon Aug 31 10:23:03 CST 2026] OK tunel vivo: https://unlike-alert-elimination-analytical.trycloudflare.com
[Mon Aug 31 10:25:05 CST 2026] OK tunel vivo: https://unlike-alert-elimination-analytical.trycloudflare.com
[Mon Aug 31 10:27:01 CST 2026] OK tunel vivo: https://unlike-alert-elimination-analytical.trycloudflare.com
[Mon Aug 31 10:28:59 CST 2026] OK tunel vivo: https://unlike-alert-elimination-analytical.trycloudflare.com
[Mon Aug 31 10:31:11 CST 2026] OK tunel vivo: https://unlike-alert-elimination-analytical.trycloudflare.com
[Mon Aug 31 10:33:03 CST 2026] OK tunel vivo: https://unlike-alert-elimination-analytical.trycloudflare.com
[Mon Aug 31 10:35:03 CST 2026] OK tunel vivo: https://unlike-alert-elimination-analytical.trycloudflare.com
[Mon Aug 31 10:37:07 CST 2026] OK tunel vivo: https://unlike-alert-elimination-analytical.trycloudflare.com
[Mon Aug 31 10:39:10 CST 2026] OK tunel vivo: https://unlike-alert-elimination-analytical.trycloudflare.com
[Mon Aug 31 10:41:04 CST 2026] OK tunel vivo: https://unlike-alert-elimination-analytical.trycloudflare.com
[Mon Aug 31 10:43:04 CST 2026] OK tunel vivo: https://unlike-alert-elimination-analytical.trycloudflare.com
[Mon Aug 31 10:45:08 CST 2026] OK tunel vivo: https://unlike-alert-elimination-analytical.trycloudflare.com
[Mon Aug 31 10:47:07 CST 2026] OK tunel vivo: https://unlike-alert-elimination-analytical.trycloudflare.com
[Mon Aug 31 10:49:07 CST 2026] OK tunel vivo: https://unlike-alert-elimination-analytical.trycloudflare.com
[Mon Aug 31 10:51:06 CST 2026] OK tunel vivo: https://unlike-alert-elimination-analytical.trycloudflare.com
[Mon Aug 31 10:53:03 CST 2026] OK tunel vivo: https://unlike-alert-elimination-analytical.trycloudflare.com
[Mon Aug 31 10:55:01 CST 2026] OK tunel vivo: https://unlike-alert-elimination-analytical.trycloudflare.com
[Mon Aug 31 10:59:07 CST 2026] OK tunel vivo: https://unlike-alert-elimination-analytical.trycloudflare.com
[Mon Aug 31 11:01:04 CST 2026] OK tunel vivo: https://unlike-alert-elimination-analytical.trycloudflare.com
[Mon Aug 31 11:03:01 CST 2026] OK tunel vivo: https://unlike-alert-elimination-analytical.trycloudflare.com
[Mon Aug 31 11:05:12 CST 2026] OK tunel vivo: https://unlike-alert-elimination-analytical.trycloudflare.com
[Mon Aug 31 11:07:08 CST 2026] OK tunel vivo: https://unlike-alert-elimination-analytical.trycloudflare.com
[Mon Aug 31 11:09:02 CST 2026] OK tunel vivo: https://unlike-alert-elimination-analytical.trycloudflare.com
[Mon Aug 31 11:11:00 CST 2026] OK tunel vivo: https://unlike-alert-elimination-analytical.trycloudflare.com
[Mon Aug 31 11:13:01 CST 2026] OK tunel vivo: https://unlike-alert-elimination-analytical.trycloudflare.com
[Mon Aug 31 11:15:02 CST 2026] OK tunel vivo: https://unlike-alert-elimination-analytical.trycloudflare.com
[Mon Aug 31 11:17:05 CST 2026] OK tunel vivo: https://unlike-alert-elimination-analytical.trycloudflare.com
[Mon Aug 31 11:19:15 CST 2026] OK tunel vivo: https://unlike-alert-elimination-analytical.trycloudflare.com
[Mon Aug 31 11:21:03 CST 2026] OK tunel vivo: https://unlike-alert-elimination-analytical.trycloudflare.com
[Mon Aug 31 11:23:04 CST 2026] OK tunel vivo: https://unlike-alert-elimination-analytical.trycloudflare.com
[Mon Aug 31 11:29:04 CST 2026] OK tunel vivo: https://unlike-alert-elimination-analytical.trycloudflare.com
[Mon Aug 31 11:45:26 CST 2026] OK tunel vivo: https://unlike-alert-elimination-analytical.trycloudflare.com
[Mon Aug 31 11:47:07 CST 2026] OK tunel vivo: https://unlike-alert-elimination-analytical.trycloudflare.com
[Mon Aug 31 11:49:04 CST 2026] OK tunel vivo: https://unlike-alert-elimination-analytical.trycloudflare.com
[Mon Aug 31 11:51:02 CST 2026] OK tunel vivo: https://unlike-alert-elimination-analytical.trycloudflare.com
[Mon Aug 31 11:57:04 CST 2026] OK tunel vivo: https://unlike-alert-elimination-analytical.trycloudflare.com
[Mon Aug 31 11:59:04 CST 2026] OK tunel vivo: https://unlike-alert-elimination-analytical.trycloudflare.com
[Mon Aug 31 12:03:06 CST 2026] OK tunel vivo: https://unlike-alert-elimination-analytical.trycloudflare.com
[Mon Aug 31 12:05:09 CST 2026] OK tunel vivo: https://unlike-alert-elimination-analytical.trycloudflare.com
[Mon Aug 31 12:07:02 CST 2026] OK tunel vivo: https://unlike-alert-elimination-analytical.trycloudflare.com
[Mon Aug 31 12:09:03 CST 2026] OK tunel vivo: https://unlike-alert-elimination-analytical.trycloudflare.com
[Mon Aug 31 12:11:01 CST 2026] OK tunel vivo: https://unlike-alert-elimination-analytical.trycloudflare.com
[Mon Aug 31 12:13:04 CST 2026] OK tunel vivo: https://unlike-alert-elimination-analytical.trycloudflare.com
[Mon Aug 31 12:15:15 CST 2026] OK tunel vivo: https://unlike-alert-elimination-analytical.trycloudflare.com
[Mon Aug 31 12:19:07 CST 2026] OK tunel vivo: https://unlike-alert-elimination-analytical.trycloudflare.com
[Mon Aug 31 12:22:23 CST 2026] OK tunel vivo: https://unlike-alert-elimination-analytical.trycloudflare.com
[Mon Aug 31 12:24:22 CST 2026] OK tunel vivo: https://unlike-alert-elimination-analytical.trycloudflare.com
[Mon Aug 31 12:26:21 CST 2026] OK tunel vivo: https://unlike-alert-elimination-analytical.trycloudflare.com
[Mon Aug 31 12:28:24 CST 2026] OK tunel vivo: https://unlike-alert-elimination-analytical.trycloudflare.com
[Mon Aug 31 12:30:27 CST 2026] OK tunel vivo: https://unlike-alert-elimination-analytical.trycloudflare.com
[Mon Aug 31 12:34:24 CST 2026] OK tunel vivo: https://unlike-alert-elimination-analytical.trycloudflare.com
[Mon Aug 31 12:36:26 CST 2026] OK tunel vivo: https://unlike-alert-elimination-analytical.trycloudflare.com
[Mon Aug 31 12:38:21 CST 2026] OK tunel vivo: https://unlike-alert-elimination-analytical.trycloudflare.com
[Mon Aug 31 12:40:21 CST 2026] OK tunel vivo: https://unlike-alert-elimination-analytical.trycloudflare.com
[Mon Aug 31 12:42:30 CST 2026] OK tunel vivo: https://unlike-alert-elimination-analytical.trycloudflare.com
[Mon Aug 31 12:46:26 CST 2026] OK tunel vivo: https://unlike-alert-elimination-analytical.trycloudflare.com
[Mon Aug 31 13:03:44 CST 2026] TUNEL CAIDO (https://unlike-alert-elimination-analytical.trycloudflare.com). Relanzando monitor...
[Mon Aug 31 13:03:46 CST 2026] Monitor relanzado (pid 50411)
[Mon Aug 31 13:06:26 CST 2026] TUNEL CAIDO (https://unlike-alert-elimination-analytical.trycloudflare.com). Relanzando monitor...
[Mon Aug 31 13:06:28 CST 2026] Monitor relanzado (pid 50645)
[Mon Aug 31 13:10:36 CST 2026] OK tunel vivo: https://enter-stake-mood-joan.trycloudflare.com
[Mon Aug 31 13:12:33 CST 2026] OK tunel vivo: https://enter-stake-mood-joan.trycloudflare.com
[Mon Aug 31 13:14:35 CST 2026] OK tunel vivo: https://enter-stake-mood-joan.trycloudflare.com
[Mon Aug 31 13:16:33 CST 2026] OK tunel vivo: https://enter-stake-mood-joan.trycloudflare.com
[Mon Aug 31 13:21:48 CST 2026] OK tunel vivo: https://enter-stake-mood-joan.trycloudflare.com
[Mon Aug 31 13:23:10 CST 2026] OK tunel vivo: https://enter-stake-mood-joan.trycloudflare.com
[Mon Aug 31 13:30:33 CST 2026] OK tunel vivo: https://enter-stake-mood-joan.trycloudflare.com
[Mon Aug 31 13:37:09 CST 2026] OK tunel vivo: https://enter-stake-mood-joan.trycloudflare.com
[Mon Aug 31 13:38:32 CST 2026] OK tunel vivo: https://enter-stake-mood-joan.trycloudflare.com
[Mon Aug 31 13:52:46 CST 2026] OK tunel vivo: https://enter-stake-mood-joan.trycloudflare.com
[Mon Aug 31 13:56:37 CST 2026] OK tunel vivo: https://enter-stake-mood-joan.trycloudflare.com
[Mon Aug 31 13:59:09 CST 2026] TUNEL CAIDO (https://enter-stake-mood-joan.trycloudflare.com). Relanzando monitor...
[Mon Aug 31 13:59:12 CST 2026] Monitor relanzado (pid 52672)
[Mon Aug 31 14:00:55 CST 2026] OK tunel vivo: https://secrets-imaging-appointed-else.trycloudflare.com
[Mon Aug 31 14:03:09 CST 2026] TUNEL CAIDO (https://secrets-imaging-appointed-else.trycloudflare.com). Relanzando monitor...
[Mon Aug 31 14:03:12 CST 2026] Monitor relanzado (pid 53018)
[Mon Aug 31 14:05:00 CST 2026] OK tunel vivo: https://variation-pound-limousines-judge.trycloudflare.com
[Mon Aug 31 14:09:14 CST 2026] OK tunel vivo: https://variation-pound-limousines-judge.trycloudflare.com
[Mon Aug 31 14:10:59 CST 2026] OK tunel vivo: https://variation-pound-limousines-judge.trycloudflare.com
[Mon Aug 31 14:13:03 CST 2026] OK tunel vivo: https://variation-pound-limousines-judge.trycloudflare.com
[Mon Aug 31 14:15:15 CST 2026] TUNEL CAIDO (https://variation-pound-limousines-judge.trycloudflare.com). Relanzando monitor...
[Mon Aug 31 14:15:18 CST 2026] Monitor relanzado (pid 54036)
[Mon Aug 31 14:17:31 CST 2026] TUNEL CAIDO (https://sip-bear-boot-steve.trycloudflare.com). Relanzando monitor...
[Mon Aug 31 14:17:33 CST 2026] Monitor relanzado (pid 54333)
[Mon Aug 31 14:18:26 CST 2026] TUNEL CAIDO (https://automobile-holding-overseas-pride.trycloudflare.com). Relanzando monitor...
[Mon Aug 31 14:18:28 CST 2026] Monitor relanzado (pid 54467)
[Mon Aug 31 14:22:30 CST 2026] TUNEL CAIDO (https://immediate-assumed-instrumental-apartment.trycloudflare.com). Relanzando monitor...
[Mon Aug 31 14:22:33 CST 2026] Monitor relanzado (pid 54919)
[Mon Aug 31 14:26:23 CST 2026] OK tunel vivo: https://hostel-browser-eva-partners.trycloudflare.com
[Mon Aug 31 14:28:18 CST 2026] OK tunel vivo: https://hostel-browser-eva-partners.trycloudflare.com
[Mon Aug 31 14:32:20 CST 2026] OK tunel vivo: https://hostel-browser-eva-partners.trycloudflare.com
[Mon Aug 31 14:34:31 CST 2026] OK tunel vivo: https://hostel-browser-eva-partners.trycloudflare.com
[Mon Aug 31 14:42:21 CST 2026] OK tunel vivo: https://hostel-browser-eva-partners.trycloudflare.com
[Mon Aug 31 14:44:21 CST 2026] OK tunel vivo: https://hostel-browser-eva-partners.trycloudflare.com
[Mon Aug 31 14:46:19 CST 2026] OK tunel vivo: https://hostel-browser-eva-partners.trycloudflare.com
[Mon Aug 31 14:48:21 CST 2026] OK tunel vivo: https://hostel-browser-eva-partners.trycloudflare.com
[Mon Aug 31 14:50:25 CST 2026] OK tunel vivo: https://hostel-browser-eva-partners.trycloudflare.com
[Mon Aug 31 14:52:30 CST 2026] TUNEL CAIDO (https://hostel-browser-eva-partners.trycloudflare.com). Relanzando monitor...
[Mon Aug 31 14:52:33 CST 2026] Monitor relanzado (pid 59302)
[Mon Aug 31 15:02:32 CST 2026] TUNEL CAIDO (https://mental-induced-enjoy-wines.trycloudflare.com). Relanzando monitor...
[Mon Aug 31 15:02:34 CST 2026] Monitor relanzado (pid 60441)
[Mon Aug 31 15:04:23 CST 2026] OK tunel vivo: https://mental-induced-enjoy-wines.trycloudflare.com
[Mon Aug 31 15:06:18 CST 2026] OK tunel vivo: https://mental-induced-enjoy-wines.trycloudflare.com
[Mon Aug 31 15:08:19 CST 2026] OK tunel vivo: https://mental-induced-enjoy-wines.trycloudflare.com
[Mon Aug 31 15:12:23 CST 2026] OK tunel vivo: https://mental-induced-enjoy-wines.trycloudflare.com
[Mon Aug 31 15:14:21 CST 2026] OK tunel vivo: https://mental-induced-enjoy-wines.trycloudflare.com
[Mon Aug 31 15:16:24 CST 2026] TUNEL CAIDO (https://mental-induced-enjoy-wines.trycloudflare.com). Relanzando monitor...
[Mon Aug 31 15:16:26 CST 2026] Monitor relanzado (pid 61857)
[Mon Aug 31 15:22:30 CST 2026] TUNEL CAIDO (https://prepare-mitchell-prediction-rentals.trycloudflare.com). Relanzando monitor...
[Mon Aug 31 15:22:32 CST 2026] Monitor relanzado (pid 62342)
[Mon Aug 31 15:24:29 CST 2026] OK tunel vivo: https://biotechnology-eclipse-carb-physician.trycloudflare.com
[Mon Aug 31 15:28:29 CST 2026] TUNEL CAIDO (https://biotechnology-eclipse-carb-physician.trycloudflare.com). Relanzando monitor...
[Mon Aug 31 15:28:31 CST 2026] Monitor relanzado (pid 62798)
[Mon Aug 31 15:30:26 CST 2026] TUNEL CAIDO (https://roller-wilderness-jones-viking.trycloudflare.com). Relanzando monitor...
[Mon Aug 31 15:30:28 CST 2026] Monitor relanzado (pid 62974)
[Mon Aug 31 15:32:24 CST 2026] OK tunel vivo: https://gui-rev-collectables-accompanying.trycloudflare.com
[Mon Aug 31 15:34:23 CST 2026] OK tunel vivo: https://gui-rev-collectables-accompanying.trycloudflare.com
[Mon Aug 31 15:36:30 CST 2026] OK tunel vivo: https://gui-rev-collectables-accompanying.trycloudflare.com
[Mon Aug 31 15:38:23 CST 2026] OK tunel vivo: https://gui-rev-collectables-accompanying.trycloudflare.com
[Mon Aug 31 15:40:21 CST 2026] OK tunel vivo: https://gui-rev-collectables-accompanying.trycloudflare.com
[Mon Aug 31 15:42:39 CST 2026] OK tunel vivo: https://gui-rev-collectables-accompanying.trycloudflare.com
[Mon Aug 31 15:48:30 CST 2026] OK tunel vivo: https://gui-rev-collectables-accompanying.trycloudflare.com
[Mon Aug 31 15:50:27 CST 2026] OK tunel vivo: https://gui-rev-collectables-accompanying.trycloudflare.com
[Mon Aug 31 15:52:26 CST 2026] OK tunel vivo: https://gui-rev-collectables-accompanying.trycloudflare.com
[Mon Aug 31 15:54:26 CST 2026] OK tunel vivo: https://gui-rev-collectables-accompanying.trycloudflare.com
[Mon Aug 31 15:56:25 CST 2026] OK tunel vivo: https://gui-rev-collectables-accompanying.trycloudflare.com
[Mon Aug 31 15:58:25 CST 2026] OK tunel vivo: https://gui-rev-collectables-accompanying.trycloudflare.com
[Mon Aug 31 16:02:24 CST 2026] OK tunel vivo: https://gui-rev-collectables-accompanying.trycloudflare.com
[Mon Aug 31 16:04:27 CST 2026] OK tunel vivo: https://gui-rev-collectables-accompanying.trycloudflare.com
[Mon Aug 31 16:06:25 CST 2026] OK tunel vivo: https://gui-rev-collectables-accompanying.trycloudflare.com
[Mon Aug 31 16:08:27 CST 2026] OK tunel vivo: https://gui-rev-collectables-accompanying.trycloudflare.com
[Mon Aug 31 16:10:26 CST 2026] OK tunel vivo: https://gui-rev-collectables-accompanying.trycloudflare.com
[Mon Aug 31 16:12:28 CST 2026] OK tunel vivo: https://gui-rev-collectables-accompanying.trycloudflare.com
[Mon Aug 31 16:14:28 CST 2026] OK tunel vivo: https://gui-rev-collectables-accompanying.trycloudflare.com
[Mon Aug 31 16:16:42 CST 2026] TUNEL CAIDO (https://gui-rev-collectables-accompanying.trycloudflare.com). Relanzando monitor...
[Mon Aug 31 16:16:44 CST 2026] Monitor relanzado (pid 66866)
[Mon Aug 31 16:25:03 CST 2026] OK tunel vivo: https://brussels-chrome-biblical-heaven.trycloudflare.com
[Mon Aug 31 16:26:40 CST 2026] OK tunel vivo: https://brussels-chrome-biblical-heaven.trycloudflare.com
[Mon Aug 31 16:28:40 CST 2026] OK tunel vivo: https://brussels-chrome-biblical-heaven.trycloudflare.com
[Mon Aug 31 16:37:00 CST 2026] TUNEL CAIDO (https://brussels-chrome-biblical-heaven.trycloudflare.com). Relanzando monitor...
[Mon Aug 31 16:37:02 CST 2026] Monitor relanzado (pid 68955)
[Mon Aug 31 16:38:46 CST 2026] OK tunel vivo: https://screen-conferencing-variables-biotechnology.trycloudflare.com
[Mon Aug 31 16:42:26 CST 2026] OK tunel vivo: https://screen-conferencing-variables-biotechnology.trycloudflare.com
[Mon Aug 31 16:44:26 CST 2026] OK tunel vivo: https://screen-conferencing-variables-biotechnology.trycloudflare.com
[Mon Aug 31 16:46:29 CST 2026] OK tunel vivo: https://screen-conferencing-variables-biotechnology.trycloudflare.com
[Mon Aug 31 16:48:31 CST 2026] OK tunel vivo: https://screen-conferencing-variables-biotechnology.trycloudflare.com
[Mon Aug 31 16:50:29 CST 2026] OK tunel vivo: https://screen-conferencing-variables-biotechnology.trycloudflare.com
[Mon Aug 31 16:52:29 CST 2026] OK tunel vivo: https://screen-conferencing-variables-biotechnology.trycloudflare.com
[Mon Aug 31 16:54:29 CST 2026] OK tunel vivo: https://screen-conferencing-variables-biotechnology.trycloudflare.com
[Mon Aug 31 16:56:37 CST 2026] OK tunel vivo: https://screen-conferencing-variables-biotechnology.trycloudflare.com
[Mon Aug 31 17:00:12 CST 2026] TUNEL CAIDO (https://screen-conferencing-variables-biotechnology.trycloudflare.com). Relanzando monitor...
[Mon Aug 31 17:00:16 CST 2026] Monitor relanzado (pid 70716)
[Mon Aug 31 17:03:02 CST 2026] TUNEL CAIDO (https://tests-out-nominations-deposit.trycloudflare.com). Relanzando monitor...
[Mon Aug 31 17:03:04 CST 2026] Monitor relanzado (pid 71006)
[Mon Aug 31 17:06:54 CST 2026] OK tunel vivo: https://tests-out-nominations-deposit.trycloudflare.com
[Mon Aug 31 17:10:51 CST 2026] OK tunel vivo: https://tests-out-nominations-deposit.trycloudflare.com
[Mon Aug 31 17:14:27 CST 2026] OK tunel vivo: https://tests-out-nominations-deposit.trycloudflare.com
[Mon Aug 31 17:17:44 CST 2026] OK tunel vivo: https://patterns-taxes-buck-flu.trycloudflare.com
[Mon Aug 31 17:18:51 CST 2026] OK tunel vivo: https://patterns-taxes-buck-flu.trycloudflare.com
[Mon Aug 31 17:22:51 CST 2026] OK tunel vivo: https://patterns-taxes-buck-flu.trycloudflare.com
[Mon Aug 31 17:24:59 CST 2026] OK tunel vivo: https://patterns-taxes-buck-flu.trycloudflare.com
[Mon Aug 31 17:26:51 CST 2026] OK tunel vivo: https://patterns-taxes-buck-flu.trycloudflare.com
[Mon Aug 31 17:28:54 CST 2026] OK tunel vivo: https://patterns-taxes-buck-flu.trycloudflare.com
[Mon Aug 31 17:30:57 CST 2026] OK tunel vivo: https://patterns-taxes-buck-flu.trycloudflare.com
[Mon Aug 31 17:32:56 CST 2026] OK tunel vivo: https://patterns-taxes-buck-flu.trycloudflare.com
[Mon Aug 31 17:34:51 CST 2026] OK tunel vivo: https://patterns-taxes-buck-flu.trycloudflare.com
[Mon Aug 31 17:36:55 CST 2026] TUNEL CAIDO (https://patterns-taxes-buck-flu.trycloudflare.com). Relanzando monitor...
[Mon Aug 31 17:36:58 CST 2026] Monitor relanzado (pid 73712)
[Mon Aug 31 17:40:58 CST 2026] OK tunel vivo: https://bluetooth-blend-expression-condos.trycloudflare.com
[Mon Aug 31 17:46:56 CST 2026] TUNEL CAIDO (https://bluetooth-blend-expression-condos.trycloudflare.com). Relanzando monitor...
[Mon Aug 31 17:46:58 CST 2026] Monitor relanzado (pid 74549)
[Mon Aug 31 17:49:09 CST 2026] OK tunel vivo: https://description-everything-mail-producing.trycloudflare.com
[Mon Aug 31 17:52:56 CST 2026] OK tunel vivo: https://description-everything-mail-producing.trycloudflare.com
[Mon Aug 31 17:54:54 CST 2026] OK tunel vivo: https://description-everything-mail-producing.trycloudflare.com
[Mon Aug 31 17:56:53 CST 2026] OK tunel vivo: https://description-everything-mail-producing.trycloudflare.com
[Mon Aug 31 17:58:54 CST 2026] OK tunel vivo: https://description-everything-mail-producing.trycloudflare.com
[Mon Aug 31 18:00:54 CST 2026] OK tunel vivo: https://description-everything-mail-producing.trycloudflare.com
[Mon Aug 31 18:02:52 CST 2026] OK tunel vivo: https://description-everything-mail-producing.trycloudflare.com
[Mon Aug 31 18:05:35 CST 2026] TUNEL CAIDO (https://description-everything-mail-producing.trycloudflare.com). Relanzando monitor...
[Mon Aug 31 18:05:37 CST 2026] Monitor relanzado (pid 75869)
[Mon Aug 31 18:09:20 CST 2026] TUNEL CAIDO (https://icon-reef-supplemental-celebration.trycloudflare.com). Relanzando monitor...
[Mon Aug 31 18:09:22 CST 2026] Monitor relanzado (pid 76310)
[Mon Aug 31 18:09:45 CST 2026] OK tunel vivo: https://enquiries-proof-postage-kept.trycloudflare.com
[Mon Aug 31 18:14:57 CST 2026] OK tunel vivo: https://enquiries-proof-postage-kept.trycloudflare.com
[Mon Aug 31 18:16:59 CST 2026] OK tunel vivo: https://enquiries-proof-postage-kept.trycloudflare.com
[Mon Aug 31 18:18:56 CST 2026] OK tunel vivo: https://enquiries-proof-postage-kept.trycloudflare.com
[Mon Aug 31 18:20:58 CST 2026] OK tunel vivo: https://enquiries-proof-postage-kept.trycloudflare.com
[Mon Aug 31 18:22:54 CST 2026] OK tunel vivo: https://enquiries-proof-postage-kept.trycloudflare.com
[Mon Aug 31 18:24:55 CST 2026] OK tunel vivo: https://enquiries-proof-postage-kept.trycloudflare.com
[Mon Aug 31 18:26:56 CST 2026] OK tunel vivo: https://enquiries-proof-postage-kept.trycloudflare.com
[Mon Aug 31 18:29:43 CST 2026] OK tunel vivo: https://enquiries-proof-postage-kept.trycloudflare.com
[Mon Aug 31 18:30:52 CST 2026] OK tunel vivo: https://enquiries-proof-postage-kept.trycloudflare.com
[Mon Aug 31 18:32:52 CST 2026] OK tunel vivo: https://enquiries-proof-postage-kept.trycloudflare.com
[Mon Aug 31 18:34:58 CST 2026] OK tunel vivo: https://enquiries-proof-postage-kept.trycloudflare.com
[Mon Aug 31 18:37:02 CST 2026] OK tunel vivo: https://enquiries-proof-postage-kept.trycloudflare.com
[Mon Aug 31 18:38:59 CST 2026] TUNEL CAIDO (https://enquiries-proof-postage-kept.trycloudflare.com). Relanzando monitor...
[Mon Aug 31 18:39:01 CST 2026] Monitor relanzado (pid 78091)
[Mon Aug 31 18:40:58 CST 2026] OK tunel vivo: https://newton-para-possibilities-somerset.trycloudflare.com
[Mon Aug 31 18:44:30 CST 2026] TUNEL CAIDO (https://newton-para-possibilities-somerset.trycloudflare.com). Relanzando monitor...
[Mon Aug 31 18:44:33 CST 2026] Monitor relanzado (pid 78582)
[Mon Aug 31 18:46:23 CST 2026] OK tunel vivo: https://ministries-speaker-bald-locally.trycloudflare.com
[Mon Aug 31 18:54:25 CST 2026] OK tunel vivo: https://ministries-speaker-bald-locally.trycloudflare.com
[Mon Aug 31 18:56:25 CST 2026] OK tunel vivo: https://ministries-speaker-bald-locally.trycloudflare.com
[Mon Aug 31 18:58:41 CST 2026] TUNEL CAIDO (https://ministries-speaker-bald-locally.trycloudflare.com). Relanzando monitor...
[Mon Aug 31 18:58:43 CST 2026] Monitor relanzado (pid 79972)
[Mon Aug 31 19:02:39 CST 2026] OK tunel vivo: https://receptors-side-desire-comic.trycloudflare.com
[Mon Aug 31 19:05:25 CST 2026] TUNEL CAIDO (https://receptors-side-desire-comic.trycloudflare.com). Relanzando monitor...
[Mon Aug 31 19:05:32 CST 2026] Monitor relanzado (pid 80500)
[Mon Aug 31 19:08:56 CST 2026] OK tunel vivo: https://receptors-side-desire-comic.trycloudflare.com
[Mon Aug 31 19:10:54 CST 2026] OK tunel vivo: https://receptors-side-desire-comic.trycloudflare.com
[Mon Aug 31 19:12:53 CST 2026] OK tunel vivo: https://receptors-side-desire-comic.trycloudflare.com
[Mon Aug 31 19:14:52 CST 2026] OK tunel vivo: https://receptors-side-desire-comic.trycloudflare.com
[Mon Aug 31 19:16:55 CST 2026] OK tunel vivo: https://receptors-side-desire-comic.trycloudflare.com
[Mon Aug 31 19:18:50 CST 2026] OK tunel vivo: https://receptors-side-desire-comic.trycloudflare.com
[Mon Aug 31 19:20:57 CST 2026] TUNEL CAIDO (https://receptors-side-desire-comic.trycloudflare.com). Relanzando monitor...
[Mon Aug 31 19:20:59 CST 2026] Monitor relanzado (pid 81637)
[Mon Aug 31 19:22:57 CST 2026] OK tunel vivo: https://junior-por-mistakes-plates.trycloudflare.com
[Mon Aug 31 19:24:59 CST 2026] OK tunel vivo: https://junior-por-mistakes-plates.trycloudflare.com
[Mon Aug 31 19:27:01 CST 2026] OK tunel vivo: https://junior-por-mistakes-plates.trycloudflare.com
[Mon Aug 31 19:29:12 CST 2026] TUNEL CAIDO (https://junior-por-mistakes-plates.trycloudflare.com). Relanzando monitor...
[Mon Aug 31 19:29:14 CST 2026] Monitor relanzado (pid 82322)
[Mon Aug 31 19:32:51 CST 2026] OK tunel vivo: https://merry-copying-hosting-producers.trycloudflare.com
[Mon Aug 31 19:34:52 CST 2026] OK tunel vivo: https://merry-copying-hosting-producers.trycloudflare.com
[Mon Aug 31 19:36:49 CST 2026] OK tunel vivo: https://merry-copying-hosting-producers.trycloudflare.com
[Mon Aug 31 19:38:54 CST 2026] OK tunel vivo: https://merry-copying-hosting-producers.trycloudflare.com
[Mon Aug 31 19:40:58 CST 2026] OK tunel vivo: https://merry-copying-hosting-producers.trycloudflare.com
[Mon Aug 31 19:42:58 CST 2026] OK tunel vivo: https://merry-copying-hosting-producers.trycloudflare.com
[Mon Aug 31 19:45:05 CST 2026] OK tunel vivo: https://merry-copying-hosting-producers.trycloudflare.com
[Mon Aug 31 19:46:55 CST 2026] OK tunel vivo: https://merry-copying-hosting-producers.trycloudflare.com
[Mon Aug 31 19:48:55 CST 2026] OK tunel vivo: https://merry-copying-hosting-producers.trycloudflare.com
[Mon Aug 31 19:50:54 CST 2026] OK tunel vivo: https://merry-copying-hosting-producers.trycloudflare.com
[Mon Aug 31 19:52:53 CST 2026] OK tunel vivo: https://merry-copying-hosting-producers.trycloudflare.com
[Mon Aug 31 19:54:55 CST 2026] OK tunel vivo: https://merry-copying-hosting-producers.trycloudflare.com
[Mon Aug 31 19:57:05 CST 2026] TUNEL CAIDO (https://merry-copying-hosting-producers.trycloudflare.com). Relanzando monitor...
[Mon Aug 31 19:57:08 CST 2026] Monitor relanzado (pid 84279)
[Mon Aug 31 20:02:59 CST 2026] OK tunel vivo: https://intervention-midi-encounter-colors.trycloudflare.com
[Mon Aug 31 20:04:54 CST 2026] OK tunel vivo: https://intervention-midi-encounter-colors.trycloudflare.com
[Mon Aug 31 20:07:02 CST 2026] OK tunel vivo: https://intervention-midi-encounter-colors.trycloudflare.com
[Mon Aug 31 20:08:52 CST 2026] OK tunel vivo: https://intervention-midi-encounter-colors.trycloudflare.com
[Mon Aug 31 20:11:05 CST 2026] OK tunel vivo: https://intervention-midi-encounter-colors.trycloudflare.com
[Mon Aug 31 20:12:54 CST 2026] OK tunel vivo: https://intervention-midi-encounter-colors.trycloudflare.com
[Mon Aug 31 20:15:05 CST 2026] OK tunel vivo: https://intervention-midi-encounter-colors.trycloudflare.com
[Mon Aug 31 20:17:02 CST 2026] OK tunel vivo: https://intervention-midi-encounter-colors.trycloudflare.com
[Mon Aug 31 20:18:59 CST 2026] OK tunel vivo: https://intervention-midi-encounter-colors.trycloudflare.com
[Mon Aug 31 20:20:55 CST 2026] OK tunel vivo: https://intervention-midi-encounter-colors.trycloudflare.com
[Mon Aug 31 20:22:56 CST 2026] OK tunel vivo: https://intervention-midi-encounter-colors.trycloudflare.com
[Mon Aug 31 20:25:04 CST 2026] TUNEL CAIDO (https://intervention-midi-encounter-colors.trycloudflare.com). Relanzando monitor...
[Mon Aug 31 20:25:07 CST 2026] Monitor relanzado (pid 86169)
[Mon Aug 31 20:29:04 CST 2026] OK tunel vivo: https://tulsa-mike-observer-choices.trycloudflare.com
[Mon Aug 31 20:31:04 CST 2026] OK tunel vivo: https://tulsa-mike-observer-choices.trycloudflare.com
[Mon Aug 31 20:32:59 CST 2026] OK tunel vivo: https://tulsa-mike-observer-choices.trycloudflare.com
[Mon Aug 31 20:34:59 CST 2026] OK tunel vivo: https://tulsa-mike-observer-choices.trycloudflare.com
[Mon Aug 31 20:37:40 CST 2026] OK tunel vivo: https://tulsa-mike-observer-choices.trycloudflare.com
[Mon Aug 31 20:38:59 CST 2026] OK tunel vivo: https://tulsa-mike-observer-choices.trycloudflare.com
[Mon Aug 31 20:41:00 CST 2026] OK tunel vivo: https://tulsa-mike-observer-choices.trycloudflare.com
[Mon Aug 31 20:43:00 CST 2026] OK tunel vivo: https://tulsa-mike-observer-choices.trycloudflare.com
[Mon Aug 31 20:44:59 CST 2026] OK tunel vivo: https://tulsa-mike-observer-choices.trycloudflare.com
[Mon Aug 31 20:46:59 CST 2026] OK tunel vivo: https://tulsa-mike-observer-choices.trycloudflare.com
[Mon Aug 31 20:49:00 CST 2026] OK tunel vivo: https://tulsa-mike-observer-choices.trycloudflare.com
[Mon Aug 31 20:50:56 CST 2026] OK tunel vivo: https://tulsa-mike-observer-choices.trycloudflare.com
[Mon Aug 31 20:53:03 CST 2026] OK tunel vivo: https://tulsa-mike-observer-choices.trycloudflare.com
[Mon Aug 31 20:55:00 CST 2026] OK tunel vivo: https://tulsa-mike-observer-choices.trycloudflare.com
[Mon Aug 31 20:57:10 CST 2026] TUNEL CAIDO (https://tulsa-mike-observer-choices.trycloudflare.com). Relanzando monitor...
[Mon Aug 31 20:57:12 CST 2026] Monitor relanzado (pid 89089)
[Mon Aug 31 21:03:03 CST 2026] OK tunel vivo: https://criterion-england-questions-conservation.trycloudflare.com
[Mon Aug 31 21:09:09 CST 2026] OK tunel vivo: https://criterion-england-questions-conservation.trycloudflare.com
[Mon Aug 31 21:13:04 CST 2026] OK tunel vivo: https://criterion-england-questions-conservation.trycloudflare.com
[Mon Aug 31 21:15:03 CST 2026] OK tunel vivo: https://criterion-england-questions-conservation.trycloudflare.com
[Mon Aug 31 21:18:41 CST 2026] OK tunel vivo: https://criterion-england-questions-conservation.trycloudflare.com
[Mon Aug 31 21:21:01 CST 2026] OK tunel vivo: https://criterion-england-questions-conservation.trycloudflare.com
[Mon Aug 31 21:23:07 CST 2026] OK tunel vivo: https://criterion-england-questions-conservation.trycloudflare.com
[Mon Aug 31 21:29:01 CST 2026] OK tunel vivo: https://criterion-england-questions-conservation.trycloudflare.com
[Mon Aug 31 21:31:05 CST 2026] OK tunel vivo: https://criterion-england-questions-conservation.trycloudflare.com
[Mon Aug 31 21:33:10 CST 2026] TUNEL CAIDO (https://criterion-england-questions-conservation.trycloudflare.com). Relanzando monitor...
[Mon Aug 31 21:33:12 CST 2026] Monitor relanzado (pid 92111)
[Mon Aug 31 21:39:17 CST 2026] TUNEL CAIDO (https://obtained-vsnet-smooth-danny.trycloudflare.com). Relanzando monitor...
[Mon Aug 31 21:39:19 CST 2026] Monitor relanzado (pid 92762)
[Mon Aug 31 21:47:16 CST 2026] TUNEL CAIDO (https://cooling-implementing-beats-stockholm.trycloudflare.com). Relanzando monitor...
[Mon Aug 31 21:47:19 CST 2026] Monitor relanzado (pid 93426)
[Mon Aug 31 21:51:16 CST 2026] OK tunel vivo: https://surprising-due-karma-atmosphere.trycloudflare.com
[Mon Aug 31 21:53:07 CST 2026] OK tunel vivo: https://surprising-due-karma-atmosphere.trycloudflare.com
[Mon Aug 31 21:55:14 CST 2026] TUNEL CAIDO (https://surprising-due-karma-atmosphere.trycloudflare.com). Relanzando monitor...
[Mon Aug 31 21:55:16 CST 2026] Monitor relanzado (pid 94009)
[Mon Aug 31 21:58:33 CST 2026] OK tunel vivo: https://gary-judy-blocking-nine.trycloudflare.com
[Mon Aug 31 22:00:25 CST 2026] OK tunel vivo: https://gary-judy-blocking-nine.trycloudflare.com
[Mon Aug 31 22:02:28 CST 2026] TUNEL CAIDO (https://gary-judy-blocking-nine.trycloudflare.com). Relanzando monitor...
[Mon Aug 31 22:02:31 CST 2026] Monitor relanzado (pid 94977)
[Mon Aug 31 22:04:35 CST 2026] OK tunel vivo: https://gary-judy-blocking-nine.trycloudflare.com
[Mon Aug 31 22:10:22 CST 2026] OK tunel vivo: https://gary-judy-blocking-nine.trycloudflare.com
[Mon Aug 31 22:12:25 CST 2026] OK tunel vivo: https://gary-judy-blocking-nine.trycloudflare.com
[Mon Aug 31 22:14:20 CST 2026] OK tunel vivo: https://gary-judy-blocking-nine.trycloudflare.com
[Mon Aug 31 22:16:21 CST 2026] OK tunel vivo: https://gary-judy-blocking-nine.trycloudflare.com
[Mon Aug 31 22:18:24 CST 2026] TUNEL CAIDO (https://gary-judy-blocking-nine.trycloudflare.com). Relanzando monitor...
[Mon Aug 31 22:18:26 CST 2026] Monitor relanzado (pid 96123)
[Mon Aug 31 22:22:33 CST 2026] TUNEL CAIDO (https://apartments-importantly-exists-moss.trycloudflare.com). Relanzando monitor...
[Mon Aug 31 22:22:36 CST 2026] Monitor relanzado (pid 96550)
[Mon Aug 31 22:26:34 CST 2026] TUNEL CAIDO (https://weekend-defence-organizational-styles.trycloudflare.com). Relanzando monitor...
[Mon Aug 31 22:26:37 CST 2026] Monitor relanzado (pid 96935)
[Mon Aug 31 22:28:28 CST 2026] OK tunel vivo: https://resources-sol-nose-circus.trycloudflare.com
[Mon Aug 31 22:30:34 CST 2026] TUNEL CAIDO (https://resources-sol-nose-circus.trycloudflare.com). Relanzando monitor...
[Mon Aug 31 22:30:36 CST 2026] Monitor relanzado (pid 97411)
[Mon Aug 31 22:33:19 CST 2026] TUNEL CAIDO (https://relevance-stadium-thereby-ons.trycloudflare.com). Relanzando monitor...
[Mon Aug 31 22:33:23 CST 2026] Monitor relanzado (pid 97705)
[Mon Aug 31 22:37:00 CST 2026] TUNEL CAIDO (https://trusted-coat-ran-expenditures.trycloudflare.com). Relanzando monitor...
[Mon Aug 31 22:37:05 CST 2026] Monitor relanzado (pid 98072)
[Mon Aug 31 22:43:24 CST 2026] OK tunel vivo: https://causes-aug-cdt-fee.trycloudflare.com
[Mon Aug 31 22:49:15 CST 2026] OK tunel vivo: https://causes-aug-cdt-fee.trycloudflare.com
[Mon Aug 31 22:53:18 CST 2026] OK tunel vivo: https://causes-aug-cdt-fee.trycloudflare.com
[Mon Aug 31 22:59:31 CST 2026] TUNEL CAIDO (https://causes-aug-cdt-fee.trycloudflare.com). Relanzando monitor...
[Mon Aug 31 22:59:34 CST 2026] Monitor relanzado (pid 382)
[Mon Aug 31 23:04:17 CST 2026] TUNEL CAIDO (https://someone-items-skill-statement.trycloudflare.com). Relanzando monitor...
[Mon Aug 31 23:04:19 CST 2026] Monitor relanzado (pid 925)
[Mon Aug 31 23:10:53 CST 2026] OK tunel vivo: https://light-aware-uri-applications.trycloudflare.com
[Mon Aug 31 23:16:48 CST 2026] OK tunel vivo: https://light-aware-uri-applications.trycloudflare.com
[Mon Aug 31 23:19:00 CST 2026] TUNEL CAIDO (https://light-aware-uri-applications.trycloudflare.com). Relanzando monitor...
[Mon Aug 31 23:19:03 CST 2026] Monitor relanzado (pid 2266)
[Mon Aug 31 23:25:02 CST 2026] TUNEL CAIDO (https://toolkit-nicole-market-object.trycloudflare.com). Relanzando monitor...
[Mon Aug 31 23:25:05 CST 2026] Monitor relanzado (pid 2873)
[Mon Aug 31 23:27:00 CST 2026] OK tunel vivo: https://legend-alexandria-stack-auditor.trycloudflare.com
[Mon Aug 31 23:28:54 CST 2026] OK tunel vivo: https://legend-alexandria-stack-auditor.trycloudflare.com
[Mon Aug 31 23:30:56 CST 2026] OK tunel vivo: https://legend-alexandria-stack-auditor.trycloudflare.com
[Mon Aug 31 23:33:22 CST 2026] TUNEL CAIDO (https://legend-alexandria-stack-auditor.trycloudflare.com). Relanzando monitor...
[Mon Aug 31 23:33:24 CST 2026] Monitor relanzado (pid 3571)
[Tue Sep  1 00:06:32 CST 2026] OK tunel vivo: https://charged-complications-psp-detected.trycloudflare.com
[Tue Sep  1 00:08:30 CST 2026] OK tunel vivo: https://charged-complications-psp-detected.trycloudflare.com
[Tue Sep  1 00:10:35 CST 2026] TUNEL CAIDO (https://charged-complications-psp-detected.trycloudflare.com). Relanzando monitor...
[Tue Sep  1 00:10:37 CST 2026] Monitor relanzado (pid 7284)
[Tue Sep  1 00:12:37 CST 2026] OK tunel vivo: https://charged-complications-psp-detected.trycloudflare.com
[Tue Sep  1 00:16:39 CST 2026] OK tunel vivo: https://dispatched-need-searching-webcast.trycloudflare.com
[Tue Sep  1 00:18:34 CST 2026] OK tunel vivo: https://dispatched-need-searching-webcast.trycloudflare.com
[Tue Sep  1 00:20:37 CST 2026] OK tunel vivo: https://dispatched-need-searching-webcast.trycloudflare.com
[Tue Sep  1 00:22:37 CST 2026] OK tunel vivo: https://dispatched-need-searching-webcast.trycloudflare.com
[Tue Sep  1 00:24:41 CST 2026] OK tunel vivo: https://dispatched-need-searching-webcast.trycloudflare.com
[Tue Sep  1 00:26:40 CST 2026] OK tunel vivo: https://dispatched-need-searching-webcast.trycloudflare.com
[Tue Sep  1 00:28:41 CST 2026] TUNEL CAIDO (https://dispatched-need-searching-webcast.trycloudflare.com). Relanzando monitor...
[Tue Sep  1 00:28:43 CST 2026] Monitor relanzado (pid 8706)
[Tue Sep  1 00:30:43 CST 2026] OK tunel vivo: https://forget-rosa-editors-liverpool.trycloudflare.com
[Tue Sep  1 00:32:41 CST 2026] OK tunel vivo: https://forget-rosa-editors-liverpool.trycloudflare.com
[Tue Sep  1 00:34:46 CST 2026] TUNEL CAIDO (https://forget-rosa-editors-liverpool.trycloudflare.com). Relanzando monitor...
[Tue Sep  1 00:34:48 CST 2026] Monitor relanzado (pid 9471)
[Tue Sep  1 00:38:37 CST 2026] OK tunel vivo: https://week-downtown-breeds-generations.trycloudflare.com
[Tue Sep  1 00:40:36 CST 2026] OK tunel vivo: https://week-downtown-breeds-generations.trycloudflare.com
[Tue Sep  1 00:42:35 CST 2026] OK tunel vivo: https://week-downtown-breeds-generations.trycloudflare.com
[Tue Sep  1 00:44:35 CST 2026] OK tunel vivo: https://week-downtown-breeds-generations.trycloudflare.com
[Tue Sep  1 00:46:39 CST 2026] TUNEL CAIDO (https://week-downtown-breeds-generations.trycloudflare.com). Relanzando monitor...
[Tue Sep  1 00:46:42 CST 2026] Monitor relanzado (pid 10330)
[Tue Sep  1 00:50:46 CST 2026] TUNEL CAIDO (https://controllers-xml-counsel-fighter.trycloudflare.com). Relanzando monitor...
[Tue Sep  1 00:50:48 CST 2026] Monitor relanzado (pid 10818)
[Tue Sep  1 00:52:40 CST 2026] OK tunel vivo: https://all-generous-backed-threaded.trycloudflare.com
[Tue Sep  1 00:54:46 CST 2026] TUNEL CAIDO (https://all-generous-backed-threaded.trycloudflare.com). Relanzando monitor...
[Tue Sep  1 00:54:48 CST 2026] Monitor relanzado (pid 11179)
[Tue Sep  1 00:56:38 CST 2026] OK tunel vivo: https://obligations-sorted-lawsuit-outreach.trycloudflare.com
[Tue Sep  1 01:02:46 CST 2026] TUNEL CAIDO (https://obligations-sorted-lawsuit-outreach.trycloudflare.com). Relanzando monitor...
[Tue Sep  1 01:02:48 CST 2026] Monitor relanzado (pid 11879)
[Tue Sep  1 01:04:41 CST 2026] OK tunel vivo: https://pharmaceuticals-filme-among-optimize.trycloudflare.com
[Tue Sep  1 01:08:52 CST 2026] TUNEL CAIDO (https://pharmaceuticals-filme-among-optimize.trycloudflare.com). Relanzando monitor...
[Tue Sep  1 01:08:54 CST 2026] Monitor relanzado (pid 12449)
[Tue Sep  1 01:11:24 CST 2026] TUNEL CAIDO (https://jewel-alternatives-core-measured.trycloudflare.com). Relanzando monitor...
[Tue Sep  1 01:11:28 CST 2026] Monitor relanzado (pid 12658)
[Tue Sep  1 01:14:37 CST 2026] TUNEL CAIDO (https://expressions-hull-mass-clocks.trycloudflare.com). Relanzando monitor...
[Tue Sep  1 01:14:39 CST 2026] Monitor relanzado (pid 12949)
[Tue Sep  1 01:16:35 CST 2026] OK tunel vivo: https://singer-lenders-hear-runs.trycloudflare.com
[Tue Sep  1 01:18:38 CST 2026] OK tunel vivo: https://singer-lenders-hear-runs.trycloudflare.com
[Tue Sep  1 01:20:41 CST 2026] TUNEL CAIDO (https://singer-lenders-hear-runs.trycloudflare.com). Relanzando monitor...
[Tue Sep  1 01:20:44 CST 2026] Monitor relanzado (pid 13499)
[Tue Sep  1 01:23:00 CST 2026] TUNEL CAIDO (https://blackjack-expression-heavy-presently.trycloudflare.com). Relanzando monitor...
[Tue Sep  1 01:23:02 CST 2026] Monitor relanzado (pid 13791)
[Tue Sep  1 01:24:40 CST 2026] OK tunel vivo: https://veterans-artwork-cruises-belts.trycloudflare.com
[Tue Sep  1 01:30:36 CST 2026] OK tunel vivo: https://veterans-artwork-cruises-belts.trycloudflare.com
[Tue Sep  1 01:32:39 CST 2026] OK tunel vivo: https://veterans-artwork-cruises-belts.trycloudflare.com
[Tue Sep  1 01:34:40 CST 2026] OK tunel vivo: https://veterans-artwork-cruises-belts.trycloudflare.com
[Tue Sep  1 01:36:39 CST 2026] OK tunel vivo: https://veterans-artwork-cruises-belts.trycloudflare.com
[Tue Sep  1 01:38:42 CST 2026] OK tunel vivo: https://veterans-artwork-cruises-belts.trycloudflare.com
[Tue Sep  1 01:40:51 CST 2026] TUNEL CAIDO (https://veterans-artwork-cruises-belts.trycloudflare.com). Relanzando monitor...
[Tue Sep  1 01:40:53 CST 2026] Monitor relanzado (pid 15058)
[Tue Sep  1 01:42:53 CST 2026] OK tunel vivo: https://veterans-artwork-cruises-belts.trycloudflare.com
[Tue Sep  1 01:46:48 CST 2026] OK tunel vivo: https://veterans-artwork-cruises-belts.trycloudflare.com
[Tue Sep  1 01:48:48 CST 2026] OK tunel vivo: https://veterans-artwork-cruises-belts.trycloudflare.com
[Tue Sep  1 01:50:54 CST 2026] OK tunel vivo: https://veterans-artwork-cruises-belts.trycloudflare.com
[Tue Sep  1 01:52:45 CST 2026] OK tunel vivo: https://veterans-artwork-cruises-belts.trycloudflare.com
[Tue Sep  1 01:54:45 CST 2026] OK tunel vivo: https://veterans-artwork-cruises-belts.trycloudflare.com
[Tue Sep  1 01:56:46 CST 2026] OK tunel vivo: https://veterans-artwork-cruises-belts.trycloudflare.com
[Tue Sep  1 01:58:48 CST 2026] TUNEL CAIDO (https://veterans-artwork-cruises-belts.trycloudflare.com). Relanzando monitor...
[Tue Sep  1 01:58:51 CST 2026] Monitor relanzado (pid 16541)
[Tue Sep  1 02:00:48 CST 2026] OK tunel vivo: https://upgrading-runs-another-detector.trycloudflare.com
[Tue Sep  1 02:03:00 CST 2026] OK tunel vivo: https://upgrading-runs-another-detector.trycloudflare.com
[Tue Sep  1 02:06:52 CST 2026] OK tunel vivo: https://upgrading-runs-another-detector.trycloudflare.com
[Tue Sep  1 02:09:00 CST 2026] TUNEL CAIDO (https://upgrading-runs-another-detector.trycloudflare.com). Relanzando monitor...
[Tue Sep  1 02:09:02 CST 2026] Monitor relanzado (pid 17168)
[Tue Sep  1 02:10:58 CST 2026] OK tunel vivo: https://victor-impressive-sig-membership.trycloudflare.com
[Tue Sep  1 02:12:49 CST 2026] OK tunel vivo: https://victor-impressive-sig-membership.trycloudflare.com
[Tue Sep  1 02:15:01 CST 2026] OK tunel vivo: https://victor-impressive-sig-membership.trycloudflare.com
[Tue Sep  1 02:16:52 CST 2026] OK tunel vivo: https://victor-impressive-sig-membership.trycloudflare.com
[Tue Sep  1 02:18:52 CST 2026] OK tunel vivo: https://victor-impressive-sig-membership.trycloudflare.com
[Tue Sep  1 02:20:56 CST 2026] OK tunel vivo: https://victor-impressive-sig-membership.trycloudflare.com
[Tue Sep  1 02:22:55 CST 2026] OK tunel vivo: https://victor-impressive-sig-membership.trycloudflare.com
[Tue Sep  1 02:24:55 CST 2026] OK tunel vivo: https://victor-impressive-sig-membership.trycloudflare.com
[Tue Sep  1 02:26:56 CST 2026] OK tunel vivo: https://victor-impressive-sig-membership.trycloudflare.com
[Tue Sep  1 02:28:51 CST 2026] OK tunel vivo: https://victor-impressive-sig-membership.trycloudflare.com
[Tue Sep  1 02:30:53 CST 2026] OK tunel vivo: https://victor-impressive-sig-membership.trycloudflare.com
[Tue Sep  1 02:32:54 CST 2026] OK tunel vivo: https://victor-impressive-sig-membership.trycloudflare.com
[Tue Sep  1 02:34:58 CST 2026] OK tunel vivo: https://victor-impressive-sig-membership.trycloudflare.com
[Tue Sep  1 02:37:01 CST 2026] OK tunel vivo: https://victor-impressive-sig-membership.trycloudflare.com
[Tue Sep  1 02:38:57 CST 2026] OK tunel vivo: https://victor-impressive-sig-membership.trycloudflare.com
[Tue Sep  1 02:41:06 CST 2026] TUNEL CAIDO (https://victor-impressive-sig-membership.trycloudflare.com). Relanzando monitor...
[Tue Sep  1 02:41:09 CST 2026] Monitor relanzado (pid 19299)
[Tue Sep  1 02:45:12 CST 2026] TUNEL CAIDO (https://robbie-coalition-withdrawal-heritage.trycloudflare.com). Relanzando monitor...
[Tue Sep  1 02:45:14 CST 2026] Monitor relanzado (pid 19631)
[Tue Sep  1 02:49:12 CST 2026] TUNEL CAIDO (https://boundaries-successfully-physicians-trusts.trycloudflare.com). Relanzando monitor...
[Tue Sep  1 02:49:14 CST 2026] Monitor relanzado (pid 20731)
[Tue Sep  1 02:52:56 CST 2026] OK tunel vivo: https://dist-pgp-mills-nearly.trycloudflare.com
[Tue Sep  1 02:54:32 CST 2026] TUNEL CAIDO (https://dist-pgp-mills-nearly.trycloudflare.com). Relanzando monitor...
[Tue Sep  1 02:54:35 CST 2026] Monitor relanzado (pid 27955)
[Tue Sep  1 02:56:30 CST 2026] OK tunel vivo: https://decade-remedies-vocational-celtic.trycloudflare.com
[Tue Sep  1 02:58:28 CST 2026] OK tunel vivo: https://decade-remedies-vocational-celtic.trycloudflare.com
[Tue Sep  1 03:03:18 CST 2026] TUNEL CAIDO (https://decade-remedies-vocational-celtic.trycloudflare.com). Relanzando monitor...
[Tue Sep  1 03:03:20 CST 2026] Monitor relanzado (pid 28715)
[Tue Sep  1 03:07:04 CST 2026] TUNEL CAIDO (https://operation-notre-peripherals-pst.trycloudflare.com). Relanzando monitor...
[Tue Sep  1 03:07:06 CST 2026] Monitor relanzado (pid 29003)
[Tue Sep  1 03:09:04 CST 2026] OK tunel vivo: https://season-adaptation-restructuring-drag.trycloudflare.com
[Tue Sep  1 03:11:04 CST 2026] OK tunel vivo: https://season-adaptation-restructuring-drag.trycloudflare.com
[Tue Sep  1 03:12:56 CST 2026] OK tunel vivo: https://season-adaptation-restructuring-drag.trycloudflare.com
[Tue Sep  1 03:15:00 CST 2026] OK tunel vivo: https://season-adaptation-restructuring-drag.trycloudflare.com
[Tue Sep  1 03:17:01 CST 2026] OK tunel vivo: https://season-adaptation-restructuring-drag.trycloudflare.com
[Tue Sep  1 03:19:04 CST 2026] OK tunel vivo: https://season-adaptation-restructuring-drag.trycloudflare.com
[Tue Sep  1 03:21:05 CST 2026] OK tunel vivo: https://season-adaptation-restructuring-drag.trycloudflare.com
[Tue Sep  1 03:23:01 CST 2026] OK tunel vivo: https://season-adaptation-restructuring-drag.trycloudflare.com
[Tue Sep  1 03:24:32 CST 2026] OK tunel vivo: https://season-adaptation-restructuring-drag.trycloudflare.com
[Tue Sep  1 03:26:18 CST 2026] OK tunel vivo: https://season-adaptation-restructuring-drag.trycloudflare.com
[Tue Sep  1 03:28:19 CST 2026] OK tunel vivo: https://season-adaptation-restructuring-drag.trycloudflare.com
[Tue Sep  1 03:30:19 CST 2026] OK tunel vivo: https://season-adaptation-restructuring-drag.trycloudflare.com
[Tue Sep  1 03:32:18 CST 2026] OK tunel vivo: https://season-adaptation-restructuring-drag.trycloudflare.com
[Tue Sep  1 03:34:22 CST 2026] OK tunel vivo: https://season-adaptation-restructuring-drag.trycloudflare.com
